transport_type,route_id,origin_station,destination_station,weather_condition,event_type,season,day_of_week,temperature_C,humidity_percent,wind_speed_kmh,precipitation_mm,traffic_congestion_index,holiday,peak_hour,event_attendance_est,log_event_attendance,has_event,year,month,day_of_month,weekday_num,is_weekend,quarter,departure_hour,departure_minute,arrival_hour,arrival_minute,departure_minutes,arrival_minutes,scheduled_trip_duration_min,departure_hour_sin,departure_hour_cos
Metro,Route_5,Station_45,Station_13,Clear,Unknown / Missing Event,Autumn,Monday,26.6,40,22,7.3,56,0,0,0,0.0,0,2023,1,9,0,0,1,3,2,3,30,182,210,28,0.7132504491541816,0.7009092642998509
Tram,Route_8,Station_15,Station_39,Storm,Unknown / Missing Event,Winter,Monday,0.4,73,27,16.2,57,1,0,0,0.0,0,2023,1,16,0,0,1,19,31,20,17,1171,1217,46,-0.9222009716704518,0.3867109616368206
Train,Route_4,Station_42,Station_26,Fog,Unknown / Missing Event,Spring,Friday,28.5,59,55,8.2,66,0,0,0,0.0,0,2023,1,13,4,0,1,3,45,4,30,225,270,45,0.8314696123025452,0.5555702330196023
Train,Route_1,Station_31,Station_14,Snow,Concert,Autumn,Thursday,14.8,57,0,19.6,65,0,1,0,0.0,0,2023,1,12,3,0,1,16,16,16,44,976,1004,28,-0.8987940462991668,-0.43837114678907774
Bus,Route_3,Station_3,Station_24,Storm,Concert,Autumn,Tuesday,-4.3,80,4,6.6,92,0,0,500,6.2166061010848646,1,2023,1,17,1,0,1,8,33,9,12,513,552,39,0.7853169308807448,-0.6190939493098341
Tram,Route_11,Station_40,Station_15,Snow,Unknown / Missing Event,Winter,Tuesday,34.1,46,52,15.7,37,0,1,0,0.0,0,2023,1,17,1,0,1,2,31,3,24,151,204,53,0.6122172800344493,0.7906895737438434
Train,Route_5,Station_2,Station_30,Clear,Unknown / Missing Event,Spring,Thursday,4.3,88,32,1.2,76,0,0,500,6.2166061010848646,1,2023,1,12,3,0,1,17,45,18,26,1065,1106,41,-0.9978589232386035,-0.06540312923014362
Train,Route_11,Station_18,Station_36,Storm,Festival,Spring,Wednesday,26.3,34,52,13.7,91,0,1,500,6.2166061010848646,1,2023,1,18,2,0,1,2,15,2,40,135,160,25,0.5555702330196022,0.8314696123025452
Bus,Route_6,Station_44,Station_44,Rain,Unknown / Missing Event,Summer,Monday,2.2,55,47,4.9,93,0,0,0,0.0,0,2023,1,16,0,0,1,0,16,0,46,16,46,30,0.0697564737441253,0.9975640502598242
Tram,Route_9,Station_25,Station_35,Rain,Festival,Autumn,Thursday,1.1,61,19,16.9,81,0,0,0,0.0,0,2023,1,12,3,0,1,2,30,2,50,150,170,20,0.6087614290087207,0.7933533402912352
Bus,Route_15,Station_49,Station_1,Clear,Sports,Winter,Friday,15.4,53,28,4.3,98,0,0,0,0.0,0,2023,1,20,4,0,1,22,2,22,28,1322,1348,26,-0.4924235601034673,0.8703556959398996
Tram,Route_19,Station_25,Station_30,Rain,Unknown / Missing Event,Spring,Friday,24.0,42,25,9.2,68,0,0,500,6.2166061010848646,1,2023,1,13,4,0,1,22,47,23,44,1367,1424,57,-0.31316380648375036,0.9496991262018767
Metro,Route_9,Station_21,Station_10,Fog,Unknown / Missing Event,Winter,Monday,2.5,66,53,6.7,38,0,0,0,0.0,0,2023,1,16,0,0,1,22,1,22,24,1321,1344,23,-0.49621650367520886,0.8681988144891419
Train,Route_10,Station_6,Station_13,Storm,Unknown / Missing Event,Winter,Friday,18.7,48,21,9.3,38,0,1,50000,10.819798284210286,1,2023,1,6,4,0,1,6,17,6,49,377,409,32,0.9972501850994857,-0.07410849019539922
Train,Route_9,Station_40,Station_50,Fog,Unknown / Missing Event,Summer,Saturday,17.8,74,6,11.1,60,0,0,10000,9.210440366976517,1,2023,1,7,5,1,1,11,46,12,6,706,726,20,0.06104853953485719,-0.9981347984218669
Metro,Route_14,Station_21,Station_7,Snow,Festival,Spring,Friday,31.8,99,46,6.8,57,0,0,50000,10.819798284210286,1,2023,1,20,4,0,1,1,1,1,26,61,86,25,0.2630312144579748,0.964787323828813
Tram,Route_18,Station_29,Station_29,Storm,Sports,Winter,Thursday,5.5,37,4,13.1,95,0,0,0,0.0,0,2023,1,5,3,0,1,21,4,21,31,1264,1291,27,-0.6946583704589976,0.7193398003386509
Tram,Route_6,Station_27,Station_35,Rain,Concert,Winter,Friday,31.4,87,29,6.3,13,0,0,0,0.0,0,2023,1,6,4,0,1,13,1,13,25,781,805,24,-0.26303121445797495,-0.9647873238288129
Bus,Route_16,Station_40,Station_20,Cloudy,Unknown / Missing Event,Autumn,Friday,11.0,77,19,15.3,29,0,0,2000,7.601402334583733,1,2023,1,6,4,0,1,7,1,7,40,421,460,39,0.964787323828813,-0.2630312144579746
Tram,Route_2,Station_30,Station_25,Storm,Unknown / Missing Event,Winter,Sunday,7.0,66,16,0.5,54,0,0,500,6.2166061010848646,1,2023,1,1,6,1,1,20,16,20,54,1216,1254,38,-0.8290375725550421,0.5591929034707462
Bus,Route_19,Station_31,Station_31,Storm,Unknown / Missing Event,Autumn,Friday,33.1,45,43,4.8,86,0,1,0,0.0,0,2023,1,20,4,0,1,11,46,12,41,706,761,55,0.06104853953485719,-0.9981347984218669
Bus,Route_3,Station_44,Station_37,Rain,Unknown / Missing Event,Spring,Monday,13.6,98,37,17.2,73,1,0,50000,10.819798284210286,1,2023,1,16,0,0,1,4,16,5,12,256,312,56,0.898794046299167,0.43837114678907746
Metro,Route_14,Station_47,Station_41,Snow,Unknown / Missing Event,Winter,Friday,9.3,42,25,6.0,76,0,0,0,0.0,0,2023,1,13,4,0,1,11,15,11,53,675,713,38,0.19509032201612816,-0.9807852804032304
Tram,Route_11,Station_20,Station_43,Cloudy,Festival,Winter,Tuesday,9.2,34,17,14.4,96,0,1,0,0.0,0,2023,1,10,1,0,1,15,1,15,52,901,952,51,-0.7101853756232851,-0.7040147244559687
Bus,Route_7,Station_8,Station_17,Fog,Unknown / Missing Event,Spring,Thursday,8.3,49,20,10.2,16,0,0,50000,10.819798284210286,1,2023,1,12,3,0,1,9,33,10,16,573,616,43,0.5983246005706592,-0.8012538126910606
Train,Route_11,Station_50,Station_9,Clear,Unknown / Missing Event,Winter,Thursday,3.8,54,11,3.1,66,1,0,0,0.0,0,2023,1,19,3,0,1,5,4,5,35,304,335,31,0.9702957262759965,0.2419218955996679
Bus,Route_7,Station_17,Station_18,Storm,Unknown / Missing Event,Spring,Sunday,5.5,40,40,15.0,52,0,1,50000,10.819798284210286,1,2023,1,8,6,1,1,8,3,8,22,483,502,19,0.8594064115014528,-0.5112930860770519
Bus,Route_14,Station_48,Station_18,Clear,Festival,Summer,Monday,3.1,35,17,12.9,68,0,0,0,0.0,0,2023,1,16,0,0,1,17,34,18,15,1054,1095,41,-0.9935718556765875,-0.11320321376790694
Metro,Route_18,Station_29,Station_45,Rain,Unknown / Missing Event,Summer,Sunday,30.6,63,41,3.3,78,0,0,50000,10.819798284210286,1,2023,1,8,6,1,1,15,48,16,35,948,995,47,-0.8386705679454242,-0.544639035015027
Tram,Route_16,Station_46,Station_44,Storm,Unknown / Missing Event,Summer,Thursday,23.7,96,46,7.4,39,0,1,500,6.2166061010848646,1,2023,1,5,3,0,1,22,46,23,26,1366,1406,40,-0.31730465640509187,0.9483236552061994
Train,Route_10,Station_6,Station_46,Fog,Unknown / Missing Event,Winter,Tuesday,26.2,80,43,1.1,48,0,0,0,0.0,0,2023,1,10,1,0,1,1,17,2,7,77,127,50,0.3296906452627873,0.9440890203927842
Tram,Route_15,Station_47,Station_23,Rain,Unknown / Missing Event,Summer,Friday,32.6,57,5,7.8,27,0,0,0,0.0,0,2023,1,20,4,0,1,17,2,17,31,1022,1051,29,-0.9681476403781076,-0.25038000405444183
Tram,Route_5,Station_31,Station_12,Cloudy,Unknown / Missing Event,Summer,Friday,28.1,84,9,12.6,77,0,0,10000,9.210440366976517,1,2023,1,6,4,0,1,16,16,16,52,976,1012,36,-0.8987940462991668,-0.43837114678907774
Train,Route_3,Station_40,Station_41,Fog,Unknown / Missing Event,Summer,Monday,34.6,60,51,4.5,23,0,0,10000,9.210440366976517,1,2023,1,16,0,0,1,18,18,18,37,1098,1117,19,-0.9969173337331281,0.07845909572784432
Tram,Route_1,Station_46,Station_5,Clear,Unknown / Missing Event,Autumn,Friday,4.9,87,33,18.8,36,0,0,2000,7.601402334583733,1,2023,1,13,4,0,1,14,1,14,52,841,892,51,-0.5037739770455262,-0.8638355052043958
Metro,Route_11,Station_22,Station_35,Cloudy,Unknown / Missing Event,Summer,Friday,17.8,59,56,9.9,20,0,0,500,6.2166061010848646,1,2023,1,13,4,0,1,15,16,15,57,916,957,41,-0.7547095802227717,-0.6560590289905077
Metro,Route_17,Station_10,Station_19,Storm,Unknown / Missing Event,Autumn,Wednesday,6.0,31,37,7.9,20,0,0,0,0.0,0,2023,1,11,2,0,1,10,2,10,36,602,636,34,0.49242356010346716,-0.8703556959398997
Tram,Route_3,Station_17,Station_49,Cloudy,Unknown / Missing Event,Autumn,Wednesday,3.0,76,24,11.3,62,0,0,0,0.0,0,2023,1,11,2,0,1,5,48,6,15,348,375,27,0.9986295347545738,0.052335956242943966
Bus,Route_10,Station_12,Station_23,Storm,Concert,Autumn,Tuesday,5.8,65,49,14.6,89,0,0,0,0.0,0,2023,1,10,1,0,1,16,49,17,34,1009,1054,45,-0.9523957996432783,-0.3048642990280112
Metro,Route_3,Station_38,Station_25,Clear,Sports,Spring,Monday,21.2,53,37,6.7,59,0,1,0,0.0,0,2023,1,9,0,0,1,8,34,9,20,514,560,46,0.782608156852414,-0.6225146366376194
Train,Route_11,Station_13,Station_32,Snow,Unknown / Missing Event,Spring,Friday,31.4,42,34,11.9,42,0,1,0,0.0,0,2023,1,20,4,0,1,9,16,10,9,556,609,53,0.6560590289905073,-0.754709580222772
Bus,Route_12,Station_48,Station_34,Fog,Unknown / Missing Event,Spring,Sunday,3.2,60,2,13.5,81,0,0,0,0.0,0,2023,1,1,6,1,1,23,3,23,42,1383,1422,39,-0.24615329302899291,0.9692309097067544
Bus,Route_5,Station_5,Station_23,Storm,Unknown / Missing Event,Spring,Thursday,-0.0,80,29,14.7,62,0,1,10000,9.210440366976517,1,2023,1,5,3,0,1,15,19,16,3,919,963,44,-0.7632324697825289,-0.6461239796429639
Train,Route_19,Station_19,Station_14,Clear,Unknown / Missing Event,Winter,Saturday,25.3,52,43,7.2,47,0,0,0,0.0,0,2023,1,7,5,1,1,14,32,15,28,872,928,56,-0.6156614753256578,-0.7880107536067222
Bus,Route_19,Station_23,Station_2,Rain,Parade,Autumn,Thursday,1.0,47,12,6.6,57,0,0,0,0.0,0,2023,1,19,3,0,1,16,2,16,52,962,1012,50,-0.8703556959398996,-0.4924235601034672
Tram,Route_14,Station_18,Station_5,Fog,Festival,Spring,Monday,32.4,83,55,3.2,49,0,0,50000,10.819798284210286,1,2023,1,9,0,0,1,20,4,20,22,1204,1222,18,-0.8571673007021123,0.5150380749100542
Metro,Route_3,Station_28,Station_17,Storm,Concert,Summer,Monday,31.2,97,49,14.0,27,0,1,0,0.0,0,2023,1,2,0,0,1,10,34,11,19,634,679,45,0.36650122672429714,-0.9304175679820246
Train,Route_17,Station_41,Station_13,Rain,Festival,Spring,Monday,-3.6,82,15,12.8,30,0,0,0,0.0,0,2023,1,2,0,0,1,23,15,23,54,1395,1434,39,-0.19509032201612872,0.9807852804032303
Tram,Route_3,Station_6,Station_13,Cloudy,Parade,Winter,Sunday,27.7,91,19,5.1,24,0,1,0,0.0,0,2023,1,8,6,1,1,22,0,22,35,1320,1355,35,-0.5000000000000004,0.8660254037844384
Bus,Route_9,Station_21,Station_12,Cloudy,Unknown / Missing Event,Autumn,Friday,26.0,93,39,6.5,21,0,0,0,0.0,0,2023,1,6,4,0,1,8,2,8,52,482,532,50,0.8616291604415257,-0.5075383629607043
Train,Route_9,Station_44,Station_42,Snow,Festival,Winter,Sunday,0.0,89,44,15.4,12,0,1,0,0.0,0,2023,1,22,6,1,1,0,3,0,41,3,41,38,0.01308959557134444,0.999914327574007
Metro,Route_3,Station_17,Station_5,Snow,Concert,Summer,Thursday,7.8,45,42,11.6,24,0,0,0,0.0,0,2023,1,5,3,0,1,13,32,13,58,812,838,26,-0.39073112848927355,-0.9205048534524404
Train,Route_6,Station_48,Station_23,Clear,Unknown / Missing Event,Spring,Monday,-4.0,37,15,15.4,93,0,0,0,0.0,0,2023,1,9,0,0,1,1,18,1,36,78,96,18,0.3338068592337709,0.9426414910921784
Train,Route_20,Station_50,Station_28,Rain,Unknown / Missing Event,Autumn,Saturday,4.0,86,18,13.7,43,0,1,0,0.0,0,2023,1,21,5,1,1,21,0,21,35,1260,1295,35,-0.7071067811865477,0.7071067811865474
Train,Route_15,Station_21,Station_10,Cloudy,Sports,Autumn,Sunday,4.4,43,38,10.2,77,0,0,10000,9.210440366976517,1,2023,1,1,6,1,1,17,1,17,50,1021,1070,49,-0.9670459389139431,-0.25460194820552773
Tram,Route_3,Station_9,Station_22,Cloudy,Unknown / Missing Event,Autumn,Tuesday,8.8,94,45,0.8,45,0,0,0,0.0,0,2023,1,10,1,0,1,3,15,4,11,195,251,56,0.7518398074789773,0.659345815100069
Tram,Route_20,Station_9,Station_26,Fog,Unknown / Missing Event,Spring,Tuesday,31.7,56,8,12.9,85,1,0,2000,7.601402334583733,1,2023,1,10,1,0,1,1,1,1,46,61,106,45,0.2630312144579748,0.964787323828813
Bus,Route_6,Station_29,Station_34,Snow,Parade,Spring,Sunday,31.9,51,24,1.3,32,0,0,0,0.0,0,2023,1,15,6,1,1,13,18,14,14,798,854,56,-0.3338068592337705,-0.9426414910921785
Train,Route_15,Station_41,Station_33,Snow,Parade,Summer,Thursday,5.7,82,29,1.3,55,0,0,50000,10.819798284210286,1,2023,1,5,3,0,1,21,34,21,58,1294,1318,24,-0.594822786751341,0.8038568606172175
Bus,Route_11,Station_36,Station_38,Rain,Festival,Spring,Friday,33.9,90,46,15.0,31,0,0,0,0.0,0,2023,1,6,4,0,1,10,16,10,40,616,640,24,0.4383711467890773,-0.898794046299167
Train,Route_9,Station_41,Station_23,Storm,Concert,Summer,Wednesday,32.8,86,53,8.5,38,0,0,0,0.0,0,2023,1,18,2,0,1,17,18,17,59,1038,1079,41,-0.9832549075639545,-0.18223552549214778
Tram,Route_10,Station_3,Station_2,Clear,Unknown / Missing Event,Summer,Wednesday,0.0,92,17,6.4,98,0,0,0,0.0,0,2023,1,11,2,0,1,22,34,22,58,1354,1378,24,-0.36650122672429725,0.9304175679820246
Tram,Route_4,Station_43,Station_47,Fog,Unknown / Missing Event,Spring,Sunday,13.9,90,15,11.1,1,0,0,2000,7.601402334583733,1,2023,1,1,6,1,1,17,32,17,58,1052,1078,26,-0.9925461516413221,-0.12186934340514717
Tram,Route_2,Station_5,Station_46,Rain,Unknown / Missing Event,Autumn,Saturday,14.0,58,0,2.2,12,0,0,500,6.2166061010848646,1,2023,1,21,5,1,1,23,1,23,47,1381,1427,46,-0.2546019482055278,0.9670459389139431
Bus,Route_20,Station_3,Station_2,Rain,Unknown / Missing Event,Summer,Tuesday,4.8,88,35,13.1,44,0,1,0,0.0,0,2023,1,17,1,0,1,8,0,8,35,480,515,35,0.8660254037844387,-0.4999999999999998
Metro,Route_8,Station_32,Station_37,Rain,Unknown / Missing Event,Autumn,Wednesday,25.8,91,45,11.5,7,0,0,2000,7.601402334583733,1,2023,1,4,2,0,1,16,47,17,8,1007,1028,21,-0.9496991262018767,-0.3131638064837503
Bus,Route_17,Station_15,Station_8,Cloudy,Festival,Winter,Thursday,8.8,32,45,10.5,88,1,0,500,6.2166061010848646,1,2023,1,19,3,0,1,20,33,21,0,1233,1260,27,-0.785316930880745,0.619093949309834
Train,Route_7,Station_41,Station_29,Storm,Concert,Autumn,Sunday,15.7,43,58,17.1,6,0,0,0,0.0,0,2023,1,8,6,1,1,22,18,22,50,1338,1370,32,-0.4305110968082952,0.9025852843498606
Bus,Route_14,Station_4,Station_28,Rain,Unknown / Missing Event,Spring,Tuesday,31.0,91,20,14.5,96,0,0,0,0.0,0,2023,1,10,1,0,1,9,3,9,52,543,592,49,0.6977904598416802,-0.7163019434246543
Bus,Route_12,Station_16,Station_31,Storm,Sports,Autumn,Thursday,3.6,39,32,12.2,66,1,0,2000,7.601402334583733,1,2023,1,19,3,0,1,12,18,12,52,738,772,34,-0.07845909572784482,-0.996917333733128
Metro,Route_15,Station_44,Station_32,Clear,Unknown / Missing Event,Spring,Sunday,12.0,86,14,15.3,72,0,1,0,0.0,0,2023,1,8,6,1,1,17,31,17,56,1051,1076,25,-0.992004949679715,-0.12619896913583006
Train,Route_11,Station_21,Station_35,Cloudy,Unknown / Missing Event,Summer,Friday,11.9,79,45,2.5,97,1,0,2000,7.601402334583733,1,2023,1,20,4,0,1,14,49,15,44,889,944,55,-0.6723668074346678,-0.7402181274868322
Bus,Route_12,Station_43,Station_22,Storm,Concert,Summer,Wednesday,16.2,67,46,15.5,63,0,0,0,0.0,0,2023,1,4,2,0,1,5,30,6,27,330,387,57,0.9914448613738104,0.1305261922200517
Train,Route_7,Station_23,Station_3,Clear,Unknown / Missing Event,Winter,Monday,12.1,40,5,19.9,87,0,0,500,6.2166061010848646,1,2023,1,16,0,0,1,14,31,15,13,871,913,42,-0.6122172800344491,-0.7906895737438435
Metro,Route_11,Station_5,Station_2,Fog,Unknown / Missing Event,Summer,Wednesday,29.9,96,12,4.2,36,0,1,10000,9.210440366976517,1,2023,1,4,2,0,1,1,0,1,38,60,98,38,0.25881904510252074,0.9659258262890683
Bus,Route_2,Station_34,Station_22,Cloudy,Unknown / Missing Event,Summer,Friday,18.4,67,39,17.7,34,0,0,50000,10.819798284210286,1,2023,1,6,4,0,1,2,34,3,21,154,201,47,0.6225146366376196,0.7826081568524139
Metro,Route_9,Station_3,Station_47,Clear,Unknown / Missing Event,Spring,Monday,12.3,58,23,9.7,2,1,1,2000,7.601402334583733,1,2023,1,2,0,0,1,17,4,17,53,1024,1073,49,-0.9702957262759965,-0.24192189559966779
Tram,Route_6,Station_46,Station_47,Cloudy,Unknown / Missing Event,Summer,Monday,7.4,69,4,2.5,71,0,1,500,6.2166061010848646,1,2023,1,9,0,0,1,23,48,0,40,1428,40,52,-0.05233595624294437,0.9986295347545738
Train,Route_15,Station_31,Station_33,Snow,Festival,Winter,Monday,23.0,30,57,5.2,94,0,0,0,0.0,0,2023,1,16,0,0,1,15,31,16,19,931,979,48,-0.7960020025346223,-0.6052939880428941
Bus,Route_9,Station_19,Station_2,Cloudy,Unknown / Missing Event,Spring,Monday,11.6,34,0,15.5,72,0,0,0,0.0,0,2023,1,9,0,0,1,21,33,22,20,1293,1340,47,-0.5983246005706593,0.8012538126910604
Metro,Route_2,Station_9,Station_25,Snow,Protest,Winter,Wednesday,24.2,40,11,7.1,66,0,0,0,0.0,0,2023,1,4,2,0,1,20,32,21,10,1232,1270,38,-0.7880107536067218,0.6156614753256585
Train,Route_13,Station_46,Station_16,Clear,Unknown / Missing Event,Summer,Sunday,32.9,59,37,3.4,35,0,1,0,0.0,0,2023,1,15,6,1,1,20,31,21,24,1231,1284,53,-0.7906895737438435,0.612217280034449
Bus,Route_14,Station_23,Station_17,Rain,Unknown / Missing Event,Spring,Saturday,4.1,76,13,11.7,90,0,1,50000,10.819798284210286,1,2023,1,7,5,1,1,17,1,17,36,1021,1056,35,-0.9670459389139431,-0.25460194820552773
Metro,Route_13,Station_39,Station_5,Snow,Unknown / Missing Event,Autumn,Saturday,31.1,45,48,11.5,93,1,0,0,0.0,0,2023,1,21,5,1,1,21,45,22,25,1305,1345,40,-0.5555702330196022,0.8314696123025452
Tram,Route_13,Station_9,Station_18,Cloudy,Parade,Winter,Tuesday,31.1,72,48,6.7,36,0,1,2000,7.601402334583733,1,2023,1,3,1,0,1,4,4,4,33,244,273,29,0.8746197071393957,0.4848096202463371
Bus,Route_15,Station_3,Station_10,Fog,Parade,Summer,Sunday,20.5,37,56,19.3,87,0,0,2000,7.601402334583733,1,2023,1,8,6,1,1,19,46,20,15,1186,1215,29,-0.8949343616020253,0.44619781310980833
Bus,Route_11,Station_44,Station_14,Rain,Unknown / Missing Event,Spring,Wednesday,26.5,35,38,4.4,99,0,0,0,0.0,0,2023,1,4,2,0,1,13,17,13,50,797,830,33,-0.32969064526278713,-0.9440890203927843
Bus,Route_14,Station_37,Station_3,Cloudy,Concert,Winter,Sunday,10.8,63,23,7.9,87,0,0,50000,10.819798284210286,1,2023,1,1,6,1,1,14,15,15,2,855,902,47,-0.5555702330196023,-0.8314696123025452
Metro,Route_12,Station_22,Station_38,Fog,Protest,Winter,Wednesday,21.1,69,21,2.9,81,0,0,0,0.0,0,2023,1,4,2,0,1,1,46,2,24,106,144,38,0.44619781310980877,0.8949343616020251
Tram,Route_2,Station_44,Station_35,Rain,Concert,Winter,Tuesday,20.9,90,42,0.8,37,0,1,0,0.0,0,2023,1,3,1,0,1,9,34,10,2,574,602,28,0.5948227867513413,-0.8038568606172173
Metro,Route_4,Station_1,Station_36,Fog,Unknown / Missing Event,Summer,Friday,27.9,60,46,10.3,16,0,0,0,0.0,0,2023,1,13,4,0,1,12,30,13,15,750,795,45,-0.13052619222005132,-0.9914448613738105
Metro,Route_8,Station_29,Station_30,Rain,Unknown / Missing Event,Summer,Saturday,16.9,43,58,8.7,9,0,1,2000,7.601402334583733,1,2023,1,7,5,1,1,2,3,2,38,123,158,35,0.511293086077052,0.8594064115014527
Train,Route_3,Station_16,Station_9,Fog,Festival,Spring,Wednesday,24.0,43,49,9.6,18,0,0,0,0.0,0,2023,1,4,2,0,1,9,0,9,38,540,578,38,0.7071067811865476,-0.7071067811865475
Bus,Route_3,Station_13,Station_25,Rain,Unknown / Missing Event,Spring,Tuesday,-2.3,53,30,6.0,85,0,0,10000,9.210440366976517,1,2023,1,17,1,0,1,2,48,3,31,168,211,43,0.6691306063588582,0.7431448254773942
Bus,Route_18,Station_48,Station_8,Cloudy,Unknown / Missing Event,Autumn,Monday,23.4,51,49,15.8,76,0,0,0,0.0,0,2023,1,9,0,0,1,17,47,18,14,1067,1094,27,-0.9983916705573488,-0.056692787563377714
Tram,Route_20,Station_38,Station_47,Fog,Unknown / Missing Event,Summer,Monday,21.0,99,20,10.9,36,0,0,10000,9.210440366976517,1,2023,1,9,0,0,1,23,1,23,48,1381,1428,47,-0.2546019482055278,0.9670459389139431
Tram,Route_15,Station_22,Station_38,Cloudy,Unknown / Missing Event,Spring,Wednesday,12.3,82,23,9.9,7,0,1,0,0.0,0,2023,1,11,2,0,1,2,34,3,3,154,183,29,0.6225146366376196,0.7826081568524139
Metro,Route_4,Station_7,Station_22,Clear,Unknown / Missing Event,Winter,Saturday,5.3,87,0,16.8,54,1,0,0,0.0,0,2023,1,21,5,1,1,4,4,4,41,244,281,37,0.8746197071393957,0.4848096202463371
Metro,Route_2,Station_26,Station_20,Snow,Unknown / Missing Event,Autumn,Thursday,30.0,83,51,10.0,57,0,0,2000,7.601402334583733,1,2023,1,5,3,0,1,18,1,18,50,1081,1130,49,-0.9999904807207345,0.004363309284747004
Tram,Route_13,Station_37,Station_43,Fog,Sports,Spring,Tuesday,33.4,39,9,4.3,40,0,0,0,0.0,0,2023,1,10,1,0,1,3,3,3,40,183,220,37,0.7163019434246541,0.6977904598416802
Bus,Route_14,Station_38,Station_36,Snow,Festival,Autumn,Saturday,4.7,52,21,11.1,73,0,0,0,0.0,0,2023,1,14,5,1,1,20,4,20,25,1204,1225,21,-0.8571673007021123,0.5150380749100542
Tram,Route_10,Station_6,Station_29,Fog,Unknown / Missing Event,Autumn,Friday,30.0,56,29,14.1,71,0,1,500,6.2166061010848646,1,2023,1,13,4,0,1,0,31,1,5,31,65,34,0.134850930273723,0.9908658973868822
Metro,Route_13,Station_37,Station_36,Snow,Parade,Summer,Wednesday,25.3,30,36,17.8,8,0,0,10000,9.210440366976517,1,2023,1,4,2,0,1,21,33,22,14,1293,1334,41,-0.5983246005706593,0.8012538126910604
Metro,Route_13,Station_13,Station_42,Cloudy,Festival,Winter,Tuesday,28.5,62,49,8.4,96,0,0,50000,10.819798284210286,1,2023,1,3,1,0,1,8,45,9,24,525,564,39,0.7518398074789774,-0.6593458151000688
Metro,Route_4,Station_7,Station_26,Rain,Unknown / Missing Event,Spring,Thursday,21.8,86,5,4.1,62,0,0,0,0.0,0,2023,1,5,3,0,1,17,19,17,44,1039,1064,25,-0.9840406976462908,-0.17794354547384236
Metro,Route_12,Station_1,Station_33,Snow,Festival,Summer,Friday,30.4,61,34,16.7,92,0,0,0,0.0,0,2023,1,20,4,0,1,12,32,13,12,752,792,40,-0.13917310096006552,-0.9902680687415703
Metro,Route_19,Station_45,Station_26,Storm,Sports,Autumn,Tuesday,-3.1,72,37,8.6,25,0,0,0,0.0,0,2023,1,17,1,0,1,20,3,20,37,1203,1237,34,-0.8594064115014526,0.5112930860770523
Train,Route_8,Station_10,Station_29,Clear,Unknown / Missing Event,Summer,Tuesday,31.0,38,38,12.6,30,0,0,0,0.0,0,2023,1,17,1,0,1,11,46,12,35,706,755,49,0.06104853953485719,-0.9981347984218669
Tram,Route_6,Station_37,Station_1,Snow,Festival,Winter,Sunday,-0.8,74,18,11.8,8,0,1,50000,10.819798284210286,1,2023,1,15,6,1,1,18,18,18,38,1098,1118,20,-0.9969173337331281,0.07845909572784432
Bus,Route_7,Station_13,Station_20,Fog,Sports,Winter,Sunday,22.7,98,28,9.9,72,0,1,0,0.0,0,2023,1,1,6,1,1,12,47,13,5,767,785,18,-0.20364175114017746,-0.9790454724845838
Tram,Route_3,Station_35,Station_23,Cloudy,Sports,Winter,Thursday,34.3,88,28,18.6,85,0,0,0,0.0,0,2023,1,5,3,0,1,6,49,7,27,409,447,38,0.9772311064626789,-0.21217767215644623
Metro,Route_14,Station_28,Station_19,Cloudy,Sports,Spring,Tuesday,10.2,40,51,14.0,76,0,1,0,0.0,0,2023,1,3,1,0,1,8,32,9,10,512,550,38,0.788010753606722,-0.6156614753256583
Tram,Route_20,Station_16,Station_44,Cloudy,Unknown / Missing Event,Spring,Saturday,9.6,48,41,3.5,99,0,1,0,0.0,0,2023,1,21,5,1,1,19,30,20,18,1170,1218,48,-0.9238795325112866,0.38268343236509
Bus,Route_14,Station_33,Station_10,Fog,Unknown / Missing Event,Summer,Sunday,0.8,53,29,1.9,76,0,0,0,0.0,0,2023,1,8,6,1,1,3,4,3,20,184,200,16,0.7193398003386511,0.6946583704589974
Tram,Route_6,Station_49,Station_38,Clear,Unknown / Missing Event,Winter,Friday,35.0,97,6,19.5,57,0,0,0,0.0,0,2023,1,6,4,0,1,15,49,16,30,949,990,41,-0.8410390129643924,-0.540974471367994
Tram,Route_2,Station_5,Station_18,Storm,Unknown / Missing Event,Autumn,Saturday,27.4,98,44,2.8,66,0,1,500,6.2166061010848646,1,2023,1,14,5,1,1,18,4,18,20,1084,1100,16,-0.9998476951563913,0.01745240643728313
Tram,Route_2,Station_39,Station_13,Rain,Sports,Spring,Thursday,30.3,58,7,9.7,62,0,0,10000,9.210440366976517,1,2023,1,12,3,0,1,21,30,22,20,1290,1340,50,-0.608761429008721,0.7933533402912349
Train,Route_19,Station_25,Station_7,Rain,Concert,Spring,Friday,33.3,92,5,11.1,45,0,1,0,0.0,0,2023,1,20,4,0,1,12,1,12,22,721,742,21,-0.004363309284746176,-0.9999904807207345
Tram,Route_13,Station_18,Station_7,Fog,Unknown / Missing Event,Summer,Monday,-1.0,86,20,18.4,15,0,0,0,0.0,0,2023,1,2,0,0,1,8,46,9,43,526,583,57,0.7489557207890021,-0.6626200482157376
Train,Route_18,Station_4,Station_17,Storm,Unknown / Missing Event,Winter,Tuesday,22.2,65,3,14.6,89,0,0,0,0.0,0,2023,1,3,1,0,1,17,4,17,49,1024,1069,45,-0.9702957262759965,-0.24192189559966779
Tram,Route_6,Station_45,Station_15,Storm,Sports,Spring,Sunday,11.7,77,5,0.1,30,0,0,0,0.0,0,2023,1,15,6,1,1,16,4,16,27,964,987,23,-0.8746197071393959,-0.48480962024633684
Bus,Route_9,Station_35,Station_16,Clear,Unknown / Missing Event,Spring,Saturday,23.4,64,22,9.7,66,0,0,0,0.0,0,2023,1,21,5,1,1,6,18,6,37,378,397,19,0.996917333733128,-0.07845909572784487
Bus,Route_18,Station_30,Station_26,Snow,Festival,Summer,Saturday,15.1,76,10,2.4,69,1,1,10000,9.210440366976517,1,2023,1,21,5,1,1,20,0,20,44,1200,1244,44,-0.8660254037844386,0.5000000000000001
Tram,Route_2,Station_49,Station_17,Fog,Concert,Spring,Friday,-0.4,91,13,8.5,0,0,0,0,0.0,0,2023,1,20,4,0,1,3,48,4,38,228,278,50,0.8386705679454239,0.5446390350150272
Metro,Route_8,Station_32,Station_15,Snow,Unknown / Missing Event,Autumn,Saturday,9.8,37,39,10.0,16,0,0,0,0.0,0,2023,1,21,5,1,1,7,34,8,7,454,487,33,0.9170600743851242,-0.398749068925246
Metro,Route_6,Station_15,Station_33,Cloudy,Unknown / Missing Event,Winter,Friday,10.3,71,10,8.1,63,0,0,50000,10.819798284210286,1,2023,1,6,4,0,1,23,19,23,53,1399,1433,34,-0.17794354547384153,0.9840406976462909
Metro,Route_9,Station_22,Station_17,Clear,Unknown / Missing Event,Autumn,Tuesday,33.0,49,7,7.1,89,0,1,0,0.0,0,2023,1,17,1,0,1,9,33,10,7,573,607,34,0.5983246005706592,-0.8012538126910606
Bus,Route_13,Station_23,Station_22,Storm,Unknown / Missing Event,Winter,Thursday,11.7,63,39,9.3,93,0,0,0,0.0,0,2023,1,19,3,0,1,14,47,15,29,887,929,42,-0.6658816660008345,-0.7460573750616993
Tram,Route_18,Station_24,Station_6,Cloudy,Unknown / Missing Event,Winter,Saturday,18.3,99,2,9.1,52,0,0,0,0.0,0,2023,1,14,5,1,1,9,32,10,4,572,604,32,0.6018150231520482,-0.7986355100472929
Train,Route_3,Station_28,Station_5,Cloudy,Sports,Summer,Monday,17.1,60,30,19.2,95,0,0,50000,10.819798284210286,1,2023,1,16,0,0,1,11,33,12,25,693,745,52,0.11753739745783798,-0.9930684569549263
Bus,Route_14,Station_33,Station_12,Snow,Unknown / Missing Event,Winter,Sunday,2.5,93,53,18.4,86,0,0,0,0.0,0,2023,1,8,6,1,1,21,16,22,11,1276,1331,55,-0.6560590289905074,0.7547095802227719
Bus,Route_14,Station_17,Station_45,Fog,Unknown / Missing Event,Autumn,Friday,27.0,81,49,0.9,45,0,0,0,0.0,0,2023,1,13,4,0,1,8,34,9,19,514,559,45,0.782608156852414,-0.6225146366376194
Metro,Route_19,Station_30,Station_37,Fog,Protest,Spring,Friday,23.0,43,59,10.5,95,0,0,0,0.0,0,2023,1,13,4,0,1,12,47,13,20,767,800,33,-0.20364175114017746,-0.9790454724845838
Tram,Route_7,Station_27,Station_6,Snow,Unknown / Missing Event,Spring,Thursday,26.8,73,13,18.2,86,0,0,2000,7.601402334583733,1,2023,1,19,3,0,1,6,4,6,25,364,385,21,0.9998476951563913,-0.017452406437283477
Bus,Route_13,Station_32,Station_47,Cloudy,Unknown / Missing Event,Summer,Friday,30.7,40,44,12.8,78,0,1,50000,10.819798284210286,1,2023,1,13,4,0,1,20,48,21,17,1248,1277,29,-0.7431448254773946,0.6691306063588578
Train,Route_4,Station_4,Station_14,Snow,Sports,Summer,Tuesday,31.7,74,32,19.2,89,0,0,50000,10.819798284210286,1,2023,1,17,1,0,1,15,19,15,44,919,944,25,-0.7632324697825289,-0.6461239796429639
Metro,Route_11,Station_29,Station_18,Storm,Unknown / Missing Event,Winter,Wednesday,12.4,35,6,17.1,45,0,0,2000,7.601402334583733,1,2023,1,11,2,0,1,17,4,17,31,1024,1051,27,-0.9702957262759965,-0.24192189559966779
Metro,Route_6,Station_36,Station_41,Snow,Unknown / Missing Event,Autumn,Saturday,32.0,68,17,3.9,45,0,0,0,0.0,0,2023,1,7,5,1,1,6,31,7,0,391,420,29,0.9908658973868822,-0.13485093027372297
Train,Route_20,Station_42,Station_1,Cloudy,Festival,Autumn,Tuesday,6.2,98,56,8.0,72,0,1,10000,9.210440366976517,1,2023,1,3,1,0,1,14,31,15,2,871,902,31,-0.6122172800344491,-0.7906895737438435
Metro,Route_15,Station_2,Station_20,Clear,Unknown / Missing Event,Spring,Wednesday,14.1,58,9,2.7,45,0,0,2000,7.601402334583733,1,2023,1,4,2,0,1,15,0,15,55,900,955,55,-0.7071067811865475,-0.7071067811865477
Tram,Route_7,Station_16,Station_12,Storm,Festival,Autumn,Monday,29.4,57,38,10.1,38,0,1,0,0.0,0,2023,1,16,0,0,1,22,49,23,33,1369,1413,44,-0.30486429902801043,0.9523957996432785
Bus,Route_4,Station_24,Station_16,Fog,Concert,Winter,Tuesday,-3.9,41,29,14.2,76,0,0,0,0.0,0,2023,1,10,1,0,1,8,46,9,37,526,577,51,0.7489557207890021,-0.6626200482157376
Metro,Route_11,Station_25,Station_36,Snow,Concert,Spring,Monday,3.3,45,59,8.7,85,0,1,10000,9.210440366976517,1,2023,1,2,0,0,1,16,45,17,36,1005,1056,51,-0.9469301294951056,-0.3214394653031618
Tram,Route_1,Station_48,Station_21,Rain,Unknown / Missing Event,Autumn,Monday,18.5,47,35,13.3,7,0,1,0,0.0,0,2023,1,2,0,0,1,0,30,1,11,30,71,41,0.13052619222005157,0.9914448613738104
Tram,Route_15,Station_32,Station_29,Clear,Unknown / Missing Event,Spring,Saturday,13.2,77,41,1.8,76,0,0,0,0.0,0,2023,1,21,5,1,1,14,45,15,25,885,925,40,-0.6593458151000688,-0.7518398074789774
Tram,Route_10,Station_21,Station_43,Snow,Unknown / Missing Event,Spring,Saturday,11.9,86,23,14.4,4,0,0,0,0.0,0,2023,1,14,5,1,1,7,17,8,2,437,482,45,0.9440890203927843,-0.3296906452627872
Metro,Route_7,Station_9,Station_19,Snow,Festival,Winter,Sunday,14.2,40,44,3.1,55,0,1,500,6.2166061010848646,1,2023,1,1,6,1,1,10,48,11,14,648,674,26,0.3090169943749475,-0.9510565162951535
Tram,Route_20,Station_5,Station_3,Fog,Concert,Spring,Monday,22.7,45,39,6.8,53,1,0,50000,10.819798284210286,1,2023,1,9,0,0,1,17,18,17,37,1038,1057,19,-0.9832549075639545,-0.18223552549214778
Bus,Route_13,Station_5,Station_26,Rain,Unknown / Missing Event,Autumn,Friday,6.4,57,37,2.0,9,0,0,500,6.2166061010848646,1,2023,1,6,4,0,1,5,30,6,23,330,383,53,0.9914448613738104,0.1305261922200517
Train,Route_13,Station_13,Station_16,Fog,Sports,Summer,Friday,16.3,90,21,4.5,30,0,1,0,0.0,0,2023,1,20,4,0,1,21,47,22,28,1307,1348,41,-0.5482932295199143,0.8362861558477592
Metro,Route_2,Station_33,Station_34,Fog,Protest,Summer,Saturday,7.1,86,0,18.8,71,1,0,500,6.2166061010848646,1,2023,1,7,5,1,1,9,16,10,3,556,603,47,0.6560590289905073,-0.754709580222772
Bus,Route_3,Station_14,Station_9,Clear,Unknown / Missing Event,Winter,Sunday,26.0,61,24,9.7,17,0,0,0,0.0,0,2023,1,8,6,1,1,4,32,4,50,272,290,18,0.9271838545667874,0.37460659341591196
Train,Route_3,Station_38,Station_48,Fog,Unknown / Missing Event,Winter,Tuesday,14.7,55,1,6.3,30,1,0,0,0.0,0,2023,1,17,1,0,1,10,3,10,48,603,648,45,0.48862124149695485,-0.8724960070727972
Metro,Route_9,Station_24,Station_23,Storm,Unknown / Missing Event,Spring,Thursday,6.7,93,41,4.4,61,0,0,500,6.2166061010848646,1,2023,1,19,3,0,1,4,34,5,16,274,316,42,0.9304175679820246,0.3665012267242973
Tram,Route_8,Station_16,Station_26,Clear,Unknown / Missing Event,Spring,Wednesday,15.9,90,29,4.1,73,0,0,0,0.0,0,2023,1,18,2,0,1,8,30,9,12,510,552,42,0.7933533402912352,-0.6087614290087207
Tram,Route_2,Station_4,Station_45,Clear,Concert,Spring,Sunday,21.9,67,54,12.6,75,0,1,0,0.0,0,2023,1,1,6,1,1,19,32,20,20,1172,1220,48,-0.9205048534524405,0.3907311284892735
Metro,Route_13,Station_6,Station_42,Storm,Unknown / Missing Event,Winter,Sunday,17.6,52,22,5.2,21,0,0,500,6.2166061010848646,1,2023,1,1,6,1,1,8,32,9,28,512,568,56,0.788010753606722,-0.6156614753256583
Train,Route_2,Station_10,Station_26,Snow,Unknown / Missing Event,Spring,Monday,4.2,77,5,1.4,32,0,0,0,0.0,0,2023,1,9,0,0,1,9,0,9,33,540,573,33,0.7071067811865476,-0.7071067811865475
Train,Route_15,Station_35,Station_32,Rain,Unknown / Missing Event,Summer,Saturday,18.3,30,2,16.7,84,1,1,10000,9.210440366976517,1,2023,1,7,5,1,1,14,15,15,1,855,901,46,-0.5555702330196023,-0.8314696123025452
Tram,Route_14,Station_31,Station_12,Clear,Unknown / Missing Event,Winter,Friday,16.8,87,33,11.8,90,0,1,2000,7.601402334583733,1,2023,1,20,4,0,1,22,18,22,41,1338,1361,23,-0.4305110968082952,0.9025852843498606
Tram,Route_16,Station_44,Station_22,Fog,Unknown / Missing Event,Summer,Sunday,-2.5,95,36,1.7,39,0,0,0,0.0,0,2023,1,15,6,1,1,11,46,12,19,706,739,33,0.06104853953485719,-0.9981347984218669
Bus,Route_3,Station_6,Station_50,Cloudy,Festival,Autumn,Monday,17.8,87,9,8.9,81,0,1,2000,7.601402334583733,1,2023,1,9,0,0,1,8,3,8,21,483,501,18,0.8594064115014528,-0.5112930860770519
Train,Route_18,Station_17,Station_18,Cloudy,Unknown / Missing Event,Winter,Friday,8.3,79,53,5.0,80,1,0,0,0.0,0,2023,1,20,4,0,1,15,18,15,42,918,942,24,-0.7604059656000306,-0.6494480483301841
Metro,Route_3,Station_4,Station_43,Snow,Festival,Spring,Friday,33.2,79,27,1.9,31,0,1,50000,10.819798284210286,1,2023,1,6,4,0,1,3,49,4,13,229,253,24,0.8410390129643924,0.540974471367994
Tram,Route_2,Station_29,Station_19,Snow,Unknown / Missing Event,Summer,Thursday,34.2,71,2,16.7,85,0,0,0,0.0,0,2023,1,12,3,0,1,13,45,14,38,825,878,53,-0.44228869021900147,-0.8968727415326883
Tram,Route_18,Station_17,Station_15,Fog,Festival,Winter,Tuesday,22.3,99,51,2.3,68,0,0,0,0.0,0,2023,1,17,1,0,1,18,45,19,22,1125,1162,37,-0.9807852804032304,0.1950903220161283
Train,Route_4,Station_16,Station_3,Fog,Concert,Winter,Friday,6.6,99,49,10.0,2,0,0,0,0.0,0,2023,1,13,4,0,1,8,15,9,3,495,543,48,0.8314696123025451,-0.5555702330196023
Metro,Route_3,Station_16,Station_35,Cloudy,Unknown / Missing Event,Autumn,Saturday,27.3,69,15,15.5,99,0,0,0,0.0,0,2023,1,14,5,1,1,6,3,6,20,363,380,17,0.999914327574007,-0.013089595571344452
Train,Route_8,Station_14,Station_18,Rain,Protest,Summer,Friday,29.1,64,38,12.5,89,1,0,0,0.0,0,2023,1,20,4,0,1,20,30,21,20,1230,1280,50,-0.7933533402912352,0.6087614290087205
Metro,Route_17,Station_45,Station_7,Storm,Unknown / Missing Event,Summer,Tuesday,8.2,45,38,3.5,23,0,0,50000,10.819798284210286,1,2023,1,3,1,0,1,15,30,16,9,930,969,39,-0.7933533402912349,-0.6087614290087209
Bus,Route_7,Station_9,Station_24,Snow,Unknown / Missing Event,Autumn,Friday,22.0,81,25,11.4,58,0,1,0,0.0,0,2023,1,20,4,0,1,6,16,6,40,376,400,24,0.9975640502598242,-0.06975647374412533
Bus,Route_10,Station_22,Station_18,Cloudy,Sports,Winter,Sunday,28.1,40,35,5.7,32,1,0,0,0.0,0,2023,1,15,6,1,1,0,46,1,43,46,103,57,0.19936793441719716,0.9799247046208296
Tram,Route_7,Station_15,Station_10,Storm,Festival,Autumn,Wednesday,8.8,37,35,17.8,54,0,0,0,0.0,0,2023,1,18,2,0,1,4,48,5,8,288,308,20,0.9510565162951535,0.30901699437494745
Tram,Route_19,Station_16,Station_44,Clear,Sports,Winter,Friday,16.5,70,15,17.9,93,0,0,0,0.0,0,2023,1,20,4,0,1,16,33,16,59,993,1019,26,-0.9288095528719243,-0.3705574375098359
Metro,Route_9,Station_47,Station_25,Storm,Protest,Autumn,Wednesday,29.6,88,18,5.9,92,0,0,0,0.0,0,2023,1,11,2,0,1,10,16,10,59,616,659,43,0.4383711467890773,-0.898794046299167
Tram,Route_19,Station_27,Station_46,Snow,Unknown / Missing Event,Spring,Thursday,22.5,68,51,13.7,30,0,0,500,6.2166061010848646,1,2023,1,5,3,0,1,9,32,10,15,572,615,43,0.6018150231520482,-0.7986355100472929
Metro,Route_2,Station_7,Station_7,Rain,Concert,Autumn,Thursday,-2.6,83,24,1.5,34,0,1,2000,7.601402334583733,1,2023,1,12,3,0,1,5,0,5,52,300,352,52,0.9659258262890683,0.25881904510252074
Train,Route_8,Station_38,Station_6,Storm,Unknown / Missing Event,Winter,Friday,21.8,56,46,18.1,59,0,0,0,0.0,0,2023,1,20,4,0,1,5,30,6,14,330,374,44,0.9914448613738104,0.1305261922200517
Train,Route_8,Station_15,Station_29,Snow,Unknown / Missing Event,Summer,Thursday,7.8,99,56,12.2,89,0,0,0,0.0,0,2023,1,12,3,0,1,7,2,7,44,422,464,42,0.963630453208623,-0.26723837607825685
Metro,Route_14,Station_17,Station_33,Storm,Unknown / Missing Event,Autumn,Wednesday,9.8,73,43,5.2,25,0,0,2000,7.601402334583733,1,2023,1,18,2,0,1,0,0,0,27,0,27,27,0.0,1.0
Bus,Route_20,Station_15,Station_1,Rain,Unknown / Missing Event,Autumn,Sunday,0.9,83,34,2.7,14,0,0,0,0.0,0,2023,1,1,6,1,1,12,32,13,9,752,789,37,-0.13917310096006552,-0.9902680687415703
Tram,Route_5,Station_5,Station_33,Rain,Sports,Winter,Tuesday,6.5,57,21,0.7,6,0,1,0,0.0,0,2023,1,10,1,0,1,16,3,16,43,963,1003,40,-0.872496007072797,-0.4886212414969553
Train,Route_8,Station_31,Station_37,Clear,Concert,Winter,Tuesday,5.9,68,44,1.1,12,0,1,0,0.0,0,2023,1,17,1,0,1,14,3,14,21,843,861,18,-0.5112930860770523,-0.8594064115014526
Tram,Route_19,Station_40,Station_36,Fog,Unknown / Missing Event,Spring,Monday,21.3,53,28,19.6,39,0,0,10000,9.210440366976517,1,2023,1,16,0,0,1,21,4,21,43,1264,1303,39,-0.6946583704589976,0.7193398003386509
Train,Route_8,Station_48,Station_33,Snow,Unknown / Missing Event,Autumn,Friday,18.6,42,50,4.0,41,0,1,2000,7.601402334583733,1,2023,1,20,4,0,1,6,33,7,4,393,424,31,0.9896513868196702,-0.14349262199117915
Bus,Route_20,Station_27,Station_3,Snow,Unknown / Missing Event,Autumn,Thursday,7.6,31,48,12.0,41,0,0,0,0.0,0,2023,1,19,3,0,1,12,1,12,47,721,767,46,-0.004363309284746176,-0.9999904807207345
Metro,Route_5,Station_28,Station_19,Fog,Festival,Winter,Monday,20.8,44,22,11.3,35,0,0,10000,9.210440366976517,1,2023,1,16,0,0,1,6,45,7,30,405,450,45,0.9807852804032305,-0.19509032201612797
Metro,Route_17,Station_30,Station_49,Fog,Unknown / Missing Event,Autumn,Friday,-2.7,38,9,17.2,63,0,0,0,0.0,0,2023,1,6,4,0,1,12,1,12,37,721,757,36,-0.004363309284746176,-0.9999904807207345
Tram,Route_17,Station_40,Station_6,Rain,Unknown / Missing Event,Summer,Saturday,22.7,43,54,16.1,45,0,0,0,0.0,0,2023,1,21,5,1,1,12,48,13,10,768,790,22,-0.20791169081775907,-0.9781476007338057
Train,Route_13,Station_10,Station_14,Snow,Sports,Spring,Friday,24.5,38,3,18.8,36,0,0,0,0.0,0,2023,1,13,4,0,1,15,32,16,3,932,963,31,-0.7986355100472928,-0.6018150231520483
Tram,Route_4,Station_21,Station_1,Clear,Unknown / Missing Event,Autumn,Thursday,34.6,92,33,10.7,94,0,0,0,0.0,0,2023,1,5,3,0,1,18,46,19,14,1126,1154,28,-0.9799247046208297,0.19936793441719694
Metro,Route_1,Station_27,Station_23,Clear,Concert,Spring,Sunday,5.9,39,47,6.1,87,0,0,2000,7.601402334583733,1,2023,1,8,6,1,1,16,47,17,25,1007,1045,38,-0.9496991262018767,-0.3131638064837503
Bus,Route_7,Station_15,Station_39,Fog,Unknown / Missing Event,Autumn,Saturday,13.0,99,0,3.5,78,0,0,0,0.0,0,2023,1,21,5,1,1,16,34,16,55,994,1015,21,-0.9304175679820246,-0.3665012267242972
Bus,Route_12,Station_49,Station_28,Cloudy,Festival,Spring,Tuesday,31.8,91,21,2.6,45,0,0,10000,9.210440366976517,1,2023,1,3,1,0,1,18,45,19,7,1125,1147,22,-0.9807852804032304,0.1950903220161283
Bus,Route_12,Station_48,Station_33,Storm,Festival,Winter,Saturday,17.0,44,7,17.0,13,0,0,0,0.0,0,2023,1,14,5,1,1,15,47,16,40,947,1000,53,-0.8362861558477592,-0.5482932295199142
Tram,Route_3,Station_50,Station_6,Snow,Sports,Winter,Thursday,10.6,81,19,11.4,83,0,0,0,0.0,0,2023,1,5,3,0,1,20,30,21,10,1230,1270,40,-0.7933533402912352,0.6087614290087205
Train,Route_3,Station_40,Station_13,Rain,Unknown / Missing Event,Winter,Friday,22.6,87,16,8.9,43,0,0,0,0.0,0,2023,1,13,4,0,1,23,17,23,45,1397,1425,28,-0.18652403600873563,0.9824503977255096
Bus,Route_14,Station_44,Station_17,Rain,Sports,Summer,Monday,24.0,79,33,0.7,86,0,0,50000,10.819798284210286,1,2023,1,2,0,0,1,1,33,1,51,93,111,18,0.3947438563842672,0.9187912101488983
Metro,Route_20,Station_12,Station_1,Storm,Unknown / Missing Event,Spring,Friday,-0.5,49,34,13.6,16,0,0,0,0.0,0,2023,1,13,4,0,1,9,31,10,27,571,627,56,0.6052939880428945,-0.796002002534622
Train,Route_12,Station_12,Station_3,Cloudy,Unknown / Missing Event,Winter,Thursday,10.5,84,44,0.9,37,0,1,500,6.2166061010848646,1,2023,1,19,3,0,1,4,2,4,48,242,288,46,0.8703556959398997,0.4924235601034671
Metro,Route_17,Station_24,Station_45,Rain,Unknown / Missing Event,Spring,Friday,14.4,76,31,18.2,97,0,0,500,6.2166061010848646,1,2023,1,6,4,0,1,3,18,4,5,198,245,47,0.760405965600031,0.6494480483301835
Bus,Route_11,Station_23,Station_39,Clear,Unknown / Missing Event,Spring,Wednesday,1.1,89,11,6.7,75,0,0,0,0.0,0,2023,1,18,2,0,1,6,4,6,35,364,395,31,0.9998476951563913,-0.017452406437283477
Metro,Route_12,Station_49,Station_49,Rain,Unknown / Missing Event,Summer,Sunday,27.8,87,9,4.5,0,0,0,0,0.0,0,2023,1,8,6,1,1,10,49,11,20,649,680,31,0.30486429902801077,-0.9523957996432784
Train,Route_20,Station_38,Station_45,Storm,Unknown / Missing Event,Spring,Friday,31.1,52,50,1.3,31,0,0,0,0.0,0,2023,1,6,4,0,1,20,47,21,29,1247,1289,42,-0.7460573750616997,0.6658816660008341
Train,Route_15,Station_17,Station_40,Storm,Unknown / Missing Event,Autumn,Thursday,4.0,83,41,7.5,23,0,0,0,0.0,0,2023,1,19,3,0,1,0,17,1,6,17,66,49,0.07410849019539924,0.9972501850994857
Bus,Route_2,Station_32,Station_10,Rain,Concert,Summer,Tuesday,13.6,30,51,2.8,77,0,0,0,0.0,0,2023,1,3,1,0,1,11,19,12,12,679,732,53,0.17794354547384186,-0.9840406976462909
Metro,Route_8,Station_11,Station_41,Snow,Unknown / Missing Event,Autumn,Wednesday,29.9,99,18,1.3,15,0,0,500,6.2166061010848646,1,2023,1,4,2,0,1,6,46,7,7,406,427,21,0.9799247046208296,-0.19936793441719705
Bus,Route_20,Station_7,Station_7,Cloudy,Festival,Winter,Monday,28.7,80,26,9.3,84,0,0,0,0.0,0,2023,1,16,0,0,1,0,3,0,28,3,28,25,0.01308959557134444,0.999914327574007
Tram,Route_20,Station_29,Station_16,Rain,Unknown / Missing Event,Spring,Thursday,13.3,90,52,19.6,25,1,0,10000,9.210440366976517,1,2023,1,12,3,0,1,14,16,14,39,856,879,23,-0.5591929034707467,-0.8290375725550417
Tram,Route_15,Station_38,Station_27,Cloudy,Unknown / Missing Event,Summer,Monday,17.6,87,12,0.4,69,0,1,2000,7.601402334583733,1,2023,1,16,0,0,1,9,46,10,7,586,607,21,0.5519369853120583,-0.8338858220671681
Metro,Route_19,Station_17,Station_5,Fog,Sports,Autumn,Wednesday,-3.2,84,23,18.3,97,0,0,10000,9.210440366976517,1,2023,1,11,2,0,1,21,1,21,47,1261,1307,46,-0.7040147244559687,0.7101853756232851
Tram,Route_6,Station_16,Station_47,Storm,Unknown / Missing Event,Spring,Tuesday,33.8,39,17,8.7,80,0,0,0,0.0,0,2023,1,3,1,0,1,2,18,3,5,138,185,47,0.5664062369248328,0.8241261886220157
Bus,Route_18,Station_40,Station_39,Storm,Parade,Winter,Thursday,0.1,67,14,9.0,44,0,0,2000,7.601402334583733,1,2023,1,12,3,0,1,10,45,11,16,645,676,31,0.32143946530316175,-0.9469301294951056
Tram,Route_16,Station_24,Station_30,Snow,Concert,Winter,Sunday,16.6,85,47,7.1,10,0,0,0,0.0,0,2023,1,1,6,1,1,18,31,19,2,1111,1142,31,-0.9908658973868822,0.13485093027372327
Train,Route_5,Station_37,Station_4,Fog,Sports,Autumn,Friday,24.1,91,57,15.3,83,0,0,0,0.0,0,2023,1,6,4,0,1,0,34,1,7,34,67,33,0.14780941112961063,0.9890158633619168
Train,Route_17,Station_34,Station_29,Storm,Festival,Summer,Wednesday,3.2,51,43,10.9,9,0,0,0,0.0,0,2023,1,4,2,0,1,13,47,14,17,827,857,30,-0.45009844103743474,-0.8929789434111371
Train,Route_19,Station_37,Station_38,Rain,Unknown / Missing Event,Autumn,Friday,18.3,94,13,19.1,20,0,0,0,0.0,0,2023,1,13,4,0,1,3,18,3,52,198,232,34,0.760405965600031,0.6494480483301835
Train,Route_13,Station_14,Station_40,Rain,Unknown / Missing Event,Spring,Friday,25.2,47,23,18.9,82,0,1,2000,7.601402334583733,1,2023,1,20,4,0,1,19,17,20,3,1157,1203,46,-0.9440890203927844,0.32969064526278663
Bus,Route_16,Station_50,Station_4,Fog,Sports,Summer,Saturday,11.0,37,36,9.6,73,0,0,0,0.0,0,2023,1,7,5,1,1,19,0,19,25,1140,1165,25,-0.9659258262890682,0.25881904510252113
Bus,Route_14,Station_45,Station_42,Storm,Unknown / Missing Event,Summer,Saturday,5.2,77,24,0.1,63,0,1,0,0.0,0,2023,1,7,5,1,1,5,2,5,24,302,324,22,0.9681476403781077,0.2503800040544415
Bus,Route_1,Station_50,Station_49,Fog,Unknown / Missing Event,Autumn,Wednesday,11.0,83,13,17.2,43,0,0,0,0.0,0,2023,1,18,2,0,1,1,15,1,46,75,106,31,0.3214394653031616,0.9469301294951057
Tram,Route_14,Station_39,Station_10,Snow,Unknown / Missing Event,Autumn,Monday,28.9,86,12,13.5,47,0,0,0,0.0,0,2023,1,16,0,0,1,19,48,20,11,1188,1211,23,-0.891006524188368,0.45399049973954664
Bus,Route_10,Station_23,Station_25,Clear,Unknown / Missing Event,Winter,Tuesday,22.0,33,29,14.3,76,0,1,0,0.0,0,2023,1,17,1,0,1,20,16,20,58,1216,1258,42,-0.8290375725550421,0.5591929034707462
Bus,Route_20,Station_11,Station_25,Cloudy,Unknown / Missing Event,Summer,Friday,18.5,75,12,0.6,12,0,0,50000,10.819798284210286,1,2023,1,6,4,0,1,18,2,18,29,1082,1109,27,-0.9999619230641713,0.008726535498374096
Train,Route_19,Station_3,Station_4,Fog,Unknown / Missing Event,Autumn,Thursday,4.3,31,28,19.0,8,0,0,10000,9.210440366976517,1,2023,1,12,3,0,1,15,3,15,42,903,942,39,-0.7163019434246541,-0.6977904598416802
Train,Route_3,Station_33,Station_33,Rain,Unknown / Missing Event,Summer,Sunday,-3.9,37,31,13.9,76,0,1,10000,9.210440366976517,1,2023,1,1,6,1,1,15,33,16,2,933,962,29,-0.8012538126910606,-0.5983246005706593
Train,Route_14,Station_49,Station_11,Snow,Concert,Spring,Tuesday,2.9,39,49,4.3,82,0,0,2000,7.601402334583733,1,2023,1,3,1,0,1,21,17,21,52,1277,1312,35,-0.6527597524627228,0.7575649843840493
Metro,Route_7,Station_10,Station_42,Snow,Unknown / Missing Event,Summer,Saturday,33.0,55,34,17.5,2,0,0,0,0.0,0,2023,1,14,5,1,1,12,45,13,9,765,789,24,-0.19509032201612792,-0.9807852804032305
Tram,Route_17,Station_41,Station_46,Clear,Festival,Summer,Saturday,18.7,31,48,20.0,86,0,1,0,0.0,0,2023,1,7,5,1,1,1,49,2,11,109,131,22,0.4578739151169567,0.8890171414857364
Train,Route_7,Station_4,Station_8,Clear,Festival,Winter,Sunday,-0.4,58,29,11.1,95,0,1,0,0.0,0,2023,1,8,6,1,1,23,15,23,53,1395,1433,38,-0.19509032201612872,0.9807852804032303
Metro,Route_13,Station_26,Station_2,Cloudy,Unknown / Missing Event,Winter,Friday,15.1,85,10,3.8,86,0,0,0,0.0,0,2023,1,20,4,0,1,17,49,18,11,1069,1091,22,-0.9988483864849507,-0.0479781285213447
Bus,Route_14,Station_4,Station_43,Storm,Protest,Autumn,Saturday,1.9,57,17,19.5,87,0,0,50000,10.819798284210286,1,2023,1,14,5,1,1,13,31,14,8,811,848,37,-0.38671096163682067,-0.9222009716704518
Train,Route_19,Station_32,Station_46,Storm,Sports,Spring,Friday,5.1,34,54,14.1,68,0,1,0,0.0,0,2023,1,6,4,0,1,17,4,17,36,1024,1056,32,-0.9702957262759965,-0.24192189559966779
Train,Route_8,Station_39,Station_49,Storm,Unknown / Missing Event,Spring,Wednesday,21.7,47,59,9.8,16,0,0,0,0.0,0,2023,1,18,2,0,1,0,31,1,8,31,68,37,0.134850930273723,0.9908658973868822
Train,Route_4,Station_17,Station_49,Storm,Unknown / Missing Event,Summer,Friday,19.3,63,31,13.2,37,0,0,0,0.0,0,2023,1,20,4,0,1,17,18,17,54,1038,1074,36,-0.9832549075639545,-0.18223552549214778
Metro,Route_12,Station_45,Station_5,Rain,Unknown / Missing Event,Spring,Saturday,17.9,41,12,6.7,74,0,0,2000,7.601402334583733,1,2023,1,21,5,1,1,22,33,23,17,1353,1397,44,-0.3705574375098368,0.928809552871924
Metro,Route_9,Station_30,Station_25,Rain,Unknown / Missing Event,Autumn,Wednesday,30.9,76,41,15.1,31,0,0,0,0.0,0,2023,1,11,2,0,1,8,32,9,22,512,562,50,0.788010753606722,-0.6156614753256583
Metro,Route_8,Station_44,Station_26,Fog,Sports,Autumn,Saturday,5.6,83,12,4.2,15,0,0,0,0.0,0,2023,1,21,5,1,1,5,30,6,8,330,368,38,0.9914448613738104,0.1305261922200517
Metro,Route_13,Station_3,Station_38,Cloudy,Unknown / Missing Event,Autumn,Friday,-2.9,85,36,0.6,75,0,0,10000,9.210440366976517,1,2023,1,6,4,0,1,1,1,1,45,61,105,44,0.2630312144579748,0.964787323828813
Tram,Route_17,Station_49,Station_28,Fog,Sports,Summer,Saturday,-0.3,69,6,0.8,41,0,0,0,0.0,0,2023,1,14,5,1,1,19,16,20,1,1156,1201,45,-0.945518575599317,0.3255681544571563
Train,Route_8,Station_32,Station_15,Cloudy,Unknown / Missing Event,Summer,Thursday,35.0,45,17,8.2,50,0,0,0,0.0,0,2023,1,5,3,0,1,4,19,5,3,259,303,44,0.9044551454543679,0.4265687399014585
Train,Route_19,Station_7,Station_5,Cloudy,Unknown / Missing Event,Spring,Wednesday,25.0,33,23,10.0,93,0,0,0,0.0,0,2023,1,11,2,0,1,21,15,21,50,1275,1310,35,-0.6593458151000687,0.7518398074789775
Metro,Route_16,Station_2,Station_16,Snow,Sports,Spring,Sunday,5.5,98,26,3.1,7,0,0,0,0.0,0,2023,1,8,6,1,1,13,34,14,17,814,857,43,-0.3987490689252463,-0.917060074385124
Bus,Route_1,Station_46,Station_48,Fog,Unknown / Missing Event,Spring,Monday,15.7,92,32,4.0,9,0,0,500,6.2166061010848646,1,2023,1,9,0,0,1,17,1,17,37,1021,1057,36,-0.9670459389139431,-0.25460194820552773
Bus,Route_4,Station_9,Station_19,Fog,Unknown / Missing Event,Winter,Thursday,23.1,34,37,14.0,85,0,0,0,0.0,0,2023,1,12,3,0,1,20,34,21,6,1234,1266,32,-0.782608156852414,0.6225146366376193
Bus,Route_9,Station_45,Station_23,Cloudy,Unknown / Missing Event,Winter,Thursday,25.8,47,50,1.3,68,1,0,10000,9.210440366976517,1,2023,1,12,3,0,1,6,45,7,18,405,438,33,0.9807852804032305,-0.19509032201612797
Metro,Route_9,Station_1,Station_21,Fog,Unknown / Missing Event,Summer,Tuesday,25.5,37,28,15.5,27,0,0,0,0.0,0,2023,1,10,1,0,1,11,0,11,52,660,712,52,0.258819045102521,-0.9659258262890682
Bus,Route_18,Station_33,Station_1,Clear,Unknown / Missing Event,Winter,Tuesday,-4.1,32,46,7.4,66,0,0,0,0.0,0,2023,1,10,1,0,1,2,47,3,8,167,188,21,0.6658816660008343,0.7460573750616994
Train,Route_9,Station_5,Station_42,Cloudy,Unknown / Missing Event,Spring,Tuesday,12.7,96,55,4.4,91,0,0,0,0.0,0,2023,1,17,1,0,1,13,19,14,10,799,850,51,-0.33791671800332673,-0.9411760152563707
Tram,Route_5,Station_47,Station_16,Snow,Sports,Summer,Monday,7.6,44,59,17.8,98,0,0,0,0.0,0,2023,1,2,0,0,1,21,3,21,31,1263,1291,28,-0.6977904598416802,0.7163019434246541
Tram,Route_2,Station_42,Station_22,Cloudy,Concert,Winter,Friday,27.6,65,15,8.7,42,1,0,10000,9.210440366976517,1,2023,1,6,4,0,1,3,32,3,56,212,236,24,0.7986355100472928,0.6018150231520484
Metro,Route_3,Station_32,Station_47,Snow,Unknown / Missing Event,Autumn,Tuesday,4.9,38,57,3.9,37,0,0,0,0.0,0,2023,1,3,1,0,1,0,34,1,7,34,67,33,0.14780941112961063,0.9890158633619168
Train,Route_16,Station_14,Station_25,Cloudy,Unknown / Missing Event,Summer,Wednesday,-4.9,67,17,4.5,41,0,0,0,0.0,0,2023,1,4,2,0,1,2,18,2,42,138,162,24,0.5664062369248328,0.8241261886220157
Tram,Route_16,Station_46,Station_6,Fog,Unknown / Missing Event,Autumn,Tuesday,17.9,35,34,13.3,11,0,0,0,0.0,0,2023,1,10,1,0,1,20,15,21,12,1215,1272,57,-0.8314696123025455,0.5555702330196018
Bus,Route_5,Station_32,Station_36,Snow,Concert,Summer,Friday,2.4,70,7,19.6,27,0,0,0,0.0,0,2023,1,6,4,0,1,23,30,0,15,1410,15,45,-0.13052619222005168,0.9914448613738104
Tram,Route_8,Station_33,Station_39,Rain,Parade,Summer,Tuesday,16.7,76,15,11.7,38,0,0,0,0.0,0,2023,1,3,1,0,1,1,17,1,53,77,113,36,0.3296906452627873,0.9440890203927842
Train,Route_3,Station_19,Station_35,Rain,Unknown / Missing Event,Summer,Thursday,32.0,86,38,11.3,99,0,1,0,0.0,0,2023,1,5,3,0,1,22,3,22,47,1323,1367,44,-0.48862124149695535,0.872496007072797
Metro,Route_6,Station_14,Station_4,Cloudy,Unknown / Missing Event,Winter,Saturday,6.4,87,3,13.3,84,0,1,0,0.0,0,2023,1,7,5,1,1,9,31,10,28,571,628,57,0.6052939880428945,-0.796002002534622
Train,Route_17,Station_15,Station_31,Rain,Unknown / Missing Event,Winter,Friday,9.2,40,58,12.1,37,1,0,0,0.0,0,2023,1,13,4,0,1,16,3,16,23,963,983,20,-0.872496007072797,-0.4886212414969553
Metro,Route_7,Station_40,Station_16,Cloudy,Parade,Winter,Monday,2.9,74,9,18.3,31,0,0,0,0.0,0,2023,1,9,0,0,1,18,16,18,49,1096,1129,33,-0.9975640502598243,0.06975647374412522
Tram,Route_18,Station_18,Station_38,Fog,Unknown / Missing Event,Summer,Friday,23.8,39,49,17.9,2,0,0,2000,7.601402334583733,1,2023,1,13,4,0,1,10,16,11,3,616,663,47,0.4383711467890773,-0.898794046299167
Train,Route_19,Station_17,Station_1,Fog,Unknown / Missing Event,Summer,Monday,30.2,75,51,16.1,5,0,1,2000,7.601402334583733,1,2023,1,16,0,0,1,18,33,19,27,1113,1167,54,-0.9896513868196702,0.14349262199117904
Train,Route_2,Station_3,Station_6,Storm,Festival,Winter,Wednesday,-4.4,46,18,9.8,69,0,0,50000,10.819798284210286,1,2023,1,11,2,0,1,2,0,2,35,120,155,35,0.49999999999999994,0.8660254037844387
Train,Route_19,Station_1,Station_45,Clear,Unknown / Missing Event,Summer,Thursday,22.5,94,23,1.2,5,0,0,50000,10.819798284210286,1,2023,1,5,3,0,1,13,19,14,1,799,841,42,-0.33791671800332673,-0.9411760152563707
Train,Route_2,Station_19,Station_18,Clear,Unknown / Missing Event,Summer,Tuesday,-3.9,82,33,5.0,61,0,0,0,0.0,0,2023,1,10,1,0,1,15,16,15,39,916,939,23,-0.7547095802227717,-0.6560590289905077
Metro,Route_8,Station_29,Station_14,Fog,Unknown / Missing Event,Spring,Wednesday,6.8,36,51,11.0,67,0,0,50000,10.819798284210286,1,2023,1,4,2,0,1,19,48,20,24,1188,1224,36,-0.891006524188368,0.45399049973954664
Bus,Route_19,Station_25,Station_38,Fog,Sports,Winter,Saturday,2.5,51,29,13.0,77,0,0,50000,10.819798284210286,1,2023,1,14,5,1,1,15,18,15,40,918,940,22,-0.7604059656000306,-0.6494480483301841
Tram,Route_20,Station_20,Station_34,Rain,Unknown / Missing Event,Autumn,Thursday,17.9,75,8,15.0,39,0,0,0,0.0,0,2023,1,5,3,0,1,5,49,6,6,349,366,17,0.9988483864849507,0.04797812852134391
Train,Route_9,Station_39,Station_3,Cloudy,Parade,Winter,Wednesday,20.0,68,13,7.4,34,0,0,2000,7.601402334583733,1,2023,1,18,2,0,1,19,45,20,20,1185,1220,35,-0.8968727415326884,0.442288690219001
Tram,Route_2,Station_41,Station_37,Snow,Festival,Winter,Thursday,15.4,32,9,17.3,18,0,0,10000,9.210440366976517,1,2023,1,12,3,0,1,4,17,4,53,257,293,36,0.9006982393225879,0.43444525740441714
Train,Route_15,Station_37,Station_49,Storm,Unknown / Missing Event,Spring,Tuesday,8.4,70,5,2.8,81,0,0,0,0.0,0,2023,1,10,1,0,1,5,46,6,5,346,365,19,0.9981347984218669,0.06104853953485691
Metro,Route_16,Station_34,Station_3,Snow,Unknown / Missing Event,Autumn,Sunday,28.7,39,5,18.1,2,0,0,0,0.0,0,2023,1,8,6,1,1,19,15,20,10,1155,1210,55,-0.9469301294951057,0.3214394653031615
Train,Route_19,Station_32,Station_34,Cloudy,Sports,Winter,Monday,30.0,38,24,13.6,78,0,0,0,0.0,0,2023,1,16,0,0,1,20,32,21,25,1232,1285,53,-0.7880107536067218,0.6156614753256585
Tram,Route_8,Station_1,Station_13,Storm,Unknown / Missing Event,Summer,Tuesday,-0.3,68,53,8.9,13,0,1,50000,10.819798284210286,1,2023,1,17,1,0,1,18,1,18,26,1081,1106,25,-0.9999904807207345,0.004363309284747004
Metro,Route_17,Station_24,Station_31,Clear,Parade,Summer,Sunday,24.8,81,55,10.8,74,0,0,0,0.0,0,2023,1,8,6,1,1,13,46,14,19,826,859,33,-0.44619781310980877,-0.8949343616020251
Bus,Route_17,Station_31,Station_13,Clear,Parade,Summer,Saturday,1.0,93,24,12.5,19,0,0,0,0.0,0,2023,1,21,5,1,1,17,0,17,26,1020,1046,26,-0.9659258262890683,-0.25881904510252063
Bus,Route_17,Station_1,Station_2,Cloudy,Festival,Summer,Wednesday,28.7,77,51,5.4,84,0,1,0,0.0,0,2023,1,18,2,0,1,11,34,12,5,694,725,31,0.11320321376790689,-0.9935718556765875
Tram,Route_3,Station_5,Station_29,Storm,Concert,Summer,Saturday,34.9,75,55,11.6,44,0,0,0,0.0,0,2023,1,21,5,1,1,1,1,1,39,61,99,38,0.2630312144579748,0.964787323828813
Bus,Route_5,Station_49,Station_40,Rain,Unknown / Missing Event,Winter,Tuesday,18.7,53,18,15.4,4,0,1,50000,10.819798284210286,1,2023,1,10,1,0,1,22,1,22,52,1321,1372,51,-0.49621650367520886,0.8681988144891419
Tram,Route_19,Station_3,Station_11,Snow,Parade,Winter,Friday,13.2,58,17,14.5,30,1,0,0,0.0,0,2023,1,13,4,0,1,11,33,11,52,693,712,19,0.11753739745783798,-0.9930684569549263
Metro,Route_9,Station_9,Station_1,Storm,Unknown / Missing Event,Autumn,Wednesday,27.2,55,54,15.3,28,1,0,2000,7.601402334583733,1,2023,1,11,2,0,1,11,4,11,49,664,709,45,0.24192189559966773,-0.9702957262759965
Metro,Route_13,Station_32,Station_21,Rain,Unknown / Missing Event,Spring,Tuesday,-0.4,52,9,4.3,35,0,1,50000,10.819798284210286,1,2023,1,17,1,0,1,11,16,11,36,676,696,20,0.19080899537654497,-0.981627183447664
Bus,Route_8,Station_13,Station_9,Rain,Parade,Spring,Tuesday,29.0,73,6,1.3,41,0,0,0,0.0,0,2023,1,3,1,0,1,3,4,3,41,184,221,37,0.7193398003386511,0.6946583704589974
Train,Route_3,Station_21,Station_3,Snow,Unknown / Missing Event,Spring,Friday,14.9,40,59,16.4,27,0,0,0,0.0,0,2023,1,13,4,0,1,20,33,20,51,1233,1251,18,-0.785316930880745,0.619093949309834
Bus,Route_9,Station_21,Station_16,Snow,Sports,Winter,Wednesday,-2.3,86,21,1.0,73,0,0,0,0.0,0,2023,1,18,2,0,1,3,31,4,11,211,251,40,0.796002002534622,0.6052939880428944
Tram,Route_2,Station_26,Station_26,Fog,Unknown / Missing Event,Winter,Tuesday,6.8,65,7,7.3,72,0,0,0,0.0,0,2023,1,3,1,0,1,21,1,21,34,1261,1294,33,-0.7040147244559687,0.7101853756232851
Train,Route_12,Station_6,Station_2,Clear,Unknown / Missing Event,Autumn,Thursday,-4.5,65,46,5.3,81,0,0,500,6.2166061010848646,1,2023,1,12,3,0,1,10,4,10,32,604,632,28,0.48480962024633717,-0.8746197071393957
Bus,Route_6,Station_25,Station_31,Clear,Unknown / Missing Event,Winter,Monday,2.2,60,46,10.1,86,0,0,2000,7.601402334583733,1,2023,1,16,0,0,1,17,16,17,41,1036,1061,25,-0.9816271834476639,-0.19080899537654547
Tram,Route_6,Station_47,Station_13,Snow,Unknown / Missing Event,Winter,Tuesday,-2.1,43,45,0.7,27,0,0,0,0.0,0,2023,1,10,1,0,1,14,46,15,38,886,938,52,-0.6626200482157372,-0.7489557207890024
Metro,Route_14,Station_30,Station_45,Fog,Unknown / Missing Event,Spring,Friday,12.0,90,15,8.2,24,0,0,0,0.0,0,2023,1,13,4,0,1,6,48,7,11,408,431,23,0.9781476007338057,-0.20791169081775912
Metro,Route_19,Station_36,Station_8,Clear,Unknown / Missing Event,Autumn,Monday,18.3,51,40,4.4,81,0,0,0,0.0,0,2023,1,2,0,0,1,8,32,9,15,512,555,43,0.788010753606722,-0.6156614753256583
Tram,Route_18,Station_37,Station_47,Fog,Unknown / Missing Event,Autumn,Sunday,33.2,77,53,6.7,51,0,0,50000,10.819798284210286,1,2023,1,1,6,1,1,18,2,18,27,1082,1107,25,-0.9999619230641713,0.008726535498374096
Train,Route_2,Station_15,Station_9,Cloudy,Sports,Autumn,Friday,-0.5,78,21,16.1,25,0,0,50000,10.819798284210286,1,2023,1,6,4,0,1,0,4,0,35,4,35,31,0.01745240643728351,0.9998476951563913
Tram,Route_15,Station_8,Station_4,Fog,Sports,Autumn,Thursday,-2.4,79,19,13.0,41,0,1,0,0.0,0,2023,1,5,3,0,1,0,0,0,54,0,54,54,0.0,1.0
Tram,Route_13,Station_26,Station_23,Storm,Protest,Winter,Sunday,10.1,61,31,14.1,35,0,0,0,0.0,0,2023,1,1,6,1,1,15,3,15,36,903,936,33,-0.7163019434246541,-0.6977904598416802
Tram,Route_18,Station_20,Station_42,Fog,Unknown / Missing Event,Summer,Sunday,-0.9,71,43,19.7,13,1,0,10000,9.210440366976517,1,2023,1,1,6,1,1,21,2,21,56,1262,1316,54,-0.7009092642998508,0.7132504491541817
Tram,Route_11,Station_38,Station_7,Storm,Unknown / Missing Event,Winter,Tuesday,4.9,97,44,9.2,9,0,1,0,0.0,0,2023,1,3,1,0,1,19,15,19,54,1155,1194,39,-0.9469301294951057,0.3214394653031615
Metro,Route_10,Station_39,Station_17,Snow,Unknown / Missing Event,Winter,Saturday,0.8,46,50,9.8,76,0,0,0,0.0,0,2023,1,7,5,1,1,1,4,1,49,64,109,45,0.27563735581699916,0.9612616959383189
Train,Route_5,Station_21,Station_46,Storm,Sports,Summer,Wednesday,34.5,68,8,4.7,64,0,0,0,0.0,0,2023,1,18,2,0,1,3,2,3,24,182,204,22,0.7132504491541816,0.7009092642998509
Train,Route_8,Station_13,Station_45,Rain,Parade,Summer,Saturday,23.9,31,6,8.0,21,0,1,0,0.0,0,2023,1,7,5,1,1,2,30,3,28,150,208,58,0.6087614290087207,0.7933533402912352
Tram,Route_3,Station_21,Station_36,Storm,Sports,Winter,Monday,11.5,79,11,18.5,15,0,0,2000,7.601402334583733,1,2023,1,9,0,0,1,10,18,11,5,618,665,47,0.4305110968082951,-0.9025852843498606
Tram,Route_14,Station_27,Station_45,Snow,Concert,Summer,Thursday,31.0,47,19,11.8,55,0,0,2000,7.601402334583733,1,2023,1,5,3,0,1,23,31,0,19,1411,19,48,-0.12619896913583012,0.992004949679715
Metro,Route_18,Station_13,Station_40,Storm,Concert,Autumn,Wednesday,-0.6,83,49,4.9,11,0,1,2000,7.601402334583733,1,2023,1,11,2,0,1,4,3,4,32,243,272,29,0.8724960070727971,0.48862124149695496
Metro,Route_15,Station_31,Station_24,Fog,Unknown / Missing Event,Autumn,Tuesday,27.4,53,51,3.9,93,0,0,0,0.0,0,2023,1,3,1,0,1,20,1,20,35,1201,1235,34,-0.8638355052043958,0.5037739770455261
Metro,Route_11,Station_3,Station_37,Storm,Unknown / Missing Event,Spring,Saturday,5.3,67,32,19.1,48,0,0,0,0.0,0,2023,1,14,5,1,1,11,49,12,33,709,753,44,0.04797812852134419,-0.9988483864849507
Train,Route_7,Station_33,Station_6,Fog,Unknown / Missing Event,Autumn,Friday,22.8,34,32,13.5,11,0,0,50000,10.819798284210286,1,2023,1,13,4,0,1,18,49,19,14,1129,1154,25,-0.9772311064626789,0.21217767215644612
Metro,Route_10,Station_44,Station_43,Storm,Festival,Spring,Sunday,-4.3,32,52,2.2,88,0,0,0,0.0,0,2023,1,1,6,1,1,9,3,9,20,543,560,17,0.6977904598416802,-0.7163019434246543
Bus,Route_5,Station_41,Station_7,Snow,Unknown / Missing Event,Autumn,Thursday,2.6,70,46,15.6,41,0,0,50000,10.819798284210286,1,2023,1,19,3,0,1,0,31,1,19,31,79,48,0.134850930273723,0.9908658973868822
Bus,Route_5,Station_11,Station_25,Rain,Festival,Autumn,Thursday,20.9,76,25,2.3,78,0,0,0,0.0,0,2023,1,5,3,0,1,12,18,12,45,738,765,27,-0.07845909572784482,-0.996917333733128
Bus,Route_16,Station_8,Station_15,Rain,Unknown / Missing Event,Spring,Friday,-3.3,85,56,11.9,69,0,0,2000,7.601402334583733,1,2023,1,13,4,0,1,19,17,20,11,1157,1211,54,-0.9440890203927844,0.32969064526278663
Metro,Route_9,Station_9,Station_6,Snow,Unknown / Missing Event,Summer,Sunday,0.7,79,19,14.8,65,0,0,500,6.2166061010848646,1,2023,1,8,6,1,1,21,4,21,46,1264,1306,42,-0.6946583704589976,0.7193398003386509
Tram,Route_15,Station_27,Station_18,Cloudy,Protest,Autumn,Monday,-3.5,86,43,2.4,29,0,0,50000,10.819798284210286,1,2023,1,9,0,0,1,12,16,12,43,736,763,27,-0.06975647374412483,-0.9975640502598243
Train,Route_5,Station_30,Station_12,Clear,Concert,Summer,Thursday,16.1,77,56,4.7,81,0,0,0,0.0,0,2023,1,19,3,0,1,18,4,18,37,1084,1117,33,-0.9998476951563913,0.01745240643728313
Bus,Route_8,Station_40,Station_32,Clear,Unknown / Missing Event,Autumn,Friday,12.6,64,45,4.6,40,0,0,0,0.0,0,2023,1,13,4,0,1,5,48,6,27,348,387,39,0.9986295347545738,0.052335956242943966
Bus,Route_13,Station_7,Station_19,Clear,Protest,Winter,Tuesday,34.5,34,13,15.8,73,0,0,0,0.0,0,2023,1,3,1,0,1,1,30,1,57,90,117,27,0.3826834323650898,0.9238795325112867
Tram,Route_15,Station_38,Station_40,Clear,Protest,Winter,Wednesday,23.5,64,57,14.6,92,0,0,0,0.0,0,2023,1,18,2,0,1,16,19,16,35,979,995,16,-0.9044551454543679,-0.4265687399014586
Train,Route_2,Station_22,Station_32,Cloudy,Sports,Winter,Friday,21.9,75,1,2.5,30,0,0,0,0.0,0,2023,1,6,4,0,1,18,47,19,7,1127,1147,20,-0.979045472484584,0.203641751140177
Metro,Route_11,Station_26,Station_43,Rain,Unknown / Missing Event,Autumn,Thursday,3.6,61,56,15.9,79,0,0,0,0.0,0,2023,1,5,3,0,1,7,46,8,8,466,488,22,0.894934361602025,-0.4461978131098088
Bus,Route_10,Station_28,Station_35,Clear,Unknown / Missing Event,Winter,Sunday,27.2,37,1,16.7,9,0,0,0,0.0,0,2023,1,1,6,1,1,23,33,23,59,1413,1439,26,-0.11753739745783766,0.9930684569549263
Tram,Route_20,Station_24,Station_45,Fog,Unknown / Missing Event,Spring,Wednesday,3.1,75,56,13.4,26,0,0,2000,7.601402334583733,1,2023,1,4,2,0,1,19,2,19,37,1142,1177,35,-0.9636304532086231,0.26723837607825673
Tram,Route_6,Station_7,Station_13,Snow,Unknown / Missing Event,Autumn,Saturday,5.9,81,31,18.0,34,0,0,2000,7.601402334583733,1,2023,1,21,5,1,1,9,4,9,46,544,586,42,0.6946583704589971,-0.7193398003386513
Train,Route_14,Station_13,Station_37,Cloudy,Unknown / Missing Event,Summer,Saturday,23.4,71,56,0.4,40,0,0,0,0.0,0,2023,1,14,5,1,1,6,18,7,10,378,430,52,0.996917333733128,-0.07845909572784487
Metro,Route_17,Station_36,Station_16,Rain,Protest,Winter,Wednesday,19.3,45,47,15.4,92,0,0,0,0.0,0,2023,1,11,2,0,1,10,30,11,27,630,687,57,0.3826834323650899,-0.9238795325112867
Bus,Route_1,Station_42,Station_27,Storm,Concert,Winter,Tuesday,18.1,74,19,13.4,92,0,0,0,0.0,0,2023,1,10,1,0,1,20,33,21,23,1233,1283,50,-0.785316930880745,0.619093949309834
Bus,Route_15,Station_41,Station_22,Fog,Unknown / Missing Event,Winter,Sunday,9.6,91,12,7.9,49,0,0,0,0.0,0,2023,1,8,6,1,1,0,45,1,42,45,102,57,0.19509032201612825,0.9807852804032304
Bus,Route_3,Station_12,Station_8,Snow,Sports,Spring,Saturday,21.5,38,52,16.6,30,0,0,50000,10.819798284210286,1,2023,1,14,5,1,1,3,0,3,38,180,218,38,0.7071067811865476,0.7071067811865476
Metro,Route_9,Station_9,Station_24,Storm,Parade,Autumn,Monday,15.4,46,16,8.9,51,1,1,10000,9.210440366976517,1,2023,1,9,0,0,1,5,3,5,43,303,343,40,0.9692309097067544,0.24615329302899316
Train,Route_18,Station_24,Station_14,Storm,Unknown / Missing Event,Winter,Thursday,23.4,33,56,0.7,73,0,0,0,0.0,0,2023,1,19,3,0,1,9,3,9,53,543,593,50,0.6977904598416802,-0.7163019434246543
Bus,Route_3,Station_49,Station_18,Snow,Sports,Autumn,Tuesday,20.1,47,13,14.3,27,1,0,0,0.0,0,2023,1,17,1,0,1,16,31,16,59,991,1019,28,-0.9255405040175664,-0.378648617352433
Bus,Route_1,Station_4,Station_50,Fog,Parade,Summer,Tuesday,3.8,98,9,16.0,25,1,0,50000,10.819798284210286,1,2023,1,17,1,0,1,1,47,2,19,107,139,32,0.45009844103743496,0.892978943411137
Metro,Route_15,Station_8,Station_41,Cloudy,Festival,Autumn,Monday,20.6,97,9,11.5,91,0,0,500,6.2166061010848646,1,2023,1,16,0,0,1,5,33,5,56,333,356,23,0.9930684569549263,0.1175373974578377
Tram,Route_12,Station_15,Station_16,Snow,Sports,Autumn,Monday,-4.5,70,37,16.6,14,0,1,500,6.2166061010848646,1,2023,1,16,0,0,1,2,18,2,35,138,155,17,0.5664062369248328,0.8241261886220157
Metro,Route_12,Station_18,Station_35,Fog,Protest,Winter,Thursday,14.9,69,30,5.1,27,0,0,10000,9.210440366976517,1,2023,1,5,3,0,1,8,31,8,50,511,530,19,0.7906895737438435,-0.6122172800344491
Tram,Route_14,Station_4,Station_20,Snow,Unknown / Missing Event,Spring,Thursday,8.9,41,53,1.7,34,0,0,0,0.0,0,2023,1,5,3,0,1,23,46,0,37,1426,37,51,-0.061048539534856866,0.9981347984218669
Bus,Route_2,Station_12,Station_42,Snow,Sports,Autumn,Monday,24.4,82,31,4.0,32,0,1,0,0.0,0,2023,1,2,0,0,1,18,0,18,51,1080,1131,51,-1.0,-1.8369701987210297e-16
Tram,Route_19,Station_30,Station_8,Storm,Festival,Summer,Sunday,0.8,57,21,14.6,68,0,0,2000,7.601402334583733,1,2023,1,15,6,1,1,8,48,9,18,528,558,30,0.7431448254773942,-0.6691306063588582
Metro,Route_15,Station_36,Station_18,Storm,Unknown / Missing Event,Spring,Monday,9.1,36,20,19.1,47,1,1,50000,10.819798284210286,1,2023,1,2,0,0,1,3,34,3,57,214,237,23,0.8038568606172173,0.5948227867513414
Tram,Route_10,Station_40,Station_13,Clear,Unknown / Missing Event,Summer,Tuesday,12.8,79,31,18.2,93,0,0,50000,10.819798284210286,1,2023,1,3,1,0,1,6,47,7,12,407,432,25,0.9790454724845838,-0.20364175114017755
Metro,Route_5,Station_10,Station_14,Snow,Unknown / Missing Event,Spring,Sunday,34.1,76,15,16.9,25,0,0,0,0.0,0,2023,1,8,6,1,1,14,3,14,49,843,889,46,-0.5112930860770523,-0.8594064115014526
Metro,Route_10,Station_47,Station_30,Rain,Unknown / Missing Event,Autumn,Thursday,30.8,63,23,9.9,92,0,0,0,0.0,0,2023,1,19,3,0,1,23,49,0,29,1429,29,40,-0.04797812852134387,0.9988483864849507
Train,Route_4,Station_46,Station_2,Storm,Unknown / Missing Event,Summer,Monday,-0.4,47,52,9.8,16,0,1,0,0.0,0,2023,1,16,0,0,1,11,47,12,9,707,729,22,0.05669278756337765,-0.9983916705573488
Train,Route_13,Station_10,Station_39,Cloudy,Unknown / Missing Event,Autumn,Sunday,23.3,85,53,17.0,60,0,0,0,0.0,0,2023,1,8,6,1,1,6,32,6,58,392,418,26,0.9902680687415704,-0.13917310096006535
Metro,Route_4,Station_5,Station_18,Rain,Unknown / Missing Event,Summer,Saturday,5.0,51,15,6.5,55,0,1,2000,7.601402334583733,1,2023,1,7,5,1,1,21,34,21,54,1294,1314,20,-0.594822786751341,0.8038568606172175
Train,Route_19,Station_33,Station_41,Fog,Unknown / Missing Event,Autumn,Wednesday,27.4,78,37,11.7,22,0,0,0,0.0,0,2023,1,11,2,0,1,15,0,15,51,900,951,51,-0.7071067811865475,-0.7071067811865477
Train,Route_11,Station_35,Station_13,Snow,Festival,Spring,Friday,27.2,95,47,19.0,18,0,0,500,6.2166061010848646,1,2023,1,13,4,0,1,21,1,21,38,1261,1298,37,-0.7040147244559687,0.7101853756232851
Train,Route_11,Station_23,Station_28,Rain,Unknown / Missing Event,Winter,Saturday,33.7,85,50,16.0,19,0,0,0,0.0,0,2023,1,7,5,1,1,0,48,1,23,48,83,35,0.20791169081775931,0.9781476007338057
Bus,Route_11,Station_32,Station_46,Clear,Unknown / Missing Event,Winter,Tuesday,7.6,97,29,6.9,10,0,0,0,0.0,0,2023,1,17,1,0,1,6,46,7,15,406,435,29,0.9799247046208296,-0.19936793441719705
Metro,Route_12,Station_8,Station_37,Storm,Festival,Autumn,Tuesday,17.4,94,32,1.1,52,1,0,0,0.0,0,2023,1,17,1,0,1,19,19,19,59,1159,1199,40,-0.9411760152563707,0.3379167180033267
Metro,Route_9,Station_16,Station_17,Fog,Unknown / Missing Event,Summer,Tuesday,30.3,81,10,9.4,46,1,1,2000,7.601402334583733,1,2023,1,17,1,0,1,9,16,10,4,556,604,48,0.6560590289905073,-0.754709580222772
Bus,Route_14,Station_9,Station_16,Storm,Unknown / Missing Event,Winter,Monday,-4.3,44,37,17.1,47,0,0,0,0.0,0,2023,1,16,0,0,1,23,3,23,45,1383,1425,42,-0.24615329302899291,0.9692309097067544
Bus,Route_8,Station_37,Station_29,Fog,Festival,Summer,Monday,2.8,44,19,19.6,7,1,0,0,0.0,0,2023,1,2,0,0,1,23,49,0,38,1429,38,49,-0.04797812852134387,0.9988483864849507
Metro,Route_11,Station_40,Station_1,Rain,Unknown / Missing Event,Autumn,Saturday,-2.9,34,36,14.1,85,0,1,0,0.0,0,2023,1,7,5,1,1,8,47,9,20,527,560,33,0.7460573750616996,-0.6658816660008342
Bus,Route_5,Station_40,Station_31,Snow,Unknown / Missing Event,Summer,Wednesday,14.4,61,43,10.3,71,0,0,10000,9.210440366976517,1,2023,1,11,2,0,1,16,2,16,51,962,1011,49,-0.8703556959398996,-0.4924235601034672
Tram,Route_2,Station_47,Station_7,Rain,Unknown / Missing Event,Spring,Sunday,-0.1,75,41,17.1,74,1,1,0,0.0,0,2023,1,8,6,1,1,18,33,19,20,1113,1160,47,-0.9896513868196702,0.14349262199117904
Train,Route_16,Station_33,Station_44,Snow,Unknown / Missing Event,Summer,Saturday,20.3,85,16,19.9,86,0,0,2000,7.601402334583733,1,2023,1,7,5,1,1,20,31,21,11,1231,1271,40,-0.7906895737438435,0.612217280034449
Tram,Route_19,Station_2,Station_4,Storm,Sports,Winter,Saturday,18.2,92,55,8.1,86,0,0,0,0.0,0,2023,1,21,5,1,1,18,3,18,28,1083,1108,25,-0.999914327574007,0.01308959557134433
Tram,Route_9,Station_41,Station_31,Snow,Unknown / Missing Event,Autumn,Thursday,17.2,42,19,15.1,90,0,0,0,0.0,0,2023,1,5,3,0,1,12,30,13,11,750,791,41,-0.13052619222005132,-0.9914448613738105
Bus,Route_9,Station_28,Station_27,Clear,Unknown / Missing Event,Summer,Friday,26.0,35,18,1.4,81,0,0,0,0.0,0,2023,1,13,4,0,1,19,1,19,50,1141,1190,49,-0.9647873238288129,0.2630312144579749
Bus,Route_18,Station_32,Station_4,Rain,Unknown / Missing Event,Summer,Friday,29.9,86,47,16.2,79,0,1,500,6.2166061010848646,1,2023,1,6,4,0,1,18,18,18,59,1098,1139,41,-0.9969173337331281,0.07845909572784432
Metro,Route_11,Station_3,Station_47,Storm,Unknown / Missing Event,Autumn,Monday,24.8,98,45,17.7,57,0,1,0,0.0,0,2023,1,9,0,0,1,22,32,23,26,1352,1406,54,-0.37460659341591235,0.9271838545667873
Tram,Route_13,Station_16,Station_19,Cloudy,Festival,Winter,Tuesday,1.9,64,59,17.8,10,0,0,0,0.0,0,2023,1,17,1,0,1,23,17,0,5,1397,5,48,-0.18652403600873563,0.9824503977255096
Metro,Route_6,Station_13,Station_42,Cloudy,Festival,Summer,Wednesday,16.5,88,5,0.5,22,0,0,2000,7.601402334583733,1,2023,1,4,2,0,1,3,0,3,53,180,233,53,0.7071067811865476,0.7071067811865476
Bus,Route_15,Station_48,Station_46,Clear,Festival,Winter,Friday,29.9,96,18,20.0,29,0,0,2000,7.601402334583733,1,2023,1,6,4,0,1,19,32,19,55,1172,1195,23,-0.9205048534524405,0.3907311284892735
Bus,Route_1,Station_49,Station_8,Cloudy,Unknown / Missing Event,Summer,Friday,32.6,96,52,15.9,94,0,0,0,0.0,0,2023,1,6,4,0,1,4,30,5,24,270,324,54,0.9238795325112867,0.38268343236508984
Train,Route_18,Station_41,Station_5,Clear,Unknown / Missing Event,Spring,Sunday,31.3,59,26,13.2,74,1,1,0,0.0,0,2023,1,8,6,1,1,17,2,17,29,1022,1049,27,-0.9681476403781076,-0.25038000405444183
Bus,Route_8,Station_49,Station_47,Fog,Unknown / Missing Event,Winter,Wednesday,0.6,60,55,7.0,67,0,0,0,0.0,0,2023,1,11,2,0,1,22,19,22,56,1339,1376,37,-0.4265687399014579,0.9044551454543682
Metro,Route_4,Station_5,Station_1,Clear,Unknown / Missing Event,Winter,Tuesday,22.6,43,0,11.2,93,0,0,0,0.0,0,2023,1,10,1,0,1,12,34,13,2,754,782,28,-0.1478094111296106,-0.9890158633619168
Train,Route_19,Station_32,Station_32,Cloudy,Unknown / Missing Event,Autumn,Tuesday,-0.4,94,33,8.6,12,0,1,2000,7.601402334583733,1,2023,1,3,1,0,1,12,33,13,13,753,793,40,-0.1434926219911791,-0.9896513868196702
Train,Route_14,Station_34,Station_24,Cloudy,Unknown / Missing Event,Spring,Friday,-0.4,89,6,19.9,15,0,0,0,0.0,0,2023,1,6,4,0,1,17,17,17,38,1037,1058,21,-0.9824503977255097,-0.18652403600873468
Bus,Route_6,Station_2,Station_17,Snow,Unknown / Missing Event,Summer,Tuesday,17.9,39,47,16.6,97,0,0,10000,9.210440366976517,1,2023,1,17,1,0,1,23,32,0,24,1412,24,52,-0.12186934340514811,0.992546151641322
Train,Route_9,Station_3,Station_17,Cloudy,Unknown / Missing Event,Autumn,Saturday,25.3,79,49,2.9,17,0,0,0,0.0,0,2023,1,7,5,1,1,5,49,6,31,349,391,42,0.9988483864849507,0.04797812852134391
Metro,Route_9,Station_17,Station_23,Cloudy,Protest,Spring,Monday,10.5,42,42,19.0,5,0,0,50000,10.819798284210286,1,2023,1,16,0,0,1,14,46,15,27,886,927,41,-0.6626200482157372,-0.7489557207890024
Train,Route_13,Station_48,Station_32,Snow,Unknown / Missing Event,Winter,Friday,17.6,30,12,14.6,9,0,0,0,0.0,0,2023,1,13,4,0,1,22,18,23,3,1338,1383,45,-0.4305110968082952,0.9025852843498606
Bus,Route_3,Station_47,Station_48,Clear,Unknown / Missing Event,Spring,Sunday,32.0,47,33,10.1,63,0,1,0,0.0,0,2023,1,1,6,1,1,19,45,20,21,1185,1221,36,-0.8968727415326884,0.442288690219001
Tram,Route_16,Station_15,Station_29,Fog,Unknown / Missing Event,Summer,Thursday,-2.1,94,53,2.4,29,0,0,0,0.0,0,2023,1,19,3,0,1,21,3,21,25,1263,1285,22,-0.6977904598416802,0.7163019434246541
Bus,Route_9,Station_9,Station_14,Cloudy,Unknown / Missing Event,Summer,Thursday,-2.9,96,18,13.2,65,0,0,0,0.0,0,2023,1,5,3,0,1,3,16,3,49,196,229,33,0.754709580222772,0.6560590289905073
Bus,Route_19,Station_15,Station_45,Clear,Concert,Autumn,Monday,34.2,86,17,10.7,6,0,1,0,0.0,0,2023,1,9,0,0,1,0,49,1,40,49,100,51,0.21217767215644626,0.9772311064626789
Tram,Route_17,Station_29,Station_48,Clear,Unknown / Missing Event,Summer,Sunday,17.8,55,35,8.8,23,0,0,2000,7.601402334583733,1,2023,1,22,6,1,1,0,34,1,18,34,78,44,0.14780941112961063,0.9890158633619168
Bus,Route_3,Station_32,Station_33,Clear,Concert,Spring,Monday,6.1,35,14,9.2,49,0,0,10000,9.210440366976517,1,2023,1,16,0,0,1,7,46,8,37,466,517,51,0.894934361602025,-0.4461978131098088
Metro,Route_10,Station_10,Station_43,Fog,Unknown / Missing Event,Spring,Sunday,4.6,99,2,14.9,16,0,0,10000,9.210440366976517,1,2023,1,8,6,1,1,7,49,8,24,469,504,35,0.8890171414857366,-0.45787391511695646
Train,Route_5,Station_12,Station_30,Clear,Unknown / Missing Event,Summer,Monday,30.9,34,54,7.3,58,0,0,0,0.0,0,2023,1,2,0,0,1,22,4,22,21,1324,1341,17,-0.4848096202463369,0.8746197071393959
Bus,Route_7,Station_23,Station_31,Fog,Unknown / Missing Event,Spring,Tuesday,17.8,75,54,14.8,76,0,0,0,0.0,0,2023,1,3,1,0,1,9,16,9,45,556,585,29,0.6560590289905073,-0.754709580222772
Train,Route_1,Station_13,Station_12,Cloudy,Unknown / Missing Event,Summer,Wednesday,10.6,69,10,16.4,95,0,1,0,0.0,0,2023,1,18,2,0,1,23,45,0,8,1425,8,23,-0.06540312923014367,0.9978589232386035
Train,Route_16,Station_44,Station_22,Clear,Unknown / Missing Event,Spring,Sunday,2.9,96,24,3.6,89,1,0,0,0.0,0,2023,1,1,6,1,1,11,30,12,22,690,742,52,0.13052619222005157,-0.9914448613738104
Train,Route_13,Station_33,Station_26,Rain,Unknown / Missing Event,Spring,Wednesday,21.2,35,44,10.1,25,0,0,2000,7.601402334583733,1,2023,1,18,2,0,1,9,45,10,19,585,619,34,0.5555702330196022,-0.8314696123025453
Tram,Route_5,Station_47,Station_23,Fog,Unknown / Missing Event,Summer,Monday,32.9,67,10,1.6,18,0,1,0,0.0,0,2023,1,2,0,0,1,22,49,23,33,1369,1413,44,-0.30486429902801043,0.9523957996432785
Metro,Route_6,Station_24,Station_32,Fog,Unknown / Missing Event,Autumn,Wednesday,-4.9,44,41,2.2,94,0,0,50000,10.819798284210286,1,2023,1,4,2,0,1,23,2,23,44,1382,1424,42,-0.2503800040544419,0.9681476403781076
Bus,Route_9,Station_20,Station_32,Snow,Festival,Winter,Monday,7.4,95,32,15.0,4,0,0,500,6.2166061010848646,1,2023,1,16,0,0,1,2,49,3,28,169,208,39,0.672366807434668,0.7402181274868321
Tram,Route_13,Station_6,Station_36,Cloudy,Unknown / Missing Event,Autumn,Tuesday,2.4,88,15,8.1,24,1,0,0,0.0,0,2023,1,3,1,0,1,0,2,0,50,2,50,48,0.008726535498373935,0.9999619230641713
Tram,Route_5,Station_1,Station_6,Fog,Parade,Summer,Thursday,7.6,75,37,15.9,48,0,1,0,0.0,0,2023,1,19,3,0,1,17,17,17,40,1037,1060,23,-0.9824503977255097,-0.18652403600873468
Metro,Route_7,Station_8,Station_42,Rain,Unknown / Missing Event,Spring,Friday,10.4,38,41,12.6,65,0,1,0,0.0,0,2023,1,20,4,0,1,9,31,10,6,571,606,35,0.6052939880428945,-0.796002002534622
Bus,Route_5,Station_23,Station_50,Storm,Festival,Summer,Wednesday,29.5,33,1,16.4,50,0,0,0,0.0,0,2023,1,11,2,0,1,1,32,2,15,92,135,43,0.3907311284892737,0.9205048534524404
Train,Route_16,Station_20,Station_12,Cloudy,Concert,Autumn,Sunday,-1.9,60,38,10.9,35,0,1,500,6.2166061010848646,1,2023,1,8,6,1,1,3,33,3,54,213,234,21,0.8012538126910607,0.5983246005706591
Metro,Route_1,Station_2,Station_29,Cloudy,Parade,Autumn,Friday,13.2,57,27,17.2,17,0,0,2000,7.601402334583733,1,2023,1,6,4,0,1,22,46,23,12,1366,1392,26,-0.31730465640509187,0.9483236552061994
Train,Route_16,Station_24,Station_44,Snow,Concert,Summer,Sunday,21.9,93,52,3.3,67,1,1,0,0.0,0,2023,1,15,6,1,1,17,17,17,36,1037,1056,19,-0.9824503977255097,-0.18652403600873468
Train,Route_15,Station_25,Station_45,Fog,Protest,Summer,Tuesday,33.0,42,8,3.8,66,0,0,0,0.0,0,2023,1,10,1,0,1,1,48,2,7,108,127,19,0.45399049973954675,0.8910065241883679
Metro,Route_15,Station_35,Station_18,Snow,Festival,Autumn,Tuesday,8.9,68,49,0.1,48,0,0,2000,7.601402334583733,1,2023,1,17,1,0,1,11,30,12,13,690,733,43,0.13052619222005157,-0.9914448613738104
Train,Route_16,Station_36,Station_4,Clear,Unknown / Missing Event,Winter,Tuesday,19.0,59,33,19.7,89,0,0,0,0.0,0,2023,1,3,1,0,1,3,34,4,25,214,265,51,0.8038568606172173,0.5948227867513414
Metro,Route_18,Station_38,Station_20,Fog,Unknown / Missing Event,Summer,Sunday,34.4,77,9,18.7,68,0,1,10000,9.210440366976517,1,2023,1,15,6,1,1,7,45,8,7,465,487,22,0.8968727415326884,-0.44228869021900113
Bus,Route_15,Station_43,Station_7,Cloudy,Unknown / Missing Event,Autumn,Thursday,19.7,73,49,4.5,13,0,0,0,0.0,0,2023,1,12,3,0,1,17,30,18,26,1050,1106,56,-0.9914448613738104,-0.13052619222005163
Metro,Route_17,Station_18,Station_2,Fog,Sports,Winter,Sunday,-3.9,70,38,2.0,72,0,0,0,0.0,0,2023,1,8,6,1,1,6,19,6,36,379,396,17,0.9965655024977614,-0.08280820751220423
Train,Route_1,Station_41,Station_4,Cloudy,Unknown / Missing Event,Autumn,Sunday,12.1,63,27,7.4,8,0,0,0,0.0,0,2023,1,8,6,1,1,10,31,11,13,631,673,42,0.37864861735243294,-0.9255405040175664
Train,Route_17,Station_25,Station_42,Snow,Unknown / Missing Event,Summer,Tuesday,31.9,70,39,12.3,68,0,0,0,0.0,0,2023,1,17,1,0,1,23,3,23,56,1383,1436,53,-0.24615329302899291,0.9692309097067544
Train,Route_2,Station_45,Station_39,Rain,Festival,Autumn,Monday,-1.8,30,50,4.2,3,0,1,0,0.0,0,2023,1,2,0,0,1,7,4,7,28,424,448,24,0.9612616959383189,-0.27563735581699905
Metro,Route_16,Station_25,Station_26,Cloudy,Festival,Winter,Saturday,14.1,57,59,1.7,75,0,0,0,0.0,0,2023,1,21,5,1,1,0,1,0,32,1,32,31,0.004363309284746571,0.9999904807207345
Train,Route_2,Station_4,Station_46,Cloudy,Unknown / Missing Event,Summer,Wednesday,23.6,40,2,12.2,29,0,0,2000,7.601402334583733,1,2023,1,18,2,0,1,22,15,22,59,1335,1379,44,-0.4422886902190014,0.8968727415326883
Train,Route_15,Station_22,Station_27,Clear,Unknown / Missing Event,Spring,Thursday,2.9,66,17,12.7,27,0,0,0,0.0,0,2023,1,5,3,0,1,13,46,14,32,826,872,46,-0.44619781310980877,-0.8949343616020251
Metro,Route_5,Station_23,Station_46,Fog,Festival,Summer,Friday,19.2,58,36,6.6,24,0,0,0,0.0,0,2023,1,6,4,0,1,11,30,12,27,690,747,57,0.13052619222005157,-0.9914448613738104
Bus,Route_19,Station_32,Station_7,Snow,Unknown / Missing Event,Winter,Friday,4.0,52,13,3.0,69,0,0,0,0.0,0,2023,1,13,4,0,1,10,32,10,59,632,659,27,0.37460659341591224,-0.9271838545667873
Bus,Route_20,Station_1,Station_47,Snow,Parade,Winter,Tuesday,26.2,64,21,19.4,37,0,1,0,0.0,0,2023,1,3,1,0,1,18,33,18,57,1113,1137,24,-0.9896513868196702,0.14349262199117904
Train,Route_1,Station_48,Station_3,Snow,Sports,Autumn,Thursday,-2.8,92,29,17.1,21,0,0,0,0.0,0,2023,1,5,3,0,1,21,49,22,43,1309,1363,54,-0.5409744713679948,0.8410390129643919
Tram,Route_12,Station_25,Station_35,Cloudy,Concert,Autumn,Saturday,32.5,89,37,12.5,3,0,0,500,6.2166061010848646,1,2023,1,7,5,1,1,15,45,16,33,945,993,48,-0.8314696123025448,-0.555570233019603
Train,Route_16,Station_17,Station_26,Fog,Unknown / Missing Event,Summer,Monday,32.3,34,15,7.0,25,0,0,0,0.0,0,2023,1,16,0,0,1,20,15,20,41,1215,1241,26,-0.8314696123025455,0.5555702330196018
Metro,Route_20,Station_3,Station_32,Cloudy,Unknown / Missing Event,Spring,Tuesday,3.1,75,38,11.9,23,1,0,10000,9.210440366976517,1,2023,1,10,1,0,1,14,16,14,47,856,887,31,-0.5591929034707467,-0.8290375725550417
Metro,Route_5,Station_26,Station_38,Snow,Sports,Winter,Sunday,1.7,68,44,8.8,90,0,1,0,0.0,0,2023,1,15,6,1,1,8,31,9,6,511,546,35,0.7906895737438435,-0.6122172800344491
Tram,Route_1,Station_15,Station_40,Storm,Unknown / Missing Event,Summer,Thursday,4.5,65,53,13.1,5,0,1,10000,9.210440366976517,1,2023,1,12,3,0,1,19,16,20,6,1156,1206,50,-0.945518575599317,0.3255681544571563
Tram,Route_2,Station_21,Station_23,Storm,Unknown / Missing Event,Spring,Wednesday,20.9,84,8,6.5,42,0,0,0,0.0,0,2023,1,4,2,0,1,22,45,23,21,1365,1401,36,-0.32143946530316186,0.9469301294951056
Metro,Route_14,Station_23,Station_24,Cloudy,Unknown / Missing Event,Autumn,Friday,23.2,91,57,1.4,37,0,0,500,6.2166061010848646,1,2023,1,13,4,0,1,1,32,2,5,92,125,33,0.3907311284892737,0.9205048534524404
Train,Route_19,Station_19,Station_46,Storm,Unknown / Missing Event,Winter,Wednesday,33.8,46,15,17.5,56,0,0,0,0.0,0,2023,1,18,2,0,1,19,31,20,3,1171,1203,32,-0.9222009716704518,0.3867109616368206
Bus,Route_8,Station_50,Station_2,Storm,Concert,Autumn,Saturday,1.1,57,58,8.2,40,1,0,10000,9.210440366976517,1,2023,1,21,5,1,1,2,17,3,11,137,191,54,0.5628049276950685,0.8265897491271886
Metro,Route_1,Station_12,Station_27,Fog,Unknown / Missing Event,Summer,Friday,31.4,75,14,12.0,10,1,1,10000,9.210440366976517,1,2023,1,6,4,0,1,9,47,10,23,587,623,36,0.5482932295199138,-0.8362861558477596
Train,Route_2,Station_18,Station_42,Storm,Sports,Summer,Saturday,5.5,59,12,4.2,73,0,0,0,0.0,0,2023,1,14,5,1,1,21,30,21,54,1290,1314,24,-0.608761429008721,0.7933533402912349
Metro,Route_6,Station_25,Station_6,Rain,Unknown / Missing Event,Spring,Saturday,20.8,61,47,13.7,87,0,0,0,0.0,0,2023,1,14,5,1,1,20,19,20,40,1219,1240,21,-0.821646937942164,0.5699967625963025
Bus,Route_2,Station_44,Station_13,Storm,Unknown / Missing Event,Spring,Saturday,32.0,77,49,4.9,25,0,1,0,0.0,0,2023,1,21,5,1,1,8,2,8,42,482,522,40,0.8616291604415257,-0.5075383629607043
Train,Route_4,Station_42,Station_45,Clear,Unknown / Missing Event,Autumn,Tuesday,12.7,36,1,11.9,32,0,0,50000,10.819798284210286,1,2023,1,10,1,0,1,21,0,21,20,1260,1280,20,-0.7071067811865477,0.7071067811865474
Metro,Route_3,Station_34,Station_34,Clear,Protest,Spring,Tuesday,26.3,77,31,3.5,50,0,0,0,0.0,0,2023,1,10,1,0,1,6,45,7,18,405,438,33,0.9807852804032305,-0.19509032201612797
Train,Route_2,Station_17,Station_43,Fog,Unknown / Missing Event,Winter,Tuesday,-2.9,47,53,3.2,16,0,0,0,0.0,0,2023,1,17,1,0,1,17,15,18,11,1035,1091,56,-0.9807852804032303,-0.19509032201612866
Tram,Route_2,Station_25,Station_9,Storm,Festival,Autumn,Tuesday,2.5,32,56,16.2,76,0,0,0,0.0,0,2023,1,3,1,0,1,1,0,1,44,60,104,44,0.25881904510252074,0.9659258262890683
Bus,Route_3,Station_41,Station_22,Rain,Unknown / Missing Event,Spring,Thursday,21.7,45,41,14.3,90,1,0,0,0.0,0,2023,1,5,3,0,1,12,49,13,19,769,799,30,-0.21217767215644617,-0.9772311064626789
Metro,Route_12,Station_26,Station_35,Snow,Unknown / Missing Event,Winter,Thursday,32.1,69,50,13.4,4,0,0,0,0.0,0,2023,1,5,3,0,1,11,3,11,32,663,692,29,0.24615329302899322,-0.9692309097067543
Metro,Route_9,Station_10,Station_45,Fog,Unknown / Missing Event,Spring,Thursday,3.3,43,36,1.7,26,0,0,2000,7.601402334583733,1,2023,1,5,3,0,1,2,47,3,29,167,209,42,0.6658816660008343,0.7460573750616994
Train,Route_11,Station_31,Station_34,Storm,Unknown / Missing Event,Autumn,Saturday,27.0,67,59,6.6,52,0,0,0,0.0,0,2023,1,14,5,1,1,9,0,9,37,540,577,37,0.7071067811865476,-0.7071067811865475
Train,Route_19,Station_46,Station_32,Storm,Unknown / Missing Event,Spring,Monday,0.7,95,17,16.4,42,0,0,2000,7.601402334583733,1,2023,1,16,0,0,1,5,15,5,35,315,335,20,0.9807852804032304,0.19509032201612833
Train,Route_16,Station_29,Station_6,Rain,Festival,Spring,Thursday,17.0,60,32,19.8,70,1,0,0,0.0,0,2023,1,12,3,0,1,23,19,0,4,1399,4,45,-0.17794354547384153,0.9840406976462909
Tram,Route_10,Station_12,Station_19,Snow,Concert,Summer,Thursday,7.7,93,39,17.3,71,0,1,0,0.0,0,2023,1,19,3,0,1,15,45,16,16,945,976,31,-0.8314696123025448,-0.555570233019603
Metro,Route_5,Station_28,Station_24,Snow,Unknown / Missing Event,Winter,Tuesday,29.5,78,51,12.3,67,0,0,10000,9.210440366976517,1,2023,1,17,1,0,1,7,33,8,23,453,503,50,0.9187912101488983,-0.39474385638426723
Metro,Route_7,Station_4,Station_1,Clear,Unknown / Missing Event,Spring,Thursday,0.2,89,59,1.7,8,0,1,10000,9.210440366976517,1,2023,1,5,3,0,1,19,17,20,2,1157,1202,45,-0.9440890203927844,0.32969064526278663
Train,Route_1,Station_20,Station_15,Clear,Unknown / Missing Event,Summer,Friday,33.9,65,38,18.0,4,0,1,0,0.0,0,2023,1,6,4,0,1,8,18,9,2,498,542,44,0.8241261886220158,-0.5664062369248326
Bus,Route_9,Station_9,Station_23,Clear,Festival,Spring,Saturday,-4.5,59,23,7.7,23,0,0,0,0.0,0,2023,1,21,5,1,1,17,16,18,8,1036,1088,52,-0.9816271834476639,-0.19080899537654547
Train,Route_1,Station_30,Station_41,Storm,Festival,Spring,Wednesday,4.3,80,40,0.3,11,0,0,0,0.0,0,2023,1,4,2,0,1,4,2,4,27,242,267,25,0.8703556959398997,0.4924235601034671
Bus,Route_18,Station_43,Station_35,Fog,Unknown / Missing Event,Winter,Saturday,30.3,92,16,19.8,77,0,0,0,0.0,0,2023,1,21,5,1,1,22,17,23,8,1337,1388,51,-0.4344452574044177,0.9006982393225875
Bus,Route_18,Station_10,Station_18,Rain,Unknown / Missing Event,Spring,Monday,8.7,63,5,2.5,16,0,0,0,0.0,0,2023,1,9,0,0,1,20,46,21,22,1246,1282,36,-0.7489557207890021,0.6626200482157375
Metro,Route_18,Station_36,Station_35,Fog,Unknown / Missing Event,Spring,Sunday,22.4,58,21,1.6,73,0,0,50000,10.819798284210286,1,2023,1,1,6,1,1,12,4,12,58,724,778,54,-0.017452406437283192,-0.9998476951563913
Train,Route_4,Station_11,Station_33,Clear,Unknown / Missing Event,Summer,Saturday,32.0,92,40,14.5,93,0,0,50000,10.819798284210286,1,2023,1,14,5,1,1,16,46,17,27,1006,1047,41,-0.9483236552061992,-0.31730465640509264
Train,Route_8,Station_49,Station_45,Storm,Concert,Summer,Wednesday,5.3,75,47,19.3,58,0,0,500,6.2166061010848646,1,2023,1,11,2,0,1,23,49,0,12,1429,12,23,-0.04797812852134387,0.9988483864849507
Bus,Route_19,Station_45,Station_30,Cloudy,Festival,Summer,Saturday,9.5,47,19,18.4,6,0,0,0,0.0,0,2023,1,21,5,1,1,17,45,18,20,1065,1100,35,-0.9978589232386035,-0.06540312923014362
Train,Route_17,Station_11,Station_47,Snow,Protest,Summer,Tuesday,4.8,94,9,8.8,47,1,0,2000,7.601402334583733,1,2023,1,3,1,0,1,16,3,16,51,963,1011,48,-0.872496007072797,-0.4886212414969553
Train,Route_11,Station_32,Station_5,Clear,Protest,Autumn,Tuesday,2.0,57,44,2.3,51,0,0,0,0.0,0,2023,1,3,1,0,1,4,19,4,43,259,283,24,0.9044551454543679,0.4265687399014585
Bus,Route_2,Station_17,Station_39,Fog,Festival,Winter,Tuesday,0.0,65,10,1.5,63,0,1,0,0.0,0,2023,1,3,1,0,1,13,31,14,17,811,857,46,-0.38671096163682067,-0.9222009716704518
Metro,Route_5,Station_25,Station_8,Snow,Sports,Autumn,Thursday,25.5,93,15,14.6,28,0,0,10000,9.210440366976517,1,2023,1,19,3,0,1,17,30,18,6,1050,1086,36,-0.9914448613738104,-0.13052619222005163
Tram,Route_17,Station_8,Station_30,Snow,Sports,Winter,Tuesday,20.6,77,27,2.4,30,0,0,0,0.0,0,2023,1,17,1,0,1,10,17,10,51,617,651,34,0.4344452574044172,-0.9006982393225879
Metro,Route_9,Station_27,Station_5,Snow,Festival,Winter,Sunday,24.1,67,17,13.6,92,0,0,0,0.0,0,2023,1,1,6,1,1,11,4,11,42,664,702,38,0.24192189559966773,-0.9702957262759965
Metro,Route_4,Station_30,Station_37,Fog,Protest,Winter,Sunday,18.1,37,6,5.5,87,0,1,500,6.2166061010848646,1,2023,1,8,6,1,1,2,0,2,52,120,172,52,0.49999999999999994,0.8660254037844387
Metro,Route_11,Station_29,Station_14,Clear,Concert,Summer,Thursday,-3.9,88,27,4.4,31,0,0,2000,7.601402334583733,1,2023,1,5,3,0,1,1,32,2,22,92,142,50,0.3907311284892737,0.9205048534524404
Train,Route_14,Station_2,Station_39,Snow,Unknown / Missing Event,Autumn,Saturday,7.7,68,36,12.6,41,0,1,10000,9.210440366976517,1,2023,1,7,5,1,1,17,19,18,10,1039,1090,51,-0.9840406976462908,-0.17794354547384236
Metro,Route_15,Station_19,Station_39,Snow,Sports,Summer,Thursday,32.1,77,45,12.6,69,0,0,0,0.0,0,2023,1,12,3,0,1,5,48,6,20,348,380,32,0.9986295347545738,0.052335956242943966
Train,Route_1,Station_24,Station_2,Rain,Festival,Spring,Tuesday,10.4,80,33,13.2,8,0,1,0,0.0,0,2023,1,3,1,0,1,19,34,20,5,1174,1205,31,-0.917060074385124,0.39874906892524625
Metro,Route_16,Station_38,Station_34,Cloudy,Concert,Summer,Wednesday,7.4,74,18,7.9,1,0,0,500,6.2166061010848646,1,2023,1,18,2,0,1,21,46,22,23,1306,1343,37,-0.5519369853120577,0.8338858220671685
Metro,Route_6,Station_35,Station_17,Cloudy,Sports,Summer,Tuesday,18.2,48,39,19.3,21,0,0,0,0.0,0,2023,1,17,1,0,1,0,34,1,19,34,79,45,0.14780941112961063,0.9890158633619168
Metro,Route_18,Station_20,Station_22,Rain,Parade,Summer,Thursday,19.1,55,27,5.1,60,0,0,500,6.2166061010848646,1,2023,1,12,3,0,1,13,34,14,6,814,846,32,-0.3987490689252463,-0.917060074385124
Bus,Route_10,Station_21,Station_2,Clear,Unknown / Missing Event,Winter,Wednesday,24.4,96,19,6.3,39,0,0,0,0.0,0,2023,1,18,2,0,1,18,45,19,40,1125,1180,55,-0.9807852804032304,0.1950903220161283
Metro,Route_13,Station_29,Station_2,Fog,Unknown / Missing Event,Autumn,Wednesday,23.0,78,55,1.2,64,0,0,2000,7.601402334583733,1,2023,1,4,2,0,1,13,31,13,58,811,838,27,-0.38671096163682067,-0.9222009716704518
Metro,Route_12,Station_35,Station_20,Rain,Unknown / Missing Event,Summer,Saturday,30.9,95,50,1.4,86,0,0,0,0.0,0,2023,1,14,5,1,1,5,16,5,36,316,336,20,0.981627183447664,0.19080899537654492
Tram,Route_5,Station_22,Station_19,Clear,Concert,Autumn,Sunday,10.5,63,55,5.7,82,0,1,10000,9.210440366976517,1,2023,1,8,6,1,1,19,31,20,6,1171,1206,35,-0.9222009716704518,0.3867109616368206
Tram,Route_8,Station_12,Station_7,Rain,Parade,Autumn,Monday,20.6,51,19,3.8,28,0,0,0,0.0,0,2023,1,16,0,0,1,18,1,18,57,1081,1137,56,-0.9999904807207345,0.004363309284747004
Metro,Route_8,Station_3,Station_41,Snow,Unknown / Missing Event,Spring,Saturday,29.5,94,1,1.0,25,0,0,0,0.0,0,2023,1,7,5,1,1,18,47,19,15,1127,1155,28,-0.979045472484584,0.203641751140177
Bus,Route_8,Station_21,Station_44,Rain,Unknown / Missing Event,Summer,Wednesday,-3.5,90,31,10.3,13,0,0,0,0.0,0,2023,1,18,2,0,1,14,46,15,30,886,930,44,-0.6626200482157372,-0.7489557207890024
Tram,Route_13,Station_36,Station_28,Clear,Sports,Winter,Thursday,27.6,30,5,15.0,96,0,0,2000,7.601402334583733,1,2023,1,12,3,0,1,11,3,11,22,663,682,19,0.24615329302899322,-0.9692309097067543
Tram,Route_20,Station_27,Station_32,Rain,Unknown / Missing Event,Summer,Friday,33.0,67,20,6.7,90,0,0,0,0.0,0,2023,1,13,4,0,1,14,33,15,26,873,926,53,-0.6190939493098341,-0.7853169308807448
Bus,Route_3,Station_37,Station_23,Snow,Unknown / Missing Event,Autumn,Monday,-4.8,65,29,18.2,8,0,0,0,0.0,0,2023,1,2,0,0,1,14,15,14,36,855,876,21,-0.5555702330196023,-0.8314696123025452
Tram,Route_10,Station_45,Station_45,Snow,Concert,Summer,Thursday,-3.1,92,15,18.2,84,0,0,2000,7.601402334583733,1,2023,1,12,3,0,1,21,16,21,47,1276,1307,31,-0.6560590289905074,0.7547095802227719
Bus,Route_1,Station_40,Station_50,Clear,Unknown / Missing Event,Summer,Saturday,-2.1,43,30,15.3,14,0,0,0,0.0,0,2023,1,7,5,1,1,13,33,14,26,813,866,53,-0.3947438563842668,-0.9187912101488985
Train,Route_8,Station_23,Station_10,Fog,Unknown / Missing Event,Summer,Sunday,9.1,93,42,4.4,88,0,0,50000,10.819798284210286,1,2023,1,1,6,1,1,7,17,8,12,437,492,55,0.9440890203927843,-0.3296906452627872
Bus,Route_17,Station_30,Station_47,Fog,Unknown / Missing Event,Spring,Sunday,33.0,55,40,7.5,48,1,0,0,0.0,0,2023,1,8,6,1,1,19,4,19,39,1144,1179,35,-0.9612616959383188,0.2756373558169994
Bus,Route_5,Station_3,Station_31,Clear,Unknown / Missing Event,Summer,Friday,9.4,34,26,10.1,10,0,1,0,0.0,0,2023,1,6,4,0,1,8,30,9,20,510,560,50,0.7933533402912352,-0.6087614290087207
Tram,Route_11,Station_36,Station_18,Clear,Sports,Winter,Wednesday,34.0,96,33,7.4,96,0,0,500,6.2166061010848646,1,2023,1,18,2,0,1,23,30,0,28,1410,28,58,-0.13052619222005168,0.9914448613738104
Bus,Route_6,Station_40,Station_17,Fog,Festival,Winter,Monday,-1.6,79,39,8.3,20,0,0,0,0.0,0,2023,1,2,0,0,1,10,46,11,29,646,689,43,0.31730465640509214,-0.9483236552061993
Tram,Route_2,Station_8,Station_40,Fog,Unknown / Missing Event,Winter,Tuesday,11.6,43,47,6.2,26,0,1,10000,9.210440366976517,1,2023,1,17,1,0,1,10,31,11,15,631,675,44,0.37864861735243294,-0.9255405040175664
Metro,Route_20,Station_42,Station_38,Clear,Sports,Spring,Wednesday,13.2,37,15,6.0,58,1,0,500,6.2166061010848646,1,2023,1,4,2,0,1,22,15,22,48,1335,1368,33,-0.4422886902190014,0.8968727415326883
Metro,Route_9,Station_49,Station_36,Storm,Unknown / Missing Event,Summer,Thursday,27.9,95,12,11.9,89,0,0,50000,10.819798284210286,1,2023,1,19,3,0,1,19,15,19,47,1155,1187,32,-0.9469301294951057,0.3214394653031615
Train,Route_5,Station_10,Station_34,Clear,Protest,Autumn,Saturday,13.2,34,23,15.9,53,0,0,0,0.0,0,2023,1,14,5,1,1,14,46,15,14,886,914,28,-0.6626200482157372,-0.7489557207890024
Train,Route_18,Station_43,Station_12,Clear,Concert,Winter,Wednesday,24.1,50,56,4.9,36,0,0,0,0.0,0,2023,1,4,2,0,1,14,19,15,1,859,901,42,-0.5699967625963029,-0.8216469379421637
Train,Route_12,Station_9,Station_44,Snow,Festival,Autumn,Monday,-2.3,65,21,18.9,31,0,0,500,6.2166061010848646,1,2023,1,2,0,0,1,4,49,5,15,289,315,26,0.9523957996432784,0.3048642990280109
Metro,Route_1,Station_33,Station_26,Fog,Unknown / Missing Event,Spring,Sunday,10.7,68,26,8.0,93,0,0,500,6.2166061010848646,1,2023,1,15,6,1,1,6,1,6,44,361,404,43,0.9999904807207345,-0.00436330928474646
Bus,Route_3,Station_20,Station_26,Rain,Unknown / Missing Event,Spring,Saturday,-3.2,38,53,11.8,7,0,0,0,0.0,0,2023,1,21,5,1,1,1,31,2,17,91,137,46,0.3867109616368206,0.9222009716704518
Train,Route_19,Station_10,Station_6,Cloudy,Protest,Winter,Thursday,-3.7,86,13,0.8,66,0,1,2000,7.601402334583733,1,2023,1,5,3,0,1,12,0,12,43,720,763,43,1.2246467991473532e-16,-1.0
Metro,Route_11,Station_4,Station_26,Cloudy,Unknown / Missing Event,Summer,Friday,1.4,99,53,0.6,23,0,0,2000,7.601402334583733,1,2023,1,6,4,0,1,9,18,9,49,558,589,31,0.6494480483301838,-0.7604059656000309
Bus,Route_9,Station_12,Station_25,Rain,Unknown / Missing Event,Autumn,Thursday,9.0,43,18,13.3,13,0,1,0,0.0,0,2023,1,12,3,0,1,10,19,10,42,619,642,23,0.42656873990145816,-0.9044551454543681
Metro,Route_15,Station_24,Station_45,Clear,Unknown / Missing Event,Summer,Friday,18.9,54,26,4.2,41,0,0,0,0.0,0,2023,1,6,4,0,1,1,31,1,55,91,115,24,0.3867109616368206,0.9222009716704518
Metro,Route_5,Station_27,Station_18,Fog,Unknown / Missing Event,Autumn,Sunday,5.5,75,31,18.7,51,0,1,0,0.0,0,2023,1,1,6,1,1,15,48,16,18,948,978,30,-0.8386705679454242,-0.544639035015027
Metro,Route_4,Station_17,Station_33,Storm,Unknown / Missing Event,Spring,Wednesday,28.1,56,34,4.5,27,0,0,10000,9.210440366976517,1,2023,1,18,2,0,1,13,34,14,11,814,851,37,-0.3987490689252463,-0.917060074385124
Bus,Route_3,Station_2,Station_3,Storm,Unknown / Missing Event,Winter,Sunday,21.9,43,39,6.8,49,0,0,2000,7.601402334583733,1,2023,1,8,6,1,1,22,46,23,30,1366,1410,44,-0.31730465640509187,0.9483236552061994
Metro,Route_10,Station_39,Station_16,Rain,Parade,Spring,Wednesday,12.7,66,35,9.1,40,0,1,0,0.0,0,2023,1,11,2,0,1,12,19,13,0,739,780,41,-0.08280820751220438,-0.9965655024977614
Train,Route_2,Station_3,Station_19,Cloudy,Sports,Spring,Monday,10.0,42,32,1.0,53,0,0,0,0.0,0,2023,1,16,0,0,1,3,4,3,35,184,215,31,0.7193398003386511,0.6946583704589974
Tram,Route_15,Station_5,Station_9,Rain,Unknown / Missing Event,Winter,Saturday,26.0,81,51,15.1,58,1,0,0,0.0,0,2023,1,14,5,1,1,12,18,12,35,738,755,17,-0.07845909572784482,-0.996917333733128
Metro,Route_18,Station_38,Station_48,Storm,Festival,Spring,Saturday,22.3,80,3,16.2,73,0,0,0,0.0,0,2023,1,21,5,1,1,20,30,21,14,1230,1274,44,-0.7933533402912352,0.6087614290087205
Tram,Route_1,Station_34,Station_23,Snow,Unknown / Missing Event,Summer,Monday,0.7,65,44,3.4,32,0,0,0,0.0,0,2023,1,16,0,0,1,16,18,17,3,978,1023,45,-0.9025852843498606,-0.43051109680829514
Train,Route_16,Station_31,Station_27,Cloudy,Unknown / Missing Event,Summer,Sunday,7.7,64,17,18.4,65,0,0,0,0.0,0,2023,1,15,6,1,1,20,0,20,43,1200,1243,43,-0.8660254037844386,0.5000000000000001
Bus,Route_6,Station_4,Station_44,Snow,Unknown / Missing Event,Spring,Saturday,-2.4,69,0,3.8,8,0,0,2000,7.601402334583733,1,2023,1,21,5,1,1,13,46,14,12,826,852,26,-0.44619781310980877,-0.8949343616020251
Tram,Route_18,Station_22,Station_28,Clear,Unknown / Missing Event,Spring,Sunday,29.0,75,39,0.7,78,0,0,0,0.0,0,2023,1,8,6,1,1,14,30,15,11,870,911,41,-0.6087614290087207,-0.7933533402912352
Tram,Route_9,Station_13,Station_45,Storm,Unknown / Missing Event,Summer,Monday,24.4,83,41,3.0,75,0,1,2000,7.601402334583733,1,2023,1,9,0,0,1,22,3,22,22,1323,1342,19,-0.48862124149695535,0.872496007072797
Bus,Route_9,Station_50,Station_44,Snow,Unknown / Missing Event,Winter,Sunday,7.9,62,59,2.9,39,0,0,0,0.0,0,2023,1,15,6,1,1,23,47,0,42,1427,42,55,-0.05669278756337689,0.9983916705573489
Bus,Route_13,Station_49,Station_23,Snow,Concert,Winter,Friday,16.7,66,25,8.0,61,0,0,2000,7.601402334583733,1,2023,1,6,4,0,1,21,0,21,37,1260,1297,37,-0.7071067811865477,0.7071067811865474
Bus,Route_13,Station_9,Station_25,Rain,Protest,Winter,Monday,13.2,31,17,9.3,41,0,0,10000,9.210440366976517,1,2023,1,9,0,0,1,12,1,12,25,721,745,24,-0.004363309284746176,-0.9999904807207345
Tram,Route_18,Station_20,Station_14,Storm,Parade,Summer,Saturday,16.6,72,41,14.6,97,0,0,2000,7.601402334583733,1,2023,1,14,5,1,1,2,47,3,30,167,210,43,0.6658816660008343,0.7460573750616994
Tram,Route_14,Station_27,Station_15,Clear,Unknown / Missing Event,Autumn,Thursday,-0.5,56,16,6.0,55,0,0,50000,10.819798284210286,1,2023,1,5,3,0,1,7,34,8,12,454,492,38,0.9170600743851242,-0.398749068925246
Metro,Route_4,Station_38,Station_39,Snow,Unknown / Missing Event,Winter,Sunday,18.8,57,15,10.5,6,0,0,500,6.2166061010848646,1,2023,1,8,6,1,1,14,17,15,1,857,901,44,-0.5628049276950682,-0.8265897491271889
Metro,Route_4,Station_20,Station_33,Snow,Unknown / Missing Event,Summer,Sunday,6.3,88,21,15.9,57,0,0,0,0.0,0,2023,1,8,6,1,1,5,31,5,52,331,352,21,0.992004949679715,0.12619896913582973
Bus,Route_19,Station_38,Station_24,Storm,Unknown / Missing Event,Winter,Friday,27.5,88,48,12.7,64,0,1,2000,7.601402334583733,1,2023,1,20,4,0,1,15,46,16,16,946,976,30,-0.8338858220671681,-0.5519369853120584
Tram,Route_8,Station_16,Station_21,Snow,Festival,Winter,Tuesday,18.0,94,31,7.1,42,0,0,0,0.0,0,2023,1,10,1,0,1,21,31,22,28,1291,1348,57,-0.6052939880428949,0.7960020025346217
Train,Route_1,Station_48,Station_22,Rain,Unknown / Missing Event,Autumn,Sunday,17.4,45,31,12.1,13,0,0,2000,7.601402334583733,1,2023,1,15,6,1,1,16,30,17,29,990,1049,59,-0.9238795325112868,-0.3826834323650895
Train,Route_5,Station_5,Station_39,Fog,Unknown / Missing Event,Autumn,Friday,15.4,34,31,9.1,78,0,0,10000,9.210440366976517,1,2023,1,20,4,0,1,6,0,6,41,360,401,41,1.0,6.123233995736766e-17
Metro,Route_3,Station_35,Station_26,Rain,Unknown / Missing Event,Spring,Wednesday,25.8,99,7,14.4,49,0,0,0,0.0,0,2023,1,4,2,0,1,9,30,10,4,570,604,34,0.6087614290087204,-0.7933533402912353
Tram,Route_20,Station_1,Station_3,Fog,Sports,Winter,Sunday,14.7,66,24,6.9,50,0,0,0,0.0,0,2023,1,15,6,1,1,2,2,2,56,122,176,54,0.5075383629607041,0.8616291604415258
Train,Route_8,Station_4,Station_44,Cloudy,Unknown / Missing Event,Summer,Saturday,2.9,80,53,18.2,80,0,1,0,0.0,0,2023,1,21,5,1,1,2,46,3,39,166,219,53,0.6626200482157375,0.7489557207890021
Metro,Route_17,Station_32,Station_40,Rain,Protest,Spring,Sunday,25.2,44,21,2.3,41,0,0,0,0.0,0,2023,1,1,6,1,1,6,15,6,56,375,416,41,0.9978589232386035,-0.06540312923014292
Metro,Route_6,Station_20,Station_18,Snow,Unknown / Missing Event,Autumn,Tuesday,11.2,47,0,10.4,75,0,0,50000,10.819798284210286,1,2023,1,17,1,0,1,14,30,15,20,870,920,50,-0.6087614290087207,-0.7933533402912352
Bus,Route_17,Station_26,Station_24,Cloudy,Unknown / Missing Event,Spring,Thursday,32.8,70,55,13.2,67,1,0,50000,10.819798284210286,1,2023,1,5,3,0,1,16,34,17,29,994,1049,55,-0.9304175679820246,-0.3665012267242972
Bus,Route_18,Station_9,Station_42,Storm,Sports,Summer,Thursday,1.1,85,30,11.1,48,0,0,500,6.2166061010848646,1,2023,1,12,3,0,1,3,0,3,27,180,207,27,0.7071067811865476,0.7071067811865476
Tram,Route_8,Station_25,Station_14,Snow,Unknown / Missing Event,Spring,Monday,31.9,65,19,1.1,54,0,0,2000,7.601402334583733,1,2023,1,9,0,0,1,2,47,3,17,167,197,30,0.6658816660008343,0.7460573750616994
Train,Route_20,Station_49,Station_36,Snow,Concert,Spring,Monday,3.0,40,34,9.7,0,1,0,500,6.2166061010848646,1,2023,1,2,0,0,1,12,30,13,8,750,788,38,-0.13052619222005132,-0.9914448613738105
Tram,Route_4,Station_4,Station_17,Clear,Concert,Spring,Friday,23.2,47,48,6.4,14,0,1,0,0.0,0,2023,1,13,4,0,1,16,32,17,8,992,1028,36,-0.9271838545667873,-0.3746065934159123
Tram,Route_1,Station_12,Station_33,Rain,Unknown / Missing Event,Winter,Wednesday,8.5,71,26,13.3,0,0,0,0,0.0,0,2023,1,18,2,0,1,9,32,9,59,572,599,27,0.6018150231520482,-0.7986355100472929
Train,Route_3,Station_19,Station_46,Storm,Unknown / Missing Event,Autumn,Sunday,13.8,70,7,5.9,82,0,0,0,0.0,0,2023,1,1,6,1,1,21,16,21,35,1276,1295,19,-0.6560590289905074,0.7547095802227719
Bus,Route_2,Station_6,Station_13,Fog,Unknown / Missing Event,Summer,Saturday,3.5,32,17,13.9,43,1,0,0,0.0,0,2023,1,21,5,1,1,23,34,0,3,1414,3,29,-0.11320321376790701,0.9935718556765875
Metro,Route_19,Station_15,Station_50,Rain,Sports,Winter,Friday,29.9,30,55,17.2,72,0,0,0,0.0,0,2023,1,20,4,0,1,15,3,15,26,903,926,23,-0.7163019434246541,-0.6977904598416802
Train,Route_18,Station_3,Station_24,Cloudy,Festival,Spring,Thursday,25.1,70,13,18.9,33,0,1,0,0.0,0,2023,1,12,3,0,1,14,30,15,3,870,903,33,-0.6087614290087207,-0.7933533402912352
Tram,Route_3,Station_47,Station_46,Rain,Festival,Summer,Monday,20.9,61,27,6.1,34,0,0,10000,9.210440366976517,1,2023,1,2,0,0,1,17,15,17,42,1035,1062,27,-0.9807852804032303,-0.19509032201612866
Train,Route_18,Station_45,Station_5,Rain,Festival,Summer,Thursday,23.1,94,19,9.9,47,0,1,50000,10.819798284210286,1,2023,1,5,3,0,1,11,15,11,36,675,696,21,0.19509032201612816,-0.9807852804032304
Tram,Route_10,Station_31,Station_21,Cloudy,Unknown / Missing Event,Winter,Saturday,2.6,44,19,17.1,2,1,0,0,0.0,0,2023,1,14,5,1,1,5,34,6,14,334,374,40,0.9935718556765875,0.11320321376790661
Tram,Route_13,Station_50,Station_43,Cloudy,Unknown / Missing Event,Autumn,Tuesday,18.0,58,57,13.5,80,0,0,0,0.0,0,2023,1,10,1,0,1,13,45,14,27,825,867,42,-0.44228869021900147,-0.8968727415326883
Tram,Route_9,Station_12,Station_43,Clear,Unknown / Missing Event,Spring,Saturday,-4.6,97,51,8.6,42,0,0,0,0.0,0,2023,1,14,5,1,1,18,33,19,22,1113,1162,49,-0.9896513868196702,0.14349262199117904
Train,Route_13,Station_36,Station_3,Clear,Unknown / Missing Event,Summer,Monday,0.0,96,51,1.4,97,0,0,0,0.0,0,2023,1,9,0,0,1,2,0,2,57,120,177,57,0.49999999999999994,0.8660254037844387
Train,Route_17,Station_11,Station_4,Fog,Unknown / Missing Event,Summer,Friday,33.2,89,29,14.9,41,1,1,0,0.0,0,2023,1,13,4,0,1,7,48,8,44,468,524,56,0.8910065241883679,-0.45399049973954675
Tram,Route_11,Station_30,Station_1,Clear,Concert,Spring,Monday,20.5,97,34,1.7,43,0,0,0,0.0,0,2023,1,16,0,0,1,6,1,6,51,361,411,50,0.9999904807207345,-0.00436330928474646
Tram,Route_4,Station_39,Station_42,Cloudy,Parade,Spring,Saturday,22.8,56,31,16.4,34,0,0,10000,9.210440366976517,1,2023,1,21,5,1,1,19,0,19,25,1140,1165,25,-0.9659258262890682,0.25881904510252113
Bus,Route_17,Station_9,Station_32,Storm,Unknown / Missing Event,Autumn,Tuesday,23.2,93,38,7.6,53,0,0,50000,10.819798284210286,1,2023,1,3,1,0,1,10,48,11,17,648,677,29,0.3090169943749475,-0.9510565162951535
Bus,Route_10,Station_49,Station_15,Rain,Concert,Autumn,Wednesday,11.4,62,11,7.2,85,0,0,0,0.0,0,2023,1,18,2,0,1,17,33,17,57,1053,1077,24,-0.9930684569549263,-0.1175373974578376
Metro,Route_13,Station_20,Station_2,Storm,Sports,Spring,Tuesday,-4.2,50,35,1.3,63,0,0,10000,9.210440366976517,1,2023,1,3,1,0,1,11,33,12,2,693,722,29,0.11753739745783798,-0.9930684569549263
Train,Route_9,Station_32,Station_10,Rain,Unknown / Missing Event,Winter,Saturday,26.9,50,16,16.9,35,1,0,0,0.0,0,2023,1,7,5,1,1,6,48,7,30,408,450,42,0.9781476007338057,-0.20791169081775912
Tram,Route_11,Station_4,Station_44,Rain,Unknown / Missing Event,Autumn,Thursday,-4.3,52,46,5.4,6,1,0,0,0.0,0,2023,1,12,3,0,1,15,48,16,27,948,987,39,-0.8386705679454242,-0.544639035015027
Tram,Route_10,Station_46,Station_1,Storm,Unknown / Missing Event,Autumn,Saturday,31.8,57,15,6.5,99,0,0,10000,9.210440366976517,1,2023,1,14,5,1,1,17,2,17,38,1022,1058,36,-0.9681476403781076,-0.25038000405444183
Bus,Route_12,Station_32,Station_14,Storm,Sports,Spring,Wednesday,-0.9,67,30,15.6,59,0,0,10000,9.210440366976517,1,2023,1,18,2,0,1,9,0,9,53,540,593,53,0.7071067811865476,-0.7071067811865475
Metro,Route_3,Station_43,Station_22,Rain,Unknown / Missing Event,Spring,Wednesday,4.0,74,58,14.1,76,0,0,0,0.0,0,2023,1,18,2,0,1,23,15,23,45,1395,1425,30,-0.19509032201612872,0.9807852804032303
Train,Route_18,Station_45,Station_30,Rain,Parade,Spring,Tuesday,5.7,53,13,15.9,37,0,0,0,0.0,0,2023,1,10,1,0,1,14,30,15,22,870,922,52,-0.6087614290087207,-0.7933533402912352
Bus,Route_20,Station_32,Station_24,Fog,Unknown / Missing Event,Autumn,Friday,28.3,48,16,14.0,41,0,0,0,0.0,0,2023,1,13,4,0,1,16,47,17,8,1007,1028,21,-0.9496991262018767,-0.3131638064837503
Tram,Route_14,Station_34,Station_48,Fog,Unknown / Missing Event,Autumn,Monday,0.4,65,30,16.7,37,0,0,10000,9.210440366976517,1,2023,1,9,0,0,1,2,15,2,55,135,175,40,0.5555702330196022,0.8314696123025452
Bus,Route_4,Station_11,Station_32,Storm,Unknown / Missing Event,Spring,Thursday,32.5,81,25,10.4,17,0,0,0,0.0,0,2023,1,5,3,0,1,15,30,16,7,930,967,37,-0.7933533402912349,-0.6087614290087209
Bus,Route_4,Station_1,Station_15,Snow,Unknown / Missing Event,Spring,Monday,11.5,84,41,19.7,99,0,0,2000,7.601402334583733,1,2023,1,9,0,0,1,3,31,4,5,211,245,34,0.796002002534622,0.6052939880428944
Tram,Route_19,Station_19,Station_9,Clear,Sports,Spring,Saturday,13.9,89,54,5.3,7,0,1,0,0.0,0,2023,1,7,5,1,1,12,1,12,43,721,763,42,-0.004363309284746176,-0.9999904807207345
Bus,Route_10,Station_1,Station_13,Snow,Protest,Spring,Thursday,30.5,35,39,15.5,31,0,0,0,0.0,0,2023,1,12,3,0,1,3,15,3,37,195,217,22,0.7518398074789773,0.659345815100069
Bus,Route_5,Station_22,Station_32,Storm,Parade,Spring,Sunday,3.6,61,16,6.4,22,1,1,0,0.0,0,2023,1,1,6,1,1,6,34,7,1,394,421,27,0.9890158633619168,-0.14780941112961044
Train,Route_12,Station_17,Station_31,Rain,Festival,Summer,Thursday,4.6,39,44,8.7,98,1,0,10000,9.210440366976517,1,2023,1,5,3,0,1,8,19,9,3,499,543,44,0.8216469379421637,-0.569996762596303
Tram,Route_11,Station_20,Station_38,Snow,Unknown / Missing Event,Summer,Thursday,17.6,96,2,11.6,34,0,1,50000,10.819798284210286,1,2023,1,19,3,0,1,10,4,10,49,604,649,45,0.48480962024633717,-0.8746197071393957
Metro,Route_2,Station_47,Station_16,Snow,Concert,Autumn,Thursday,23.0,79,51,15.5,68,0,1,0,0.0,0,2023,1,5,3,0,1,17,32,18,9,1052,1089,37,-0.9925461516413221,-0.12186934340514717
Train,Route_9,Station_30,Station_14,Rain,Unknown / Missing Event,Summer,Wednesday,10.4,56,24,16.4,83,0,1,0,0.0,0,2023,1,4,2,0,1,16,33,17,4,993,1024,31,-0.9288095528719243,-0.3705574375098359
Metro,Route_13,Station_49,Station_48,Storm,Unknown / Missing Event,Spring,Wednesday,21.4,51,42,17.4,59,0,0,50000,10.819798284210286,1,2023,1,18,2,0,1,18,31,18,59,1111,1139,28,-0.9908658973868822,0.13485093027372327
Tram,Route_2,Station_39,Station_40,Fog,Unknown / Missing Event,Spring,Sunday,25.1,79,26,5.9,38,0,1,0,0.0,0,2023,1,15,6,1,1,21,3,21,32,1263,1292,29,-0.6977904598416802,0.7163019434246541
Train,Route_20,Station_3,Station_26,Storm,Unknown / Missing Event,Summer,Friday,18.0,32,31,4.0,88,0,0,2000,7.601402334583733,1,2023,1,13,4,0,1,2,4,2,34,124,154,30,0.5150380749100542,0.8571673007021123
Train,Route_7,Station_45,Station_42,Cloudy,Unknown / Missing Event,Summer,Wednesday,4.0,85,52,20.0,57,0,1,50000,10.819798284210286,1,2023,1,18,2,0,1,16,45,17,16,1005,1036,31,-0.9469301294951056,-0.3214394653031618
Metro,Route_10,Station_44,Station_29,Snow,Unknown / Missing Event,Spring,Monday,25.5,82,37,5.7,67,0,0,0,0.0,0,2023,1,2,0,0,1,13,0,13,45,780,825,45,-0.25881904510252035,-0.9659258262890684
Bus,Route_1,Station_10,Station_33,Fog,Concert,Summer,Wednesday,10.1,56,34,1.7,63,0,0,500,6.2166061010848646,1,2023,1,4,2,0,1,21,0,21,30,1260,1290,30,-0.7071067811865477,0.7071067811865474
Tram,Route_12,Station_31,Station_37,Storm,Concert,Autumn,Sunday,4.4,78,9,15.3,30,0,0,0,0.0,0,2023,1,15,6,1,1,19,15,19,45,1155,1185,30,-0.9469301294951057,0.3214394653031615
Bus,Route_15,Station_39,Station_46,Rain,Sports,Summer,Friday,16.4,79,28,3.1,44,0,0,0,0.0,0,2023,1,20,4,0,1,8,46,9,26,526,566,40,0.7489557207890021,-0.6626200482157376
Tram,Route_13,Station_10,Station_10,Rain,Concert,Autumn,Friday,6.1,83,55,18.2,91,0,0,0,0.0,0,2023,1,20,4,0,1,3,16,3,46,196,226,30,0.754709580222772,0.6560590289905073
Train,Route_5,Station_8,Station_4,Fog,Unknown / Missing Event,Spring,Tuesday,23.8,53,38,6.4,1,1,0,0,0.0,0,2023,1,3,1,0,1,5,47,6,15,347,375,28,0.9983916705573488,0.05669278756337759
Bus,Route_7,Station_21,Station_48,Snow,Parade,Spring,Tuesday,16.6,66,11,3.5,78,0,1,0,0.0,0,2023,1,10,1,0,1,22,16,23,7,1336,1387,51,-0.438371146789077,0.8987940462991671
Metro,Route_8,Station_19,Station_40,Cloudy,Unknown / Missing Event,Winter,Wednesday,0.9,66,9,10.1,11,0,1,0,0.0,0,2023,1,11,2,0,1,12,45,13,12,765,792,27,-0.19509032201612792,-0.9807852804032305
Bus,Route_17,Station_10,Station_28,Cloudy,Unknown / Missing Event,Winter,Monday,32.6,55,38,7.5,62,0,0,50000,10.819798284210286,1,2023,1,2,0,0,1,12,48,13,35,768,815,47,-0.20791169081775907,-0.9781476007338057
Bus,Route_3,Station_6,Station_28,Rain,Concert,Spring,Sunday,32.7,84,11,15.3,54,0,0,0,0.0,0,2023,1,8,6,1,1,20,1,20,49,1201,1249,48,-0.8638355052043958,0.5037739770455261
Train,Route_20,Station_46,Station_10,Fog,Protest,Autumn,Wednesday,18.5,97,7,19.7,21,0,0,0,0.0,0,2023,1,4,2,0,1,2,48,3,13,168,193,25,0.6691306063588582,0.7431448254773942
Metro,Route_18,Station_38,Station_17,Rain,Unknown / Missing Event,Autumn,Tuesday,4.8,96,13,3.1,91,0,0,0,0.0,0,2023,1,17,1,0,1,7,18,7,36,438,456,18,0.9426414910921783,-0.333806859233771
Tram,Route_5,Station_25,Station_18,Rain,Unknown / Missing Event,Summer,Thursday,5.3,41,8,5.5,13,0,0,50000,10.819798284210286,1,2023,1,12,3,0,1,19,48,20,17,1188,1217,29,-0.891006524188368,0.45399049973954664
Train,Route_4,Station_12,Station_26,Storm,Concert,Summer,Sunday,25.1,89,47,11.6,82,0,0,10000,9.210440366976517,1,2023,1,15,6,1,1,21,16,22,9,1276,1329,53,-0.6560590289905074,0.7547095802227719
Tram,Route_20,Station_38,Station_11,Storm,Unknown / Missing Event,Spring,Friday,27.9,69,11,15.9,16,0,0,10000,9.210440366976517,1,2023,1,6,4,0,1,10,1,10,34,601,634,33,0.49621650367520803,-0.8681988144891424
Metro,Route_16,Station_44,Station_49,Clear,Unknown / Missing Event,Autumn,Saturday,24.0,63,3,4.6,77,0,0,0,0.0,0,2023,1,14,5,1,1,23,1,23,47,1381,1427,46,-0.2546019482055278,0.9670459389139431
Metro,Route_3,Station_19,Station_22,Rain,Concert,Autumn,Sunday,31.5,38,20,3.1,26,0,0,0,0.0,0,2023,1,1,6,1,1,13,0,13,32,780,812,32,-0.25881904510252035,-0.9659258262890684
Tram,Route_2,Station_39,Station_12,Cloudy,Unknown / Missing Event,Autumn,Wednesday,7.1,94,30,9.6,66,0,0,0,0.0,0,2023,1,18,2,0,1,12,48,13,14,768,794,26,-0.20791169081775907,-0.9781476007338057
Tram,Route_18,Station_22,Station_29,Cloudy,Unknown / Missing Event,Winter,Sunday,27.7,84,38,17.3,32,0,0,10000,9.210440366976517,1,2023,1,15,6,1,1,12,33,13,26,753,806,53,-0.1434926219911791,-0.9896513868196702
Metro,Route_19,Station_31,Station_40,Snow,Unknown / Missing Event,Autumn,Wednesday,26.4,43,10,13.8,46,0,0,2000,7.601402334583733,1,2023,1,4,2,0,1,3,18,3,57,198,237,39,0.760405965600031,0.6494480483301835
Bus,Route_7,Station_2,Station_48,Fog,Unknown / Missing Event,Summer,Saturday,16.6,31,33,1.7,26,0,0,0,0.0,0,2023,1,21,5,1,1,15,17,16,1,917,961,44,-0.7575649843840494,-0.6527597524627227
Metro,Route_12,Station_40,Station_10,Cloudy,Unknown / Missing Event,Spring,Monday,12.1,54,57,14.1,10,0,0,50000,10.819798284210286,1,2023,1,16,0,0,1,3,31,4,12,211,252,41,0.796002002534622,0.6052939880428944
Tram,Route_12,Station_43,Station_14,Rain,Sports,Summer,Tuesday,4.7,49,51,1.6,72,0,0,10000,9.210440366976517,1,2023,1,10,1,0,1,1,34,2,11,94,131,37,0.3987490689252462,0.917060074385124
Bus,Route_5,Station_2,Station_18,Clear,Sports,Summer,Friday,18.1,71,26,13.8,79,1,0,10000,9.210440366976517,1,2023,1,20,4,0,1,6,46,7,28,406,448,42,0.9799247046208296,-0.19936793441719705
Tram,Route_5,Station_20,Station_42,Snow,Concert,Autumn,Sunday,13.6,54,59,5.6,2,0,0,0,0.0,0,2023,1,8,6,1,1,17,19,17,50,1039,1070,31,-0.9840406976462908,-0.17794354547384236
Bus,Route_12,Station_34,Station_46,Clear,Sports,Summer,Thursday,16.1,50,18,11.0,27,0,0,0,0.0,0,2023,1,5,3,0,1,3,49,4,20,229,260,31,0.8410390129643924,0.540974471367994
Tram,Route_3,Station_10,Station_16,Snow,Unknown / Missing Event,Winter,Saturday,14.8,70,16,17.3,58,0,0,500,6.2166061010848646,1,2023,1,7,5,1,1,15,34,15,53,934,953,19,-0.8038568606172171,-0.5948227867513417
Bus,Route_19,Station_4,Station_34,Rain,Unknown / Missing Event,Spring,Tuesday,24.9,57,27,8.9,93,0,0,500,6.2166061010848646,1,2023,1,3,1,0,1,6,31,7,0,391,420,29,0.9908658973868822,-0.13485093027372297
Bus,Route_16,Station_17,Station_1,Rain,Unknown / Missing Event,Winter,Saturday,12.0,54,54,15.6,69,0,0,50000,10.819798284210286,1,2023,1,7,5,1,1,22,16,23,8,1336,1388,52,-0.438371146789077,0.8987940462991671
Metro,Route_7,Station_48,Station_25,Clear,Sports,Winter,Saturday,8.0,93,1,10.5,50,1,0,0,0.0,0,2023,1,14,5,1,1,2,19,2,40,139,160,21,0.569996762596303,0.8216469379421637
Metro,Route_4,Station_1,Station_13,Cloudy,Unknown / Missing Event,Autumn,Monday,3.4,33,34,1.8,77,0,0,0,0.0,0,2023,1,9,0,0,1,23,16,23,59,1396,1439,43,-0.19080899537654467,0.981627183447664
Train,Route_7,Station_30,Station_30,Fog,Unknown / Missing Event,Summer,Sunday,21.8,88,29,14.7,95,0,0,0,0.0,0,2023,1,15,6,1,1,14,1,14,25,841,865,24,-0.5037739770455262,-0.8638355052043958
Tram,Route_8,Station_18,Station_15,Snow,Unknown / Missing Event,Spring,Sunday,0.1,90,30,18.5,46,0,0,500,6.2166061010848646,1,2023,1,1,6,1,1,6,0,6,35,360,395,35,1.0,6.123233995736766e-17
Tram,Route_17,Station_19,Station_47,Storm,Unknown / Missing Event,Winter,Sunday,25.2,38,1,14.9,90,1,1,0,0.0,0,2023,1,8,6,1,1,23,49,0,30,1429,30,41,-0.04797812852134387,0.9988483864849507
Metro,Route_6,Station_42,Station_11,Snow,Concert,Spring,Friday,25.5,69,38,13.4,81,0,0,0,0.0,0,2023,1,13,4,0,1,3,1,3,27,181,207,26,0.7101853756232853,0.7040147244559684
Metro,Route_10,Station_26,Station_17,Rain,Unknown / Missing Event,Spring,Monday,-0.3,51,37,1.2,76,0,0,500,6.2166061010848646,1,2023,1,16,0,0,1,21,34,21,53,1294,1313,19,-0.594822786751341,0.8038568606172175
Train,Route_2,Station_19,Station_36,Rain,Concert,Spring,Thursday,20.1,71,14,13.1,13,0,1,500,6.2166061010848646,1,2023,1,12,3,0,1,22,47,23,9,1367,1389,22,-0.31316380648375036,0.9496991262018767
Train,Route_3,Station_2,Station_22,Snow,Unknown / Missing Event,Winter,Saturday,26.4,86,17,14.7,36,0,0,0,0.0,0,2023,1,14,5,1,1,14,30,15,2,870,902,32,-0.6087614290087207,-0.7933533402912352
Metro,Route_8,Station_4,Station_21,Storm,Unknown / Missing Event,Autumn,Saturday,7.1,57,16,14.8,86,0,1,0,0.0,0,2023,1,21,5,1,1,12,34,13,28,754,808,54,-0.1478094111296106,-0.9890158633619168
Bus,Route_20,Station_6,Station_2,Storm,Unknown / Missing Event,Summer,Wednesday,10.4,67,20,8.2,38,0,0,50000,10.819798284210286,1,2023,1,18,2,0,1,20,34,20,53,1234,1253,19,-0.782608156852414,0.6225146366376193
Bus,Route_5,Station_26,Station_18,Storm,Unknown / Missing Event,Spring,Wednesday,2.0,93,55,10.5,88,1,0,10000,9.210440366976517,1,2023,1,11,2,0,1,22,1,22,40,1321,1360,39,-0.49621650367520886,0.8681988144891419
Tram,Route_13,Station_30,Station_34,Clear,Unknown / Missing Event,Spring,Monday,0.1,82,13,11.7,7,1,0,2000,7.601402334583733,1,2023,1,2,0,0,1,23,2,23,37,1382,1417,35,-0.2503800040544419,0.9681476403781076
Train,Route_15,Station_19,Station_41,Cloudy,Unknown / Missing Event,Summer,Sunday,-1.5,35,46,9.0,91,0,0,0,0.0,0,2023,1,1,6,1,1,10,31,11,9,631,669,38,0.37864861735243294,-0.9255405040175664
Tram,Route_7,Station_5,Station_20,Fog,Sports,Winter,Tuesday,8.5,57,52,3.2,20,0,1,0,0.0,0,2023,1,10,1,0,1,19,49,20,37,1189,1237,48,-0.8890171414857366,0.45787391511695635
Metro,Route_19,Station_50,Station_46,Cloudy,Concert,Summer,Monday,29.4,55,26,4.2,11,0,0,50000,10.819798284210286,1,2023,1,16,0,0,1,1,0,1,54,60,114,54,0.25881904510252074,0.9659258262890683
Tram,Route_7,Station_41,Station_42,Storm,Unknown / Missing Event,Autumn,Tuesday,20.5,50,55,18.5,74,0,0,0,0.0,0,2023,1,3,1,0,1,7,30,8,29,450,509,59,0.9238795325112867,-0.3826834323650897
Train,Route_15,Station_26,Station_31,Fog,Unknown / Missing Event,Winter,Tuesday,12.5,58,56,15.9,24,0,0,2000,7.601402334583733,1,2023,1,3,1,0,1,13,45,14,6,825,846,21,-0.44228869021900147,-0.8968727415326883
Train,Route_15,Station_6,Station_18,Rain,Unknown / Missing Event,Winter,Friday,4.4,66,47,13.4,3,0,0,0,0.0,0,2023,1,13,4,0,1,17,18,17,53,1038,1073,35,-0.9832549075639545,-0.18223552549214778
Bus,Route_3,Station_42,Station_1,Rain,Festival,Summer,Sunday,-2.8,78,52,8.3,43,0,0,0,0.0,0,2023,1,15,6,1,1,22,3,22,37,1323,1357,34,-0.48862124149695535,0.872496007072797
Tram,Route_2,Station_40,Station_6,Fog,Unknown / Missing Event,Spring,Monday,23.7,85,3,17.8,51,0,0,50000,10.819798284210286,1,2023,1,16,0,0,1,4,45,5,7,285,307,22,0.9469301294951057,0.3214394653031615
Train,Route_19,Station_25,Station_48,Clear,Sports,Spring,Tuesday,7.1,86,32,13.8,41,0,0,0,0.0,0,2023,1,17,1,0,1,13,33,14,24,813,864,51,-0.3947438563842668,-0.9187912101488985
Bus,Route_4,Station_30,Station_45,Snow,Festival,Autumn,Thursday,26.7,77,50,16.2,15,0,1,0,0.0,0,2023,1,5,3,0,1,6,15,6,44,375,404,29,0.9978589232386035,-0.06540312923014292
Train,Route_4,Station_5,Station_31,Rain,Unknown / Missing Event,Autumn,Sunday,3.6,83,0,7.7,58,0,0,0,0.0,0,2023,1,8,6,1,1,9,31,10,5,571,605,34,0.6052939880428945,-0.796002002534622
Train,Route_14,Station_13,Station_49,Clear,Parade,Spring,Monday,2.5,92,1,7.2,74,0,0,50000,10.819798284210286,1,2023,1,2,0,0,1,3,18,3,49,198,229,31,0.760405965600031,0.6494480483301835
Metro,Route_20,Station_32,Station_4,Rain,Parade,Spring,Monday,23.1,91,5,3.7,22,0,0,500,6.2166061010848646,1,2023,1,9,0,0,1,16,19,16,55,979,1015,36,-0.9044551454543679,-0.4265687399014586
Train,Route_19,Station_19,Station_11,Fog,Unknown / Missing Event,Winter,Thursday,34.9,41,39,11.3,47,0,0,10000,9.210440366976517,1,2023,1,5,3,0,1,16,46,17,16,1006,1036,30,-0.9483236552061992,-0.31730465640509264
Tram,Route_18,Station_44,Station_13,Storm,Festival,Spring,Thursday,30.7,61,33,8.6,23,0,0,0,0.0,0,2023,1,19,3,0,1,13,45,14,12,825,852,27,-0.44228869021900147,-0.8968727415326883
Train,Route_17,Station_5,Station_4,Cloudy,Unknown / Missing Event,Spring,Saturday,26.0,71,4,2.9,62,0,1,0,0.0,0,2023,1,14,5,1,1,17,48,18,25,1068,1105,37,-0.9986295347545738,-0.052335956242944306
Tram,Route_12,Station_48,Station_12,Cloudy,Unknown / Missing Event,Summer,Monday,15.7,59,10,14.5,19,0,1,0,0.0,0,2023,1,9,0,0,1,8,19,8,45,499,525,26,0.8216469379421637,-0.569996762596303
Bus,Route_9,Station_35,Station_26,Snow,Unknown / Missing Event,Autumn,Monday,14.5,96,33,18.4,84,0,0,0,0.0,0,2023,1,2,0,0,1,12,2,12,41,722,761,39,-0.008726535498373713,-0.9999619230641713
Metro,Route_1,Station_27,Station_24,Clear,Sports,Autumn,Saturday,8.6,83,2,18.1,3,0,1,0,0.0,0,2023,1,7,5,1,1,12,48,13,40,768,820,52,-0.20791169081775907,-0.9781476007338057
Tram,Route_14,Station_8,Station_26,Fog,Unknown / Missing Event,Spring,Saturday,31.0,54,38,17.0,47,0,0,0,0.0,0,2023,1,7,5,1,1,18,2,18,32,1082,1112,30,-0.9999619230641713,0.008726535498374096
Train,Route_18,Station_47,Station_44,Rain,Sports,Spring,Wednesday,20.1,35,17,0.0,18,0,0,10000,9.210440366976517,1,2023,1,11,2,0,1,12,30,13,25,750,805,55,-0.13052619222005132,-0.9914448613738105
Tram,Route_4,Station_17,Station_42,Rain,Protest,Summer,Saturday,2.2,31,5,16.9,3,0,1,0,0.0,0,2023,1,7,5,1,1,3,49,4,10,229,250,21,0.8410390129643924,0.540974471367994
Bus,Route_12,Station_22,Station_48,Clear,Unknown / Missing Event,Winter,Wednesday,15.3,57,57,18.4,61,0,1,500,6.2166061010848646,1,2023,1,18,2,0,1,15,46,16,7,946,967,21,-0.8338858220671681,-0.5519369853120584
Tram,Route_6,Station_17,Station_37,Clear,Concert,Summer,Sunday,-2.9,34,19,5.4,64,0,0,500,6.2166061010848646,1,2023,1,1,6,1,1,7,1,7,59,421,479,58,0.964787323828813,-0.2630312144579746
Metro,Route_13,Station_32,Station_17,Fog,Protest,Autumn,Friday,15.2,46,14,5.4,71,0,0,2000,7.601402334583733,1,2023,1,13,4,0,1,13,16,14,7,796,847,51,-0.32556815445715676,-0.9455185755993167
Train,Route_2,Station_13,Station_47,Snow,Unknown / Missing Event,Spring,Tuesday,30.2,73,59,1.4,62,0,0,0,0.0,0,2023,1,17,1,0,1,17,2,17,53,1022,1073,51,-0.9681476403781076,-0.25038000405444183
Tram,Route_3,Station_40,Station_11,Fog,Unknown / Missing Event,Summer,Thursday,-2.5,94,13,6.6,13,0,1,0,0.0,0,2023,1,19,3,0,1,3,31,3,53,211,233,22,0.796002002534622,0.6052939880428944
Train,Route_6,Station_44,Station_12,Snow,Unknown / Missing Event,Spring,Thursday,24.4,33,12,14.7,81,0,0,0,0.0,0,2023,1,5,3,0,1,2,1,2,33,121,153,32,0.5037739770455263,0.8638355052043957
Metro,Route_17,Station_12,Station_42,Clear,Unknown / Missing Event,Winter,Sunday,29.7,81,35,1.8,49,0,1,0,0.0,0,2023,1,1,6,1,1,14,4,14,34,844,874,30,-0.5150380749100542,-0.8571673007021123
Tram,Route_9,Station_35,Station_4,Rain,Festival,Summer,Saturday,26.7,33,47,16.2,86,0,0,0,0.0,0,2023,1,14,5,1,1,8,16,8,59,496,539,43,0.8290375725550417,-0.5591929034707467
Bus,Route_9,Station_12,Station_41,Rain,Unknown / Missing Event,Winter,Monday,6.7,89,58,14.2,24,0,1,0,0.0,0,2023,1,16,0,0,1,23,17,23,53,1397,1433,36,-0.18652403600873563,0.9824503977255096
Bus,Route_10,Station_46,Station_49,Clear,Festival,Winter,Friday,-4.2,35,51,13.8,6,0,1,50000,10.819798284210286,1,2023,1,13,4,0,1,23,4,23,57,1384,1437,53,-0.24192189559966787,0.9702957262759965
Tram,Route_19,Station_50,Station_36,Clear,Concert,Autumn,Wednesday,17.1,45,34,11.3,11,0,1,0,0.0,0,2023,1,18,2,0,1,16,4,16,29,964,989,25,-0.8746197071393959,-0.48480962024633684
Bus,Route_14,Station_13,Station_18,Snow,Unknown / Missing Event,Winter,Tuesday,27.3,45,53,8.8,31,0,0,0,0.0,0,2023,1,17,1,0,1,21,46,22,21,1306,1341,35,-0.5519369853120577,0.8338858220671685
Train,Route_16,Station_47,Station_25,Snow,Unknown / Missing Event,Winter,Saturday,16.5,42,1,11.5,40,0,0,0,0.0,0,2023,1,7,5,1,1,4,45,5,15,285,315,30,0.9469301294951057,0.3214394653031615
Bus,Route_18,Station_42,Station_41,Cloudy,Unknown / Missing Event,Winter,Monday,8.7,68,32,7.3,17,0,0,0,0.0,0,2023,1,16,0,0,1,15,49,16,14,949,974,25,-0.8410390129643924,-0.540974471367994
Bus,Route_14,Station_7,Station_23,Storm,Concert,Spring,Tuesday,-3.8,66,3,4.9,58,0,1,0,0.0,0,2023,1,10,1,0,1,14,0,14,51,840,891,51,-0.5000000000000001,-0.8660254037844386
Train,Route_1,Station_40,Station_17,Clear,Unknown / Missing Event,Winter,Monday,18.3,43,13,6.4,86,0,0,0,0.0,0,2023,1,16,0,0,1,4,4,4,35,244,275,31,0.8746197071393957,0.4848096202463371
Tram,Route_14,Station_8,Station_4,Snow,Unknown / Missing Event,Autumn,Wednesday,31.8,70,34,9.5,76,0,0,0,0.0,0,2023,1,18,2,0,1,10,48,11,13,648,673,25,0.3090169943749475,-0.9510565162951535
Train,Route_2,Station_39,Station_11,Fog,Unknown / Missing Event,Autumn,Friday,4.9,62,37,15.2,0,0,0,0,0.0,0,2023,1,6,4,0,1,14,15,14,46,855,886,31,-0.5555702330196023,-0.8314696123025452
Metro,Route_17,Station_25,Station_20,Fog,Festival,Spring,Wednesday,22.5,86,51,4.7,69,0,0,10000,9.210440366976517,1,2023,1,4,2,0,1,11,4,11,56,664,716,52,0.24192189559966773,-0.9702957262759965
Train,Route_5,Station_43,Station_22,Fog,Unknown / Missing Event,Winter,Saturday,-1.2,44,9,16.7,60,0,0,0,0.0,0,2023,1,14,5,1,1,14,17,15,9,857,909,52,-0.5628049276950682,-0.8265897491271889
Bus,Route_17,Station_5,Station_37,Fog,Protest,Autumn,Sunday,22.9,53,31,10.2,24,0,1,0,0.0,0,2023,1,8,6,1,1,8,48,9,41,528,581,53,0.7431448254773942,-0.6691306063588582
Train,Route_7,Station_1,Station_4,Clear,Concert,Winter,Sunday,-3.2,57,7,14.0,19,0,0,0,0.0,0,2023,1,1,6,1,1,10,0,10,34,600,634,34,0.49999999999999994,-0.8660254037844387
Train,Route_1,Station_28,Station_7,Snow,Parade,Summer,Monday,3.0,80,31,19.1,52,0,0,0,0.0,0,2023,1,9,0,0,1,3,17,3,50,197,230,33,0.7575649843840495,0.6527597524627226
Tram,Route_20,Station_6,Station_12,Snow,Concert,Summer,Wednesday,17.1,30,55,13.7,88,0,0,0,0.0,0,2023,1,4,2,0,1,8,33,8,54,513,534,21,0.7853169308807448,-0.6190939493098341
Metro,Route_19,Station_29,Station_21,Fog,Unknown / Missing Event,Spring,Friday,7.9,84,22,12.2,68,0,0,0,0.0,0,2023,1,20,4,0,1,5,49,6,19,349,379,30,0.9988483864849507,0.04797812852134391
Metro,Route_7,Station_48,Station_27,Snow,Festival,Autumn,Saturday,12.2,71,25,16.3,26,0,1,50000,10.819798284210286,1,2023,1,7,5,1,1,14,0,14,49,840,889,49,-0.5000000000000001,-0.8660254037844386
Metro,Route_4,Station_30,Station_25,Rain,Unknown / Missing Event,Spring,Monday,3.5,56,43,6.7,5,0,0,0,0.0,0,2023,1,9,0,0,1,20,17,20,44,1217,1244,27,-0.8265897491271886,0.5628049276950685
Tram,Route_14,Station_7,Station_28,Clear,Unknown / Missing Event,Summer,Tuesday,33.6,41,30,12.4,88,0,0,10000,9.210440366976517,1,2023,1,17,1,0,1,0,17,1,4,17,64,47,0.07410849019539924,0.9972501850994857
Bus,Route_15,Station_33,Station_50,Clear,Unknown / Missing Event,Autumn,Wednesday,-1.8,73,53,16.3,28,0,1,50000,10.819798284210286,1,2023,1,4,2,0,1,6,1,6,55,361,415,54,0.9999904807207345,-0.00436330928474646
Bus,Route_6,Station_23,Station_33,Rain,Sports,Winter,Monday,33.7,75,19,2.9,56,0,1,0,0.0,0,2023,1,16,0,0,1,10,18,11,1,618,661,43,0.4305110968082951,-0.9025852843498606
Bus,Route_1,Station_47,Station_46,Snow,Unknown / Missing Event,Winter,Sunday,30.3,95,28,7.0,94,0,1,0,0.0,0,2023,1,15,6,1,1,16,18,16,41,978,1001,23,-0.9025852843498606,-0.43051109680829514
Train,Route_2,Station_37,Station_46,Snow,Parade,Winter,Saturday,31.2,82,41,13.1,4,0,1,500,6.2166061010848646,1,2023,1,7,5,1,1,17,46,18,25,1066,1105,39,-0.9981347984218669,-0.06104853953485769
Bus,Route_14,Station_28,Station_25,Fog,Concert,Spring,Wednesday,9.6,65,45,16.6,62,0,1,50000,10.819798284210286,1,2023,1,4,2,0,1,8,1,8,46,481,526,45,0.8638355052043957,-0.5037739770455262
Train,Route_4,Station_10,Station_23,Snow,Sports,Spring,Tuesday,28.7,42,25,0.6,93,0,0,0,0.0,0,2023,1,10,1,0,1,13,4,13,53,784,833,49,-0.275637355816999,-0.9612616959383189
Bus,Route_13,Station_34,Station_9,Cloudy,Unknown / Missing Event,Winter,Wednesday,9.8,43,41,15.3,94,0,0,0,0.0,0,2023,1,11,2,0,1,17,34,18,13,1054,1093,39,-0.9935718556765875,-0.11320321376790694
Metro,Route_14,Station_3,Station_47,Storm,Festival,Autumn,Monday,7.3,32,54,14.3,52,0,0,50000,10.819798284210286,1,2023,1,2,0,0,1,9,1,9,36,541,576,35,0.7040147244559682,-0.7101853756232854
Tram,Route_17,Station_50,Station_34,Fog,Festival,Winter,Wednesday,23.0,52,32,8.9,50,0,0,0,0.0,0,2023,1,4,2,0,1,7,18,8,13,438,493,55,0.9426414910921783,-0.333806859233771
Metro,Route_18,Station_17,Station_49,Storm,Festival,Summer,Friday,19.4,39,18,2.3,68,0,1,0,0.0,0,2023,1,6,4,0,1,19,4,19,21,1144,1161,17,-0.9612616959383188,0.2756373558169994
Tram,Route_11,Station_24,Station_4,Rain,Unknown / Missing Event,Autumn,Monday,1.2,59,6,3.0,37,0,0,0,0.0,0,2023,1,16,0,0,1,1,34,2,8,94,128,34,0.3987490689252462,0.917060074385124
Bus,Route_17,Station_19,Station_40,Rain,Sports,Autumn,Thursday,-4.6,78,45,12.9,82,0,1,0,0.0,0,2023,1,12,3,0,1,6,4,6,35,364,395,31,0.9998476951563913,-0.017452406437283477
Metro,Route_10,Station_17,Station_13,Snow,Unknown / Missing Event,Spring,Friday,29.1,36,5,15.9,53,0,0,500,6.2166061010848646,1,2023,1,6,4,0,1,17,49,18,8,1069,1088,19,-0.9988483864849507,-0.0479781285213447
Train,Route_7,Station_17,Station_11,Storm,Parade,Winter,Friday,1.3,68,27,18.7,80,0,1,500,6.2166061010848646,1,2023,1,20,4,0,1,17,34,18,26,1054,1106,52,-0.9935718556765875,-0.11320321376790694
Bus,Route_14,Station_15,Station_14,Storm,Unknown / Missing Event,Summer,Monday,-3.2,96,38,17.9,53,0,0,500,6.2166061010848646,1,2023,1,16,0,0,1,18,47,19,20,1127,1160,33,-0.979045472484584,0.203641751140177
Train,Route_12,Station_13,Station_49,Fog,Protest,Spring,Sunday,20.5,91,13,15.7,37,0,0,2000,7.601402334583733,1,2023,1,15,6,1,1,9,17,9,47,557,587,30,0.6527597524627223,-0.7575649843840497
Tram,Route_4,Station_26,Station_27,Fog,Unknown / Missing Event,Autumn,Friday,31.1,83,48,16.8,81,0,1,0,0.0,0,2023,1,13,4,0,1,9,45,10,44,585,644,59,0.5555702330196022,-0.8314696123025453
Train,Route_4,Station_41,Station_44,Rain,Unknown / Missing Event,Spring,Sunday,10.5,64,1,6.5,90,0,1,500,6.2166061010848646,1,2023,1,8,6,1,1,6,47,7,21,407,441,34,0.9790454724845838,-0.20364175114017755
Train,Route_3,Station_31,Station_45,Cloudy,Unknown / Missing Event,Winter,Saturday,-2.9,43,18,5.5,19,0,1,0,0.0,0,2023,1,21,5,1,1,15,30,16,5,930,965,35,-0.7933533402912349,-0.6087614290087209
Bus,Route_17,Station_50,Station_40,Snow,Unknown / Missing Event,Winter,Friday,27.8,50,31,5.2,80,0,0,0,0.0,0,2023,1,13,4,0,1,22,2,22,41,1322,1361,39,-0.4924235601034673,0.8703556959398996
Bus,Route_11,Station_8,Station_24,Cloudy,Protest,Spring,Wednesday,6.4,69,56,1.1,44,1,0,0,0.0,0,2023,1,4,2,0,1,15,31,16,7,931,967,36,-0.7960020025346223,-0.6052939880428941
Train,Route_6,Station_19,Station_30,Clear,Sports,Winter,Saturday,15.4,72,31,7.6,61,0,1,500,6.2166061010848646,1,2023,1,7,5,1,1,19,30,19,55,1170,1195,25,-0.9238795325112866,0.38268343236509
Train,Route_3,Station_8,Station_26,Cloudy,Concert,Summer,Friday,34.6,46,6,3.1,30,0,0,10000,9.210440366976517,1,2023,1,6,4,0,1,15,34,16,13,934,973,39,-0.8038568606172171,-0.5948227867513417
Bus,Route_13,Station_5,Station_34,Clear,Unknown / Missing Event,Spring,Friday,30.4,87,21,15.8,63,1,1,0,0.0,0,2023,1,13,4,0,1,21,31,22,29,1291,1349,58,-0.6052939880428949,0.7960020025346217
Train,Route_1,Station_34,Station_25,Storm,Unknown / Missing Event,Summer,Thursday,29.2,81,42,2.7,61,0,0,0,0.0,0,2023,1,5,3,0,1,14,3,14,20,843,860,17,-0.5112930860770523,-0.8594064115014526
Tram,Route_5,Station_31,Station_21,Cloudy,Unknown / Missing Event,Autumn,Thursday,30.6,90,31,19.6,46,0,1,2000,7.601402334583733,1,2023,1,19,3,0,1,7,18,8,9,438,489,51,0.9426414910921783,-0.333806859233771
Train,Route_3,Station_29,Station_48,Snow,Unknown / Missing Event,Autumn,Thursday,6.4,90,21,16.2,58,0,0,10000,9.210440366976517,1,2023,1,12,3,0,1,1,15,1,40,75,100,25,0.3214394653031616,0.9469301294951057
Tram,Route_6,Station_20,Station_9,Snow,Sports,Autumn,Thursday,4.8,73,15,18.3,12,0,0,0,0.0,0,2023,1,5,3,0,1,11,31,12,8,691,728,37,0.12619896913583,-0.992004949679715
Train,Route_17,Station_2,Station_20,Rain,Festival,Autumn,Thursday,22.3,88,6,19.7,47,0,1,0,0.0,0,2023,1,12,3,0,1,9,3,9,36,543,576,33,0.6977904598416802,-0.7163019434246543
Bus,Route_13,Station_43,Station_27,Clear,Unknown / Missing Event,Spring,Saturday,14.3,73,38,4.7,3,0,0,2000,7.601402334583733,1,2023,1,7,5,1,1,8,15,8,38,495,518,23,0.8314696123025451,-0.5555702330196023
Metro,Route_15,Station_24,Station_50,Snow,Protest,Autumn,Friday,10.0,41,19,16.7,38,0,0,0,0.0,0,2023,1,13,4,0,1,17,32,18,20,1052,1100,48,-0.9925461516413221,-0.12186934340514717
Tram,Route_19,Station_36,Station_3,Fog,Sports,Winter,Friday,9.0,59,6,6.1,71,0,1,0,0.0,0,2023,1,13,4,0,1,2,47,3,36,167,216,49,0.6658816660008343,0.7460573750616994
Bus,Route_18,Station_45,Station_21,Snow,Protest,Summer,Friday,4.8,73,49,13.7,17,0,0,2000,7.601402334583733,1,2023,1,20,4,0,1,5,16,6,9,316,369,53,0.981627183447664,0.19080899537654492
Bus,Route_19,Station_37,Station_35,Cloudy,Unknown / Missing Event,Summer,Saturday,-1.6,31,34,5.4,86,0,0,50000,10.819798284210286,1,2023,1,21,5,1,1,11,32,12,13,692,733,41,0.12186934340514755,-0.992546151641322
Metro,Route_12,Station_24,Station_21,Snow,Concert,Winter,Monday,32.5,49,30,14.2,14,1,0,0,0.0,0,2023,1,2,0,0,1,18,18,19,14,1098,1154,56,-0.9969173337331281,0.07845909572784432
Metro,Route_18,Station_25,Station_44,Cloudy,Unknown / Missing Event,Spring,Thursday,10.6,57,17,20.0,20,0,0,0,0.0,0,2023,1,5,3,0,1,4,30,5,13,270,313,43,0.9238795325112867,0.38268343236508984
Tram,Route_2,Station_27,Station_48,Cloudy,Unknown / Missing Event,Autumn,Monday,31.3,43,6,15.5,67,0,0,2000,7.601402334583733,1,2023,1,9,0,0,1,9,30,10,0,570,600,30,0.6087614290087204,-0.7933533402912353
Bus,Route_15,Station_25,Station_29,Cloudy,Concert,Spring,Monday,8.5,99,20,16.2,99,0,0,0,0.0,0,2023,1,2,0,0,1,19,1,19,20,1141,1160,19,-0.9647873238288129,0.2630312144579749
Train,Route_12,Station_26,Station_42,Storm,Unknown / Missing Event,Spring,Friday,18.3,41,20,10.5,50,1,0,0,0.0,0,2023,1,20,4,0,1,9,0,9,37,540,577,37,0.7071067811865476,-0.7071067811865475
Bus,Route_2,Station_38,Station_14,Cloudy,Unknown / Missing Event,Spring,Wednesday,30.6,73,21,8.6,20,0,0,2000,7.601402334583733,1,2023,1,18,2,0,1,21,1,21,21,1261,1281,20,-0.7040147244559687,0.7101853756232851
Bus,Route_4,Station_23,Station_38,Storm,Unknown / Missing Event,Spring,Friday,21.1,92,9,0.1,51,0,0,50000,10.819798284210286,1,2023,1,20,4,0,1,2,18,2,51,138,171,33,0.5664062369248328,0.8241261886220157
Train,Route_10,Station_22,Station_13,Rain,Protest,Winter,Tuesday,21.1,35,9,1.3,55,0,0,0,0.0,0,2023,1,10,1,0,1,8,1,8,31,481,511,30,0.8638355052043957,-0.5037739770455262
Metro,Route_3,Station_16,Station_8,Snow,Parade,Summer,Friday,30.3,80,15,7.0,31,0,0,0,0.0,0,2023,1,13,4,0,1,5,0,5,24,300,324,24,0.9659258262890683,0.25881904510252074
Bus,Route_12,Station_21,Station_40,Clear,Unknown / Missing Event,Winter,Friday,9.2,74,24,1.3,55,0,0,10000,9.210440366976517,1,2023,1,20,4,0,1,11,3,11,22,663,682,19,0.24615329302899322,-0.9692309097067543
Tram,Route_9,Station_43,Station_31,Cloudy,Concert,Spring,Thursday,3.7,90,15,9.6,90,0,0,0,0.0,0,2023,1,12,3,0,1,0,18,0,52,18,52,34,0.07845909572784494,0.996917333733128
Train,Route_4,Station_29,Station_10,Clear,Parade,Spring,Sunday,22.6,72,1,0.3,57,0,1,0,0.0,0,2023,1,15,6,1,1,22,32,23,16,1352,1396,44,-0.37460659341591235,0.9271838545667873
Tram,Route_3,Station_36,Station_28,Snow,Sports,Autumn,Thursday,5.7,39,56,13.2,7,0,0,0,0.0,0,2023,1,12,3,0,1,20,2,20,27,1202,1227,25,-0.8616291604415255,0.5075383629607045
Bus,Route_12,Station_44,Station_7,Fog,Concert,Summer,Wednesday,17.9,51,18,5.3,84,1,1,10000,9.210440366976517,1,2023,1,18,2,0,1,7,34,8,23,454,503,49,0.9170600743851242,-0.398749068925246
Bus,Route_10,Station_11,Station_30,Storm,Concert,Winter,Friday,32.9,37,7,10.1,60,0,0,0,0.0,0,2023,1,13,4,0,1,4,48,5,33,288,333,45,0.9510565162951535,0.30901699437494745
Tram,Route_1,Station_40,Station_22,Cloudy,Unknown / Missing Event,Winter,Friday,6.7,89,35,5.1,86,0,0,0,0.0,0,2023,1,20,4,0,1,2,48,3,30,168,210,42,0.6691306063588582,0.7431448254773942
Bus,Route_15,Station_37,Station_50,Cloudy,Unknown / Missing Event,Autumn,Friday,-2.1,72,39,12.3,22,0,0,0,0.0,0,2023,1,13,4,0,1,18,2,18,28,1082,1108,26,-0.9999619230641713,0.008726535498374096
Metro,Route_4,Station_26,Station_11,Rain,Unknown / Missing Event,Autumn,Tuesday,22.0,58,32,19.8,70,0,0,2000,7.601402334583733,1,2023,1,3,1,0,1,14,45,15,13,885,913,28,-0.6593458151000688,-0.7518398074789774
Bus,Route_6,Station_37,Station_18,Snow,Unknown / Missing Event,Summer,Friday,20.2,98,19,19.7,44,0,0,0,0.0,0,2023,1,20,4,0,1,13,15,13,52,795,832,37,-0.3214394653031611,-0.9469301294951058
Bus,Route_17,Station_35,Station_42,Clear,Concert,Autumn,Friday,30.5,60,23,5.8,53,0,1,0,0.0,0,2023,1,20,4,0,1,20,4,20,29,1204,1229,25,-0.8571673007021123,0.5150380749100542
Metro,Route_5,Station_1,Station_36,Fog,Unknown / Missing Event,Winter,Monday,3.7,60,11,14.3,7,0,1,50000,10.819798284210286,1,2023,1,2,0,0,1,11,1,11,59,661,719,58,0.2546019482055277,-0.9670459389139431
Metro,Route_13,Station_35,Station_7,Storm,Unknown / Missing Event,Autumn,Monday,28.3,97,54,11.9,98,0,0,0,0.0,0,2023,1,2,0,0,1,1,15,2,4,75,124,49,0.3214394653031616,0.9469301294951057
Metro,Route_4,Station_34,Station_7,Clear,Unknown / Missing Event,Autumn,Tuesday,21.1,63,22,1.0,86,0,0,0,0.0,0,2023,1,3,1,0,1,8,1,8,49,481,529,48,0.8638355052043957,-0.5037739770455262
Train,Route_8,Station_22,Station_40,Cloudy,Unknown / Missing Event,Winter,Sunday,14.3,87,57,4.7,55,0,0,500,6.2166061010848646,1,2023,1,15,6,1,1,3,17,3,52,197,232,35,0.7575649843840495,0.6527597524627226
Train,Route_20,Station_30,Station_6,Snow,Protest,Spring,Sunday,6.0,87,44,19.3,71,0,0,10000,9.210440366976517,1,2023,1,15,6,1,1,7,33,7,50,453,470,17,0.9187912101488983,-0.39474385638426723
Train,Route_10,Station_48,Station_34,Cloudy,Unknown / Missing Event,Autumn,Thursday,24.6,40,10,9.3,87,1,0,10000,9.210440366976517,1,2023,1,19,3,0,1,17,4,17,50,1024,1070,46,-0.9702957262759965,-0.24192189559966779
Metro,Route_11,Station_50,Station_17,Clear,Unknown / Missing Event,Winter,Saturday,12.7,53,54,8.1,20,0,0,50000,10.819798284210286,1,2023,1,14,5,1,1,9,46,10,12,586,612,26,0.5519369853120583,-0.8338858220671681
Train,Route_7,Station_25,Station_21,Snow,Sports,Autumn,Monday,-3.9,87,9,13.6,99,0,0,500,6.2166061010848646,1,2023,1,9,0,0,1,0,15,1,2,15,62,47,0.06540312923014306,0.9978589232386035
Train,Route_6,Station_19,Station_4,Fog,Concert,Summer,Saturday,29.5,49,45,14.6,26,1,1,0,0.0,0,2023,1,7,5,1,1,10,49,11,7,649,667,18,0.30486429902801077,-0.9523957996432784
Metro,Route_4,Station_15,Station_7,Fog,Sports,Winter,Sunday,20.3,78,7,8.4,14,0,1,0,0.0,0,2023,1,15,6,1,1,2,18,2,36,138,156,18,0.5664062369248328,0.8241261886220157
Metro,Route_20,Station_15,Station_9,Storm,Sports,Spring,Sunday,30.5,70,39,5.6,16,0,1,500,6.2166061010848646,1,2023,1,15,6,1,1,6,34,7,9,394,429,35,0.9890158633619168,-0.14780941112961044
Tram,Route_12,Station_25,Station_24,Fog,Sports,Winter,Tuesday,21.7,35,24,11.4,6,0,0,0,0.0,0,2023,1,17,1,0,1,6,15,6,55,375,415,40,0.9978589232386035,-0.06540312923014292
Metro,Route_14,Station_32,Station_42,Fog,Unknown / Missing Event,Winter,Saturday,22.1,70,40,16.6,51,0,0,50000,10.819798284210286,1,2023,1,21,5,1,1,10,15,10,43,615,643,28,0.4422886902190013,-0.8968727415326883
Tram,Route_14,Station_3,Station_14,Clear,Sports,Spring,Thursday,28.6,63,47,9.6,34,0,1,2000,7.601402334583733,1,2023,1,12,3,0,1,7,18,8,6,438,486,48,0.9426414910921783,-0.333806859233771
Tram,Route_13,Station_1,Station_35,Cloudy,Unknown / Missing Event,Spring,Saturday,14.8,97,50,19.1,85,0,1,0,0.0,0,2023,1,7,5,1,1,12,16,12,48,736,768,32,-0.06975647374412483,-0.9975640502598243
Bus,Route_13,Station_20,Station_44,Snow,Parade,Summer,Sunday,20.5,71,36,1.3,33,0,0,500,6.2166061010848646,1,2023,1,15,6,1,1,20,49,21,35,1249,1295,46,-0.740218127486832,0.6723668074346681
Train,Route_15,Station_8,Station_5,Clear,Unknown / Missing Event,Winter,Thursday,31.2,83,32,6.2,31,0,0,0,0.0,0,2023,1,19,3,0,1,4,15,4,56,255,296,41,0.8968727415326884,0.44228869021900125
Metro,Route_19,Station_1,Station_20,Rain,Unknown / Missing Event,Winter,Thursday,27.6,57,47,9.6,85,1,0,0,0.0,0,2023,1,5,3,0,1,10,45,11,19,645,679,34,0.32143946530316175,-0.9469301294951056
Tram,Route_1,Station_44,Station_36,Rain,Parade,Winter,Wednesday,10.8,55,4,10.6,47,0,1,0,0.0,0,2023,1,4,2,0,1,20,19,20,46,1219,1246,27,-0.821646937942164,0.5699967625963025
Tram,Route_2,Station_14,Station_16,Cloudy,Concert,Summer,Saturday,7.1,60,12,10.5,38,0,0,0,0.0,0,2023,1,14,5,1,1,20,33,21,12,1233,1272,39,-0.785316930880745,0.619093949309834
Tram,Route_12,Station_15,Station_20,Rain,Unknown / Missing Event,Spring,Thursday,29.6,38,35,13.8,50,0,0,0,0.0,0,2023,1,5,3,0,1,20,19,20,49,1219,1249,30,-0.821646937942164,0.5699967625963025
Bus,Route_13,Station_44,Station_10,Rain,Unknown / Missing Event,Spring,Thursday,15.8,34,0,6.2,2,0,0,500,6.2166061010848646,1,2023,1,12,3,0,1,4,33,5,7,273,307,34,0.9288095528719242,0.3705574375098362
Bus,Route_2,Station_6,Station_28,Snow,Festival,Summer,Saturday,31.1,76,24,2.5,91,0,1,10000,9.210440366976517,1,2023,1,21,5,1,1,11,3,11,38,663,698,35,0.24615329302899322,-0.9692309097067543
Bus,Route_16,Station_26,Station_13,Rain,Unknown / Missing Event,Winter,Monday,-4.3,81,6,1.2,73,0,0,50000,10.819798284210286,1,2023,1,9,0,0,1,12,32,13,6,752,786,34,-0.13917310096006552,-0.9902680687415703
Tram,Route_7,Station_25,Station_22,Storm,Unknown / Missing Event,Autumn,Tuesday,27.1,83,49,14.2,6,0,0,0,0.0,0,2023,1,3,1,0,1,5,31,6,21,331,381,50,0.992004949679715,0.12619896913582973
Metro,Route_7,Station_15,Station_29,Storm,Unknown / Missing Event,Autumn,Sunday,3.5,39,29,19.8,71,0,1,0,0.0,0,2023,1,8,6,1,1,20,17,21,9,1217,1269,52,-0.8265897491271886,0.5628049276950685
Train,Route_2,Station_7,Station_23,Fog,Unknown / Missing Event,Summer,Tuesday,22.4,43,52,10.4,39,0,0,0,0.0,0,2023,1,10,1,0,1,8,18,9,12,498,552,54,0.8241261886220158,-0.5664062369248326
Train,Route_20,Station_47,Station_22,Clear,Unknown / Missing Event,Spring,Sunday,14.7,89,11,7.3,95,1,0,2000,7.601402334583733,1,2023,1,15,6,1,1,3,47,4,38,227,278,51,0.8362861558477594,0.5482932295199139
Bus,Route_14,Station_33,Station_6,Rain,Concert,Summer,Wednesday,16.4,67,9,5.0,93,0,0,0,0.0,0,2023,1,18,2,0,1,6,30,7,9,390,429,39,0.9914448613738105,-0.13052619222005138
Train,Route_12,Station_18,Station_22,Snow,Unknown / Missing Event,Summer,Saturday,11.7,34,39,7.1,92,0,0,0,0.0,0,2023,1,7,5,1,1,19,46,20,17,1186,1217,31,-0.8949343616020253,0.44619781310980833
Tram,Route_8,Station_9,Station_49,Clear,Parade,Winter,Thursday,3.9,67,2,13.1,76,0,0,0,0.0,0,2023,1,12,3,0,1,18,15,18,57,1095,1137,42,-0.9978589232386036,0.06540312923014237
Tram,Route_3,Station_1,Station_29,Clear,Festival,Spring,Monday,25.6,79,28,12.0,29,1,1,10000,9.210440366976517,1,2023,1,16,0,0,1,15,0,15,29,900,929,29,-0.7071067811865475,-0.7071067811865477
Metro,Route_17,Station_10,Station_46,Fog,Concert,Summer,Thursday,21.6,85,43,13.3,66,0,1,0,0.0,0,2023,1,19,3,0,1,10,34,11,20,634,680,46,0.36650122672429714,-0.9304175679820246
Train,Route_19,Station_1,Station_21,Clear,Parade,Winter,Tuesday,31.4,55,15,8.1,22,1,0,0,0.0,0,2023,1,10,1,0,1,16,16,16,56,976,1016,40,-0.8987940462991668,-0.43837114678907774
Bus,Route_20,Station_5,Station_17,Cloudy,Unknown / Missing Event,Winter,Wednesday,-1.9,64,50,11.8,78,0,0,500,6.2166061010848646,1,2023,1,11,2,0,1,0,16,1,5,16,65,49,0.0697564737441253,0.9975640502598242
Metro,Route_5,Station_34,Station_8,Snow,Festival,Autumn,Friday,5.1,89,26,6.7,32,0,0,0,0.0,0,2023,1,6,4,0,1,4,17,4,37,257,277,20,0.9006982393225879,0.43444525740441714
Train,Route_18,Station_22,Station_35,Rain,Unknown / Missing Event,Spring,Tuesday,34.0,33,10,13.2,75,0,1,0,0.0,0,2023,1,10,1,0,1,7,2,7,35,422,455,33,0.963630453208623,-0.26723837607825685
Train,Route_11,Station_45,Station_29,Storm,Festival,Spring,Tuesday,-4.1,99,20,2.7,24,0,0,0,0.0,0,2023,1,3,1,0,1,6,2,6,39,362,399,37,0.9999619230641713,-0.008726535498373775
Train,Route_12,Station_28,Station_9,Clear,Sports,Winter,Friday,10.8,62,51,13.5,52,0,0,0,0.0,0,2023,1,20,4,0,1,1,15,1,50,75,110,35,0.3214394653031616,0.9469301294951057
Bus,Route_7,Station_40,Station_13,Rain,Unknown / Missing Event,Autumn,Friday,-3.7,41,34,14.1,60,0,0,0,0.0,0,2023,1,6,4,0,1,2,0,2,58,120,178,58,0.49999999999999994,0.8660254037844387
Tram,Route_2,Station_21,Station_21,Clear,Concert,Summer,Tuesday,-0.9,46,33,7.2,93,0,0,10000,9.210440366976517,1,2023,1,10,1,0,1,11,47,12,28,707,748,41,0.05669278756337765,-0.9983916705573488
Tram,Route_17,Station_40,Station_44,Fog,Unknown / Missing Event,Autumn,Thursday,30.5,80,12,6.1,26,0,0,0,0.0,0,2023,1,19,3,0,1,10,18,11,13,618,673,55,0.4305110968082951,-0.9025852843498606
Bus,Route_14,Station_13,Station_32,Clear,Unknown / Missing Event,Winter,Monday,0.2,44,31,18.5,18,0,1,50000,10.819798284210286,1,2023,1,16,0,0,1,17,0,17,38,1020,1058,38,-0.9659258262890683,-0.25881904510252063
Tram,Route_20,Station_40,Station_44,Fog,Sports,Spring,Wednesday,11.4,68,16,18.9,73,0,0,0,0.0,0,2023,1,18,2,0,1,12,1,12,52,721,772,51,-0.004363309284746176,-0.9999904807207345
Metro,Route_8,Station_1,Station_32,Clear,Concert,Spring,Thursday,13.6,45,16,14.9,23,0,0,50000,10.819798284210286,1,2023,1,5,3,0,1,4,3,4,33,243,273,30,0.8724960070727971,0.48862124149695496
Train,Route_12,Station_41,Station_39,Clear,Unknown / Missing Event,Autumn,Saturday,12.7,42,3,8.4,74,0,0,50000,10.819798284210286,1,2023,1,14,5,1,1,23,49,0,22,1429,22,33,-0.04797812852134387,0.9988483864849507
Tram,Route_3,Station_4,Station_4,Cloudy,Concert,Autumn,Saturday,7.4,90,1,5.6,56,0,0,0,0.0,0,2023,1,7,5,1,1,16,33,17,0,993,1020,27,-0.9288095528719243,-0.3705574375098359
Bus,Route_16,Station_41,Station_28,Storm,Unknown / Missing Event,Summer,Monday,30.8,31,9,10.5,39,0,0,500,6.2166061010848646,1,2023,1,9,0,0,1,13,48,14,40,828,880,52,-0.45399049973954625,-0.8910065241883681
Metro,Route_6,Station_42,Station_8,Clear,Sports,Summer,Monday,31.2,49,42,0.1,39,0,0,2000,7.601402334583733,1,2023,1,9,0,0,1,7,19,7,56,439,476,37,0.9411760152563707,-0.3379167180033268
Metro,Route_3,Station_14,Station_13,Cloudy,Unknown / Missing Event,Winter,Saturday,24.7,88,57,2.3,96,0,0,500,6.2166061010848646,1,2023,1,21,5,1,1,3,30,4,28,210,268,58,0.7933533402912352,0.6087614290087207
Metro,Route_10,Station_49,Station_48,Fog,Unknown / Missing Event,Summer,Friday,17.4,68,50,11.7,86,0,1,0,0.0,0,2023,1,20,4,0,1,23,31,0,0,1411,0,29,-0.12619896913583012,0.992004949679715
Train,Route_9,Station_44,Station_25,Cloudy,Sports,Summer,Thursday,29.3,76,37,3.3,72,0,1,0,0.0,0,2023,1,12,3,0,1,23,2,23,36,1382,1416,34,-0.2503800040544419,0.9681476403781076
Metro,Route_18,Station_18,Station_22,Snow,Sports,Spring,Sunday,32.3,89,44,13.1,12,0,1,0,0.0,0,2023,1,1,6,1,1,12,16,12,44,736,764,28,-0.06975647374412483,-0.9975640502598243
Tram,Route_4,Station_31,Station_4,Cloudy,Sports,Winter,Thursday,29.5,62,54,13.7,88,1,0,0,0.0,0,2023,1,19,3,0,1,15,0,15,38,900,938,38,-0.7071067811865475,-0.7071067811865477
Metro,Route_8,Station_23,Station_42,Fog,Concert,Winter,Friday,10.8,82,2,3.3,76,0,0,0,0.0,0,2023,1,6,4,0,1,4,46,5,37,286,337,51,0.9483236552061993,0.3173046564050921
Metro,Route_3,Station_12,Station_47,Cloudy,Unknown / Missing Event,Winter,Sunday,4.9,73,2,12.5,3,1,0,2000,7.601402334583733,1,2023,1,15,6,1,1,6,46,7,35,406,455,49,0.9799247046208296,-0.19936793441719705
Tram,Route_9,Station_43,Station_27,Fog,Concert,Autumn,Monday,-4.6,71,50,18.0,73,0,1,0,0.0,0,2023,1,2,0,0,1,18,48,19,41,1128,1181,53,-0.9781476007338058,0.20791169081775857
Metro,Route_18,Station_40,Station_5,Fog,Unknown / Missing Event,Autumn,Monday,12.3,68,8,9.2,84,0,0,50000,10.819798284210286,1,2023,1,2,0,0,1,21,33,22,5,1293,1325,32,-0.5983246005706593,0.8012538126910604
Tram,Route_12,Station_48,Station_8,Rain,Parade,Winter,Thursday,9.2,38,32,10.3,25,0,0,0,0.0,0,2023,1,12,3,0,1,19,34,20,11,1174,1211,37,-0.917060074385124,0.39874906892524625
Metro,Route_9,Station_13,Station_16,Storm,Unknown / Missing Event,Winter,Thursday,7.9,65,56,17.8,86,0,0,0,0.0,0,2023,1,5,3,0,1,2,17,2,35,137,155,18,0.5628049276950685,0.8265897491271886
Tram,Route_2,Station_48,Station_21,Snow,Unknown / Missing Event,Summer,Thursday,23.2,47,28,15.2,48,0,0,10000,9.210440366976517,1,2023,1,5,3,0,1,0,19,0,53,19,53,34,0.08280820751220433,0.9965655024977614
Train,Route_11,Station_27,Station_15,Storm,Protest,Autumn,Sunday,-2.6,86,54,1.1,99,1,0,500,6.2166061010848646,1,2023,1,8,6,1,1,20,30,21,27,1230,1287,57,-0.7933533402912352,0.6087614290087205
Metro,Route_13,Station_32,Station_30,Cloudy,Sports,Winter,Thursday,31.4,75,47,7.3,91,0,0,10000,9.210440366976517,1,2023,1,19,3,0,1,0,0,0,44,0,44,44,0.0,1.0
Metro,Route_15,Station_39,Station_14,Snow,Festival,Winter,Friday,9.2,99,56,3.2,57,0,0,50000,10.819798284210286,1,2023,1,6,4,0,1,23,46,0,43,1426,43,57,-0.061048539534856866,0.9981347984218669
Bus,Route_9,Station_43,Station_28,Clear,Concert,Spring,Tuesday,24.7,73,12,18.5,91,0,0,0,0.0,0,2023,1,10,1,0,1,5,31,5,52,331,352,21,0.992004949679715,0.12619896913582973
Train,Route_1,Station_42,Station_42,Snow,Unknown / Missing Event,Autumn,Wednesday,8.2,45,55,16.9,78,1,1,0,0.0,0,2023,1,11,2,0,1,11,17,11,54,677,714,37,0.18652403600873463,-0.9824503977255098
Bus,Route_5,Station_29,Station_36,Cloudy,Unknown / Missing Event,Spring,Saturday,27.8,34,13,17.4,61,0,1,50000,10.819798284210286,1,2023,1,14,5,1,1,13,49,14,41,829,881,52,-0.4578739151169568,-0.8890171414857364
Bus,Route_5,Station_3,Station_19,Clear,Unknown / Missing Event,Winter,Friday,4.2,38,15,14.5,62,0,0,500,6.2166061010848646,1,2023,1,6,4,0,1,4,3,4,32,243,272,29,0.8724960070727971,0.48862124149695496
Metro,Route_13,Station_5,Station_6,Snow,Concert,Autumn,Saturday,17.0,88,49,7.7,67,0,0,0,0.0,0,2023,1,7,5,1,1,23,46,0,17,1426,17,31,-0.061048539534856866,0.9981347984218669
Metro,Route_12,Station_42,Station_31,Snow,Unknown / Missing Event,Spring,Tuesday,30.0,40,14,19.7,21,0,0,50000,10.819798284210286,1,2023,1,17,1,0,1,16,2,16,51,962,1011,49,-0.8703556959398996,-0.4924235601034672
Train,Route_15,Station_12,Station_24,Clear,Unknown / Missing Event,Spring,Sunday,25.3,47,22,4.1,71,1,0,50000,10.819798284210286,1,2023,1,8,6,1,1,11,34,11,50,694,710,16,0.11320321376790689,-0.9935718556765875
Bus,Route_1,Station_48,Station_20,Snow,Unknown / Missing Event,Winter,Monday,-0.9,54,30,0.6,78,1,1,0,0.0,0,2023,1,9,0,0,1,20,33,21,12,1233,1272,39,-0.785316930880745,0.619093949309834
Bus,Route_4,Station_23,Station_19,Fog,Unknown / Missing Event,Summer,Wednesday,8.2,83,23,13.8,62,0,0,50000,10.819798284210286,1,2023,1,11,2,0,1,5,19,5,59,319,359,40,0.9840406976462909,0.17794354547384178
Tram,Route_6,Station_28,Station_41,Cloudy,Unknown / Missing Event,Summer,Tuesday,24.7,53,53,14.6,92,0,1,0,0.0,0,2023,1,10,1,0,1,2,30,3,12,150,192,42,0.6087614290087207,0.7933533402912352
Bus,Route_17,Station_16,Station_2,Rain,Unknown / Missing Event,Winter,Tuesday,14.4,44,56,8.9,77,0,1,0,0.0,0,2023,1,17,1,0,1,1,15,1,43,75,103,28,0.3214394653031616,0.9469301294951057
Train,Route_17,Station_4,Station_33,Clear,Unknown / Missing Event,Spring,Saturday,-0.7,69,47,6.2,93,0,0,50000,10.819798284210286,1,2023,1,14,5,1,1,19,1,19,22,1141,1162,21,-0.9647873238288129,0.2630312144579749
Bus,Route_11,Station_46,Station_19,Snow,Festival,Summer,Tuesday,8.5,96,49,3.8,95,0,0,0,0.0,0,2023,1,10,1,0,1,0,18,1,0,18,60,42,0.07845909572784494,0.996917333733128
Bus,Route_11,Station_19,Station_19,Cloudy,Festival,Autumn,Thursday,17.7,73,1,11.8,92,0,1,0,0.0,0,2023,1,19,3,0,1,1,17,2,8,77,128,51,0.3296906452627873,0.9440890203927842
Tram,Route_19,Station_49,Station_20,Snow,Unknown / Missing Event,Autumn,Monday,-1.1,35,13,6.3,35,0,1,0,0.0,0,2023,1,9,0,0,1,15,33,15,53,933,953,20,-0.8012538126910606,-0.5983246005706593
Bus,Route_1,Station_28,Station_4,Storm,Unknown / Missing Event,Winter,Saturday,24.4,50,14,14.4,0,0,0,0,0.0,0,2023,1,14,5,1,1,17,32,18,2,1052,1082,30,-0.9925461516413221,-0.12186934340514717
Metro,Route_13,Station_42,Station_10,Cloudy,Unknown / Missing Event,Summer,Wednesday,23.1,36,33,17.6,91,0,0,0,0.0,0,2023,1,11,2,0,1,16,33,17,22,993,1042,49,-0.9288095528719243,-0.3705574375098359
Metro,Route_17,Station_15,Station_6,Fog,Unknown / Missing Event,Winter,Monday,29.4,30,39,7.1,3,0,0,0,0.0,0,2023,1,16,0,0,1,19,18,20,5,1158,1205,47,-0.9426414910921784,0.3338068592337709
Train,Route_5,Station_8,Station_20,Fog,Unknown / Missing Event,Summer,Friday,4.8,65,40,19.4,11,0,0,10000,9.210440366976517,1,2023,1,13,4,0,1,5,15,5,47,315,347,32,0.9807852804032304,0.19509032201612833
Tram,Route_19,Station_47,Station_22,Clear,Concert,Winter,Sunday,7.1,49,1,15.5,88,1,0,2000,7.601402334583733,1,2023,1,8,6,1,1,16,1,16,51,961,1011,50,-0.8681988144891424,-0.4962165036752081
Bus,Route_16,Station_35,Station_24,Snow,Unknown / Missing Event,Autumn,Friday,28.7,93,41,8.7,67,0,0,0,0.0,0,2023,1,20,4,0,1,22,31,23,5,1351,1385,34,-0.37864861735243305,0.9255405040175664
Train,Route_2,Station_45,Station_26,Cloudy,Unknown / Missing Event,Winter,Saturday,13.7,59,57,3.6,49,0,0,0,0.0,0,2023,1,21,5,1,1,14,4,14,43,844,883,39,-0.5150380749100542,-0.8571673007021123
Tram,Route_2,Station_26,Station_37,Fog,Festival,Spring,Saturday,21.5,94,9,6.4,73,1,0,0,0.0,0,2023,1,21,5,1,1,14,17,14,45,857,885,28,-0.5628049276950682,-0.8265897491271889
Train,Route_12,Station_18,Station_7,Cloudy,Sports,Spring,Thursday,-1.1,65,57,2.7,73,0,1,2000,7.601402334583733,1,2023,1,19,3,0,1,3,3,3,41,183,221,38,0.7163019434246541,0.6977904598416802
Train,Route_20,Station_9,Station_23,Clear,Protest,Autumn,Friday,34.2,40,42,18.4,49,0,0,500,6.2166061010848646,1,2023,1,13,4,0,1,0,0,0,44,0,44,44,0.0,1.0
Bus,Route_17,Station_14,Station_49,Cloudy,Unknown / Missing Event,Spring,Sunday,20.1,62,22,1.7,7,0,0,0,0.0,0,2023,1,15,6,1,1,4,46,5,34,286,334,48,0.9483236552061993,0.3173046564050921
Train,Route_9,Station_3,Station_2,Fog,Sports,Autumn,Sunday,28.5,53,2,14.6,75,0,0,0,0.0,0,2023,1,8,6,1,1,12,4,12,43,724,763,39,-0.017452406437283192,-0.9998476951563913
Tram,Route_14,Station_32,Station_13,Snow,Unknown / Missing Event,Winter,Tuesday,-4.2,72,6,19.3,89,0,0,0,0.0,0,2023,1,17,1,0,1,2,15,3,3,135,183,48,0.5555702330196022,0.8314696123025452
Metro,Route_8,Station_32,Station_49,Clear,Unknown / Missing Event,Spring,Monday,-3.2,83,34,18.2,34,0,0,0,0.0,0,2023,1,9,0,0,1,7,33,8,7,453,487,34,0.9187912101488983,-0.39474385638426723
Train,Route_14,Station_15,Station_1,Clear,Unknown / Missing Event,Spring,Sunday,19.7,58,45,5.8,65,0,0,0,0.0,0,2023,1,15,6,1,1,19,46,20,21,1186,1221,35,-0.8949343616020253,0.44619781310980833
Bus,Route_13,Station_32,Station_3,Clear,Unknown / Missing Event,Spring,Wednesday,20.4,61,58,8.6,42,0,0,10000,9.210440366976517,1,2023,1,11,2,0,1,4,19,4,36,259,276,17,0.9044551454543679,0.4265687399014585
Train,Route_1,Station_14,Station_34,Clear,Unknown / Missing Event,Summer,Wednesday,20.2,71,27,2.3,57,0,0,50000,10.819798284210286,1,2023,1,11,2,0,1,12,0,12,37,720,757,37,1.2246467991473532e-16,-1.0
Train,Route_12,Station_14,Station_40,Fog,Sports,Summer,Friday,3.0,99,24,18.4,41,0,0,50000,10.819798284210286,1,2023,1,6,4,0,1,13,18,13,48,798,828,30,-0.3338068592337705,-0.9426414910921785
Tram,Route_14,Station_32,Station_50,Fog,Unknown / Missing Event,Winter,Tuesday,24.5,33,1,9.8,6,0,0,0,0.0,0,2023,1,10,1,0,1,19,15,20,8,1155,1208,53,-0.9469301294951057,0.3214394653031615
Train,Route_9,Station_37,Station_2,Clear,Unknown / Missing Event,Spring,Wednesday,14.4,65,18,12.7,37,0,0,500,6.2166061010848646,1,2023,1,18,2,0,1,16,34,17,15,994,1035,41,-0.9304175679820246,-0.3665012267242972
Train,Route_4,Station_37,Station_1,Clear,Unknown / Missing Event,Winter,Wednesday,21.3,57,11,6.2,36,0,0,0,0.0,0,2023,1,11,2,0,1,6,47,7,43,407,463,56,0.9790454724845838,-0.20364175114017755
Train,Route_8,Station_8,Station_3,Rain,Sports,Summer,Wednesday,29.2,40,8,19.6,60,0,0,500,6.2166061010848646,1,2023,1,18,2,0,1,10,33,11,6,633,666,33,0.3705574375098363,-0.9288095528719242
Bus,Route_18,Station_15,Station_3,Storm,Unknown / Missing Event,Autumn,Thursday,15.8,54,22,18.5,93,0,0,2000,7.601402334583733,1,2023,1,12,3,0,1,1,1,1,31,61,91,30,0.2630312144579748,0.964787323828813
Bus,Route_4,Station_38,Station_31,Fog,Festival,Spring,Saturday,28.8,70,5,9.0,73,0,0,0,0.0,0,2023,1,14,5,1,1,2,2,2,50,122,170,48,0.5075383629607041,0.8616291604415258
Train,Route_13,Station_28,Station_18,Fog,Festival,Summer,Wednesday,27.7,59,0,14.8,94,0,0,0,0.0,0,2023,1,4,2,0,1,22,2,22,51,1322,1371,49,-0.4924235601034673,0.8703556959398996
Train,Route_1,Station_11,Station_24,Clear,Unknown / Missing Event,Spring,Monday,-3.0,97,43,1.6,42,1,1,2000,7.601402334583733,1,2023,1,9,0,0,1,18,34,18,54,1114,1134,20,-0.9890158633619168,0.14780941112961096
Metro,Route_5,Station_23,Station_19,Rain,Festival,Winter,Sunday,-3.1,94,36,8.2,59,0,1,500,6.2166061010848646,1,2023,1,15,6,1,1,17,4,17,36,1024,1056,32,-0.9702957262759965,-0.24192189559966779
Bus,Route_16,Station_38,Station_9,Clear,Unknown / Missing Event,Spring,Sunday,34.1,41,19,0.6,85,0,0,0,0.0,0,2023,1,1,6,1,1,6,47,7,20,407,440,33,0.9790454724845838,-0.20364175114017755
Train,Route_10,Station_23,Station_5,Snow,Unknown / Missing Event,Spring,Friday,18.3,84,53,1.1,95,0,0,0,0.0,0,2023,1,20,4,0,1,23,46,0,16,1426,16,30,-0.061048539534856866,0.9981347984218669
Metro,Route_5,Station_41,Station_28,Snow,Unknown / Missing Event,Summer,Wednesday,14.5,39,59,10.3,87,0,0,10000,9.210440366976517,1,2023,1,11,2,0,1,0,2,0,37,2,37,35,0.008726535498373935,0.9999619230641713
Tram,Route_8,Station_50,Station_29,Rain,Unknown / Missing Event,Autumn,Sunday,12.3,80,12,5.2,6,0,0,0,0.0,0,2023,1,15,6,1,1,5,30,6,0,330,360,30,0.9914448613738104,0.1305261922200517
Bus,Route_7,Station_23,Station_41,Storm,Unknown / Missing Event,Autumn,Wednesday,7.8,54,47,13.4,23,0,1,50000,10.819798284210286,1,2023,1,11,2,0,1,0,48,1,5,48,65,17,0.20791169081775931,0.9781476007338057
Metro,Route_9,Station_39,Station_23,Storm,Concert,Winter,Friday,28.3,72,40,3.8,76,0,0,50000,10.819798284210286,1,2023,1,20,4,0,1,10,30,11,4,630,664,34,0.3826834323650899,-0.9238795325112867
Tram,Route_2,Station_4,Station_39,Storm,Concert,Spring,Tuesday,15.1,47,21,19.3,45,0,0,0,0.0,0,2023,1,10,1,0,1,16,30,17,12,990,1032,42,-0.9238795325112868,-0.3826834323650895
Bus,Route_5,Station_47,Station_33,Clear,Unknown / Missing Event,Winter,Monday,23.8,60,54,19.0,45,0,0,500,6.2166061010848646,1,2023,1,9,0,0,1,16,1,16,20,961,980,19,-0.8681988144891424,-0.4962165036752081
Tram,Route_9,Station_47,Station_27,Rain,Unknown / Missing Event,Autumn,Friday,0.7,84,53,3.4,15,0,0,0,0.0,0,2023,1,6,4,0,1,1,19,1,42,79,102,23,0.33791671800332695,0.9411760152563706
Bus,Route_11,Station_12,Station_15,Fog,Unknown / Missing Event,Winter,Friday,16.3,80,14,2.0,89,0,1,0,0.0,0,2023,1,13,4,0,1,18,34,19,3,1114,1143,29,-0.9890158633619168,0.14780941112961096
Metro,Route_6,Station_13,Station_27,Fog,Protest,Autumn,Tuesday,-3.3,76,19,0.0,37,0,0,50000,10.819798284210286,1,2023,1,17,1,0,1,18,31,19,0,1111,1140,29,-0.9908658973868822,0.13485093027372327
Train,Route_7,Station_40,Station_28,Snow,Sports,Autumn,Tuesday,23.6,97,47,8.5,99,0,0,0,0.0,0,2023,1,10,1,0,1,4,46,5,28,286,328,42,0.9483236552061993,0.3173046564050921
Tram,Route_20,Station_32,Station_43,Storm,Unknown / Missing Event,Spring,Wednesday,5.2,71,4,19.4,82,0,1,0,0.0,0,2023,1,18,2,0,1,1,2,1,51,62,111,49,0.26723837607825685,0.963630453208623
Metro,Route_7,Station_29,Station_28,Rain,Sports,Summer,Friday,24.5,57,59,4.9,90,0,0,0,0.0,0,2023,1,6,4,0,1,2,46,3,26,166,206,40,0.6626200482157375,0.7489557207890021
Train,Route_9,Station_21,Station_24,Clear,Sports,Summer,Tuesday,33.1,78,21,3.6,99,0,0,500,6.2166061010848646,1,2023,1,10,1,0,1,18,2,18,24,1082,1104,22,-0.9999619230641713,0.008726535498374096
Bus,Route_14,Station_28,Station_6,Rain,Unknown / Missing Event,Autumn,Thursday,26.1,30,9,9.5,62,0,1,0,0.0,0,2023,1,12,3,0,1,11,31,12,22,691,742,51,0.12619896913583,-0.992004949679715
Bus,Route_16,Station_25,Station_28,Snow,Festival,Winter,Friday,23.2,42,19,19.4,97,0,1,0,0.0,0,2023,1,6,4,0,1,21,34,22,28,1294,1348,54,-0.594822786751341,0.8038568606172175
Train,Route_7,Station_14,Station_18,Clear,Unknown / Missing Event,Summer,Saturday,12.7,99,53,14.1,31,0,1,0,0.0,0,2023,1,21,5,1,1,3,15,3,36,195,216,21,0.7518398074789773,0.659345815100069
Bus,Route_1,Station_37,Station_32,Fog,Festival,Autumn,Wednesday,3.3,67,28,4.9,24,0,0,0,0.0,0,2023,1,4,2,0,1,20,48,21,29,1248,1289,41,-0.7431448254773946,0.6691306063588578
Metro,Route_12,Station_21,Station_11,Rain,Unknown / Missing Event,Spring,Thursday,33.7,99,30,0.2,72,0,0,0,0.0,0,2023,1,5,3,0,1,15,48,16,42,948,1002,54,-0.8386705679454242,-0.544639035015027
Tram,Route_6,Station_9,Station_7,Snow,Festival,Winter,Monday,1.7,61,4,4.4,52,0,0,2000,7.601402334583733,1,2023,1,16,0,0,1,16,30,16,51,990,1011,21,-0.9238795325112868,-0.3826834323650895
Metro,Route_12,Station_23,Station_26,Snow,Unknown / Missing Event,Summer,Friday,23.7,46,48,10.8,65,0,0,0,0.0,0,2023,1,6,4,0,1,5,2,5,40,302,340,38,0.9681476403781077,0.2503800040544415
Metro,Route_6,Station_30,Station_9,Clear,Sports,Autumn,Friday,15.5,65,28,15.1,58,0,0,0,0.0,0,2023,1,13,4,0,1,6,30,6,52,390,412,22,0.9914448613738105,-0.13052619222005138
Bus,Route_13,Station_30,Station_28,Storm,Protest,Summer,Wednesday,-0.7,44,35,14.8,81,0,1,0,0.0,0,2023,1,18,2,0,1,6,16,6,51,376,411,35,0.9975640502598242,-0.06975647374412533
Tram,Route_10,Station_29,Station_8,Snow,Unknown / Missing Event,Summer,Sunday,12.3,60,39,0.0,80,0,0,0,0.0,0,2023,1,8,6,1,1,23,0,23,55,1380,1435,55,-0.2588190451025207,0.9659258262890683
Train,Route_16,Station_38,Station_28,Cloudy,Festival,Spring,Tuesday,-0.3,60,51,8.5,10,1,0,10000,9.210440366976517,1,2023,1,10,1,0,1,4,32,5,27,272,327,55,0.9271838545667874,0.37460659341591196
Tram,Route_8,Station_34,Station_28,Snow,Unknown / Missing Event,Winter,Saturday,1.8,76,22,5.6,81,0,0,0,0.0,0,2023,1,21,5,1,1,22,0,22,23,1320,1343,23,-0.5000000000000004,0.8660254037844384
Metro,Route_2,Station_9,Station_17,Storm,Unknown / Missing Event,Autumn,Thursday,27.9,81,4,0.6,82,0,0,2000,7.601402334583733,1,2023,1,19,3,0,1,6,15,6,59,375,419,44,0.9978589232386035,-0.06540312923014292
Tram,Route_12,Station_48,Station_2,Rain,Unknown / Missing Event,Autumn,Saturday,25.9,92,51,9.0,21,0,1,2000,7.601402334583733,1,2023,1,14,5,1,1,8,1,8,41,481,521,40,0.8638355052043957,-0.5037739770455262
Train,Route_14,Station_21,Station_49,Clear,Unknown / Missing Event,Autumn,Wednesday,14.1,95,27,1.9,71,0,0,0,0.0,0,2023,1,4,2,0,1,0,30,1,14,30,74,44,0.13052619222005157,0.9914448613738104
Metro,Route_14,Station_40,Station_18,Cloudy,Unknown / Missing Event,Summer,Sunday,2.3,65,16,16.1,79,0,1,0,0.0,0,2023,1,15,6,1,1,2,31,3,22,151,202,51,0.6122172800344493,0.7906895737438434
Bus,Route_18,Station_44,Station_2,Rain,Festival,Spring,Wednesday,11.2,86,40,5.5,52,0,1,0,0.0,0,2023,1,4,2,0,1,8,16,8,45,496,525,29,0.8290375725550417,-0.5591929034707467
Train,Route_2,Station_6,Station_36,Rain,Unknown / Missing Event,Spring,Wednesday,0.9,32,25,18.0,10,0,0,0,0.0,0,2023,1,11,2,0,1,7,3,7,39,423,459,36,0.9624552364536473,-0.2714404498650742
Bus,Route_19,Station_6,Station_32,Clear,Festival,Summer,Friday,16.0,87,37,14.3,11,0,1,50000,10.819798284210286,1,2023,1,13,4,0,1,22,31,22,51,1351,1371,20,-0.37864861735243305,0.9255405040175664
Tram,Route_2,Station_1,Station_36,Snow,Protest,Spring,Monday,20.3,74,1,3.9,47,0,1,0,0.0,0,2023,1,2,0,0,1,20,2,20,29,1202,1229,27,-0.8616291604415255,0.5075383629607045
Tram,Route_14,Station_16,Station_11,Cloudy,Unknown / Missing Event,Summer,Thursday,9.8,95,54,12.9,6,0,0,2000,7.601402334583733,1,2023,1,12,3,0,1,2,15,2,52,135,172,37,0.5555702330196022,0.8314696123025452
Bus,Route_17,Station_48,Station_24,Cloudy,Parade,Autumn,Wednesday,33.3,66,44,17.2,97,0,0,500,6.2166061010848646,1,2023,1,18,2,0,1,3,49,4,32,229,272,43,0.8410390129643924,0.540974471367994
Tram,Route_3,Station_20,Station_43,Storm,Sports,Spring,Sunday,1.8,38,10,17.2,88,0,0,0,0.0,0,2023,1,15,6,1,1,5,16,6,9,316,369,53,0.981627183447664,0.19080899537654492
Tram,Route_1,Station_15,Station_2,Clear,Concert,Autumn,Saturday,33.3,41,4,9.0,38,0,1,500,6.2166061010848646,1,2023,1,21,5,1,1,4,33,5,1,273,301,28,0.9288095528719242,0.3705574375098362
Metro,Route_18,Station_41,Station_2,Cloudy,Sports,Winter,Monday,26.6,54,23,9.7,71,0,1,50000,10.819798284210286,1,2023,1,2,0,0,1,1,49,2,36,109,156,47,0.4578739151169567,0.8890171414857364
Bus,Route_3,Station_46,Station_38,Rain,Unknown / Missing Event,Spring,Sunday,22.7,70,36,7.6,3,0,0,0,0.0,0,2023,1,15,6,1,1,15,0,15,37,900,937,37,-0.7071067811865475,-0.7071067811865477
Bus,Route_20,Station_13,Station_39,Cloudy,Unknown / Missing Event,Winter,Friday,3.4,80,11,18.5,63,0,0,0,0.0,0,2023,1,13,4,0,1,4,32,5,22,272,322,50,0.9271838545667874,0.37460659341591196
Bus,Route_4,Station_30,Station_9,Fog,Unknown / Missing Event,Autumn,Monday,27.9,89,36,1.8,42,0,1,0,0.0,0,2023,1,9,0,0,1,2,33,2,58,153,178,25,0.619093949309834,0.785316930880745
Metro,Route_8,Station_47,Station_46,Cloudy,Protest,Summer,Monday,13.0,41,0,14.1,87,1,0,0,0.0,0,2023,1,9,0,0,1,16,34,17,8,994,1028,34,-0.9304175679820246,-0.3665012267242972
Tram,Route_5,Station_22,Station_14,Rain,Sports,Winter,Friday,1.0,58,57,6.6,15,0,0,0,0.0,0,2023,1,13,4,0,1,3,32,4,25,212,265,53,0.7986355100472928,0.6018150231520484
Tram,Route_5,Station_13,Station_44,Fog,Unknown / Missing Event,Winter,Saturday,10.1,99,26,7.7,36,0,0,0,0.0,0,2023,1,14,5,1,1,0,16,0,38,16,38,22,0.0697564737441253,0.9975640502598242
Bus,Route_16,Station_28,Station_14,Storm,Festival,Spring,Monday,5.1,32,53,12.3,5,0,1,50000,10.819798284210286,1,2023,1,9,0,0,1,13,0,13,31,780,811,31,-0.25881904510252035,-0.9659258262890684
Metro,Route_13,Station_11,Station_17,Storm,Unknown / Missing Event,Spring,Saturday,28.8,67,50,2.4,76,0,0,2000,7.601402334583733,1,2023,1,14,5,1,1,7,34,8,27,454,507,53,0.9170600743851242,-0.398749068925246
Metro,Route_20,Station_42,Station_32,Clear,Unknown / Missing Event,Summer,Monday,11.9,72,48,9.9,38,0,0,0,0.0,0,2023,1,16,0,0,1,19,0,19,21,1140,1161,21,-0.9659258262890682,0.25881904510252113
Tram,Route_18,Station_43,Station_37,Fog,Concert,Summer,Wednesday,15.4,62,43,14.8,68,0,0,50000,10.819798284210286,1,2023,1,4,2,0,1,14,33,15,6,873,906,33,-0.6190939493098341,-0.7853169308807448
Bus,Route_10,Station_5,Station_2,Cloudy,Unknown / Missing Event,Summer,Thursday,32.2,84,50,3.1,29,0,0,0,0.0,0,2023,1,5,3,0,1,13,2,13,29,782,809,27,-0.2672383760782568,-0.9636304532086231
Tram,Route_1,Station_50,Station_36,Clear,Unknown / Missing Event,Winter,Wednesday,10.5,62,34,0.3,95,0,1,500,6.2166061010848646,1,2023,1,4,2,0,1,19,17,20,4,1157,1204,47,-0.9440890203927844,0.32969064526278663
Bus,Route_1,Station_46,Station_50,Clear,Festival,Spring,Monday,-2.5,65,24,7.8,85,0,0,0,0.0,0,2023,1,9,0,0,1,22,16,22,37,1336,1357,21,-0.438371146789077,0.8987940462991671
Tram,Route_15,Station_31,Station_6,Storm,Unknown / Missing Event,Winter,Sunday,5.1,52,46,13.0,81,0,1,500,6.2166061010848646,1,2023,1,1,6,1,1,5,2,5,55,302,355,53,0.9681476403781077,0.2503800040544415
Metro,Route_6,Station_49,Station_16,Cloudy,Unknown / Missing Event,Spring,Sunday,8.2,59,13,17.5,22,0,0,0,0.0,0,2023,1,15,6,1,1,21,30,22,5,1290,1325,35,-0.608761429008721,0.7933533402912349
Train,Route_13,Station_13,Station_40,Rain,Unknown / Missing Event,Spring,Saturday,22.3,57,16,3.7,4,1,0,0,0.0,0,2023,1,21,5,1,1,10,48,11,34,648,694,46,0.3090169943749475,-0.9510565162951535
Tram,Route_11,Station_20,Station_5,Storm,Concert,Spring,Thursday,10.6,72,59,8.2,54,0,0,0,0.0,0,2023,1,19,3,0,1,15,32,15,59,932,959,27,-0.7986355100472928,-0.6018150231520483
Metro,Route_13,Station_29,Station_28,Cloudy,Unknown / Missing Event,Autumn,Thursday,12.8,87,42,6.8,84,0,1,50000,10.819798284210286,1,2023,1,5,3,0,1,9,3,9,51,543,591,48,0.6977904598416802,-0.7163019434246543
Bus,Route_14,Station_50,Station_19,Fog,Sports,Summer,Tuesday,31.7,53,16,5.1,71,0,0,0,0.0,0,2023,1,10,1,0,1,5,17,6,3,317,363,46,0.9824503977255098,0.18652403600873457
Bus,Route_5,Station_35,Station_39,Snow,Unknown / Missing Event,Spring,Friday,23.2,52,40,8.9,67,0,0,0,0.0,0,2023,1,6,4,0,1,0,17,0,56,17,56,39,0.07410849019539924,0.9972501850994857
Metro,Route_18,Station_25,Station_21,Rain,Festival,Summer,Tuesday,32.1,76,6,12.0,13,0,0,50000,10.819798284210286,1,2023,1,3,1,0,1,15,2,15,52,902,952,50,-0.7132504491541817,-0.7009092642998508
Bus,Route_8,Station_22,Station_43,Storm,Unknown / Missing Event,Spring,Wednesday,13.0,95,4,3.9,17,0,0,0,0.0,0,2023,1,11,2,0,1,8,1,8,44,481,524,43,0.8638355052043957,-0.5037739770455262
Train,Route_5,Station_17,Station_12,Cloudy,Parade,Spring,Saturday,-3.7,61,51,14.2,40,1,1,0,0.0,0,2023,1,21,5,1,1,6,1,6,50,361,410,49,0.9999904807207345,-0.00436330928474646
Bus,Route_13,Station_9,Station_10,Storm,Sports,Winter,Sunday,12.4,99,9,5.1,43,0,0,500,6.2166061010848646,1,2023,1,1,6,1,1,20,30,20,58,1230,1258,28,-0.7933533402912352,0.6087614290087205
Train,Route_3,Station_49,Station_7,Snow,Unknown / Missing Event,Winter,Monday,19.0,83,16,4.0,32,0,0,0,0.0,0,2023,1,9,0,0,1,3,46,4,6,226,246,20,0.8338858220671681,0.5519369853120583
Bus,Route_16,Station_18,Station_11,Storm,Unknown / Missing Event,Summer,Monday,17.1,85,57,4.0,0,0,1,0,0.0,0,2023,1,2,0,0,1,2,49,3,12,169,192,23,0.672366807434668,0.7402181274868321
Metro,Route_18,Station_43,Station_14,Fog,Unknown / Missing Event,Winter,Sunday,-1.9,92,15,2.7,59,1,0,0,0.0,0,2023,1,15,6,1,1,15,16,15,38,916,938,22,-0.7547095802227717,-0.6560590289905077
Bus,Route_12,Station_4,Station_12,Cloudy,Unknown / Missing Event,Summer,Wednesday,17.0,63,40,8.6,31,0,1,0,0.0,0,2023,1,4,2,0,1,9,18,10,3,558,603,45,0.6494480483301838,-0.7604059656000309
Tram,Route_10,Station_29,Station_37,Clear,Unknown / Missing Event,Summer,Monday,16.2,37,18,10.7,74,0,0,0,0.0,0,2023,1,2,0,0,1,18,31,19,17,1111,1157,46,-0.9908658973868822,0.13485093027372327
Bus,Route_8,Station_47,Station_42,Clear,Unknown / Missing Event,Autumn,Wednesday,16.0,92,4,1.0,47,0,0,0,0.0,0,2023,1,11,2,0,1,16,18,16,41,978,1001,23,-0.9025852843498606,-0.43051109680829514
Bus,Route_2,Station_34,Station_4,Snow,Concert,Autumn,Tuesday,31.5,72,47,17.6,80,0,0,0,0.0,0,2023,1,3,1,0,1,8,18,9,1,498,541,43,0.8241261886220158,-0.5664062369248326
Metro,Route_11,Station_27,Station_42,Clear,Concert,Autumn,Tuesday,4.2,82,6,6.9,68,0,0,2000,7.601402334583733,1,2023,1,3,1,0,1,23,33,0,27,1413,27,54,-0.11753739745783766,0.9930684569549263
Bus,Route_15,Station_49,Station_13,Cloudy,Unknown / Missing Event,Summer,Wednesday,15.6,60,40,8.2,49,0,0,50000,10.819798284210286,1,2023,1,11,2,0,1,23,4,23,28,1384,1408,24,-0.24192189559966787,0.9702957262759965
Bus,Route_1,Station_7,Station_32,Clear,Parade,Autumn,Tuesday,32.3,54,44,18.8,95,0,0,0,0.0,0,2023,1,3,1,0,1,3,16,3,51,196,231,35,0.754709580222772,0.6560590289905073
Tram,Route_8,Station_14,Station_21,Fog,Unknown / Missing Event,Spring,Tuesday,33.0,41,59,5.1,47,0,1,0,0.0,0,2023,1,17,1,0,1,11,4,11,39,664,699,35,0.24192189559966773,-0.9702957262759965
Tram,Route_11,Station_50,Station_19,Snow,Festival,Spring,Tuesday,17.2,36,32,3.9,21,0,0,50000,10.819798284210286,1,2023,1,3,1,0,1,20,48,21,16,1248,1276,28,-0.7431448254773946,0.6691306063588578
Tram,Route_1,Station_37,Station_14,Clear,Concert,Summer,Wednesday,-1.0,50,24,4.3,27,0,1,0,0.0,0,2023,1,11,2,0,1,3,34,4,13,214,253,39,0.8038568606172173,0.5948227867513414
Metro,Route_17,Station_8,Station_46,Cloudy,Sports,Winter,Tuesday,1.3,88,16,17.1,80,0,0,0,0.0,0,2023,1,17,1,0,1,21,3,21,46,1263,1306,43,-0.6977904598416802,0.7163019434246541
Train,Route_12,Station_3,Station_25,Fog,Unknown / Missing Event,Autumn,Saturday,13.3,75,39,9.2,42,0,1,0,0.0,0,2023,1,14,5,1,1,4,33,5,15,273,315,42,0.9288095528719242,0.3705574375098362
Bus,Route_11,Station_46,Station_39,Storm,Unknown / Missing Event,Winter,Saturday,17.2,98,35,4.6,96,0,0,0,0.0,0,2023,1,21,5,1,1,23,46,0,11,1426,11,25,-0.061048539534856866,0.9981347984218669
Train,Route_11,Station_38,Station_6,Fog,Unknown / Missing Event,Winter,Monday,12.5,82,31,15.0,44,0,0,500,6.2166061010848646,1,2023,1,2,0,0,1,19,46,20,39,1186,1239,53,-0.8949343616020253,0.44619781310980833
Train,Route_8,Station_47,Station_45,Fog,Unknown / Missing Event,Autumn,Wednesday,6.6,71,27,7.7,76,0,0,0,0.0,0,2023,1,11,2,0,1,19,1,19,38,1141,1178,37,-0.9647873238288129,0.2630312144579749
Bus,Route_1,Station_10,Station_39,Rain,Concert,Winter,Wednesday,0.1,90,8,2.7,94,1,0,0,0.0,0,2023,1,11,2,0,1,15,48,16,41,948,1001,53,-0.8386705679454242,-0.544639035015027
Metro,Route_9,Station_43,Station_46,Rain,Unknown / Missing Event,Summer,Wednesday,20.0,70,58,5.4,75,0,0,0,0.0,0,2023,1,18,2,0,1,2,49,3,8,169,188,19,0.672366807434668,0.7402181274868321
Train,Route_5,Station_27,Station_23,Storm,Sports,Spring,Friday,13.2,77,33,15.7,71,0,0,0,0.0,0,2023,1,20,4,0,1,21,34,22,23,1294,1343,49,-0.594822786751341,0.8038568606172175
Train,Route_18,Station_6,Station_15,Storm,Unknown / Missing Event,Autumn,Friday,12.4,71,15,5.0,37,1,0,0,0.0,0,2023,1,13,4,0,1,20,18,21,0,1218,1260,42,-0.8241261886220158,0.5664062369248325
Bus,Route_8,Station_41,Station_17,Cloudy,Unknown / Missing Event,Spring,Sunday,16.8,95,36,8.3,10,1,0,0,0.0,0,2023,1,15,6,1,1,0,18,1,9,18,69,51,0.07845909572784494,0.996917333733128
Metro,Route_14,Station_14,Station_29,Clear,Unknown / Missing Event,Summer,Monday,19.1,53,54,16.9,1,0,0,50000,10.819798284210286,1,2023,1,2,0,0,1,16,2,16,32,962,992,30,-0.8703556959398996,-0.4924235601034672
Bus,Route_20,Station_30,Station_31,Storm,Parade,Winter,Thursday,21.6,43,47,14.7,34,0,0,0,0.0,0,2023,1,12,3,0,1,8,4,8,35,484,515,31,0.8571673007021123,-0.5150380749100543
Bus,Route_16,Station_23,Station_23,Rain,Unknown / Missing Event,Autumn,Friday,-3.4,83,48,10.5,93,1,1,2000,7.601402334583733,1,2023,1,13,4,0,1,17,0,17,49,1020,1069,49,-0.9659258262890683,-0.25881904510252063
Train,Route_2,Station_18,Station_49,Storm,Unknown / Missing Event,Summer,Saturday,-0.1,82,8,4.7,57,0,1,0,0.0,0,2023,1,14,5,1,1,22,1,22,31,1321,1351,30,-0.49621650367520886,0.8681988144891419
Bus,Route_15,Station_38,Station_23,Fog,Unknown / Missing Event,Autumn,Monday,28.9,46,15,2.7,43,0,0,0,0.0,0,2023,1,16,0,0,1,12,34,12,55,754,775,21,-0.1478094111296106,-0.9890158633619168
Bus,Route_8,Station_37,Station_44,Clear,Unknown / Missing Event,Autumn,Wednesday,13.2,55,24,19.8,43,0,1,50000,10.819798284210286,1,2023,1,18,2,0,1,22,0,22,35,1320,1355,35,-0.5000000000000004,0.8660254037844384
Train,Route_12,Station_22,Station_14,Cloudy,Concert,Summer,Thursday,16.0,59,3,16.0,72,0,0,0,0.0,0,2023,1,5,3,0,1,0,46,1,13,46,73,27,0.19936793441719716,0.9799247046208296
Bus,Route_2,Station_18,Station_35,Storm,Unknown / Missing Event,Spring,Tuesday,9.4,69,47,9.1,63,0,0,0,0.0,0,2023,1,10,1,0,1,6,30,7,3,390,423,33,0.9914448613738105,-0.13052619222005138
Train,Route_19,Station_34,Station_24,Rain,Unknown / Missing Event,Spring,Thursday,5.8,39,45,7.5,24,0,1,0,0.0,0,2023,1,19,3,0,1,8,30,9,5,510,545,35,0.7933533402912352,-0.6087614290087207
Tram,Route_2,Station_35,Station_32,Clear,Unknown / Missing Event,Autumn,Saturday,22.9,41,11,3.2,8,0,0,0,0.0,0,2023,1,21,5,1,1,7,17,7,47,437,467,30,0.9440890203927843,-0.3296906452627872
Train,Route_7,Station_45,Station_8,Fog,Unknown / Missing Event,Summer,Thursday,2.8,39,8,9.5,21,0,0,0,0.0,0,2023,1,5,3,0,1,14,15,14,51,855,891,36,-0.5555702330196023,-0.8314696123025452
Train,Route_1,Station_36,Station_5,Clear,Protest,Summer,Saturday,28.1,32,35,17.0,87,0,0,0,0.0,0,2023,1,14,5,1,1,10,33,11,6,633,666,33,0.3705574375098363,-0.9288095528719242
Metro,Route_17,Station_45,Station_45,Snow,Unknown / Missing Event,Spring,Wednesday,8.4,71,58,3.8,56,0,0,2000,7.601402334583733,1,2023,1,4,2,0,1,5,15,5,37,315,337,22,0.9807852804032304,0.19509032201612833
Train,Route_14,Station_20,Station_15,Snow,Unknown / Missing Event,Winter,Friday,4.0,56,22,1.0,14,0,0,2000,7.601402334583733,1,2023,1,13,4,0,1,18,19,18,47,1099,1127,28,-0.9965655024977614,0.08280820751220433
Train,Route_7,Station_20,Station_42,Rain,Unknown / Missing Event,Winter,Sunday,13.4,52,24,16.6,77,1,0,10000,9.210440366976517,1,2023,1,15,6,1,1,7,18,8,12,438,492,54,0.9426414910921783,-0.333806859233771
Tram,Route_10,Station_28,Station_33,Clear,Unknown / Missing Event,Spring,Sunday,3.3,47,10,0.6,41,0,0,500,6.2166061010848646,1,2023,1,8,6,1,1,9,3,9,34,543,574,31,0.6977904598416802,-0.7163019434246543
Bus,Route_15,Station_25,Station_42,Clear,Festival,Spring,Sunday,-2.7,92,15,8.9,38,0,0,0,0.0,0,2023,1,15,6,1,1,0,1,0,46,1,46,45,0.004363309284746571,0.9999904807207345
Tram,Route_5,Station_14,Station_20,Snow,Festival,Spring,Wednesday,4.9,54,36,13.5,61,0,0,0,0.0,0,2023,1,18,2,0,1,10,17,10,57,617,657,40,0.4344452574044172,-0.9006982393225879
Train,Route_16,Station_40,Station_40,Snow,Festival,Spring,Monday,10.4,46,33,14.8,4,0,1,0,0.0,0,2023,1,9,0,0,1,15,0,15,58,900,958,58,-0.7071067811865475,-0.7071067811865477
Metro,Route_6,Station_20,Station_41,Fog,Unknown / Missing Event,Summer,Saturday,34.3,80,24,13.7,68,0,0,0,0.0,0,2023,1,14,5,1,1,19,46,20,32,1186,1232,46,-0.8949343616020253,0.44619781310980833
Train,Route_20,Station_48,Station_9,Storm,Concert,Summer,Wednesday,9.8,98,31,11.2,71,0,1,0,0.0,0,2023,1,4,2,0,1,9,47,10,39,587,639,52,0.5482932295199138,-0.8362861558477596
Tram,Route_15,Station_3,Station_8,Cloudy,Unknown / Missing Event,Summer,Thursday,25.2,30,35,0.5,81,0,1,0,0.0,0,2023,1,12,3,0,1,0,48,1,5,48,65,17,0.20791169081775931,0.9781476007338057
Tram,Route_12,Station_49,Station_36,Clear,Unknown / Missing Event,Winter,Wednesday,16.6,60,52,0.8,39,0,1,2000,7.601402334583733,1,2023,1,18,2,0,1,23,3,23,40,1383,1420,37,-0.24615329302899291,0.9692309097067544
Metro,Route_17,Station_43,Station_29,Cloudy,Unknown / Missing Event,Winter,Saturday,34.2,33,43,10.5,47,0,0,2000,7.601402334583733,1,2023,1,7,5,1,1,15,18,15,35,918,935,17,-0.7604059656000306,-0.6494480483301841
Train,Route_19,Station_27,Station_33,Fog,Festival,Winter,Monday,11.6,89,19,14.5,55,0,0,0,0.0,0,2023,1,16,0,0,1,21,49,22,33,1309,1353,44,-0.5409744713679948,0.8410390129643919
Tram,Route_2,Station_15,Station_49,Cloudy,Unknown / Missing Event,Autumn,Wednesday,18.7,35,29,11.6,42,0,1,0,0.0,0,2023,1,4,2,0,1,0,3,0,48,3,48,45,0.01308959557134444,0.999914327574007
Tram,Route_16,Station_30,Station_37,Rain,Unknown / Missing Event,Winter,Tuesday,7.6,80,3,20.0,47,0,0,0,0.0,0,2023,1,17,1,0,1,7,45,8,7,465,487,22,0.8968727415326884,-0.44228869021900113
Tram,Route_1,Station_31,Station_45,Clear,Unknown / Missing Event,Summer,Monday,17.8,40,44,18.2,7,0,0,2000,7.601402334583733,1,2023,1,16,0,0,1,11,2,11,39,662,699,37,0.25038000405444133,-0.9681476403781077
Bus,Route_1,Station_19,Station_23,Storm,Parade,Spring,Saturday,28.2,78,20,19.0,57,0,0,500,6.2166061010848646,1,2023,1,21,5,1,1,6,31,7,12,391,432,41,0.9908658973868822,-0.13485093027372297
Bus,Route_7,Station_26,Station_3,Fog,Sports,Winter,Sunday,30.8,96,42,6.5,81,0,0,2000,7.601402334583733,1,2023,1,8,6,1,1,7,18,7,51,438,471,33,0.9426414910921783,-0.333806859233771
Bus,Route_2,Station_16,Station_30,Storm,Unknown / Missing Event,Spring,Saturday,1.8,68,42,5.4,87,0,1,0,0.0,0,2023,1,7,5,1,1,19,17,19,35,1157,1175,18,-0.9440890203927844,0.32969064526278663
Tram,Route_9,Station_38,Station_36,Fog,Unknown / Missing Event,Summer,Wednesday,25.7,65,32,17.2,80,0,0,500,6.2166061010848646,1,2023,1,4,2,0,1,12,3,12,45,723,765,42,-0.013089595571344391,-0.999914327574007
Tram,Route_1,Station_14,Station_38,Clear,Protest,Winter,Thursday,32.3,50,48,3.4,70,0,0,0,0.0,0,2023,1,19,3,0,1,7,49,8,38,469,518,49,0.8890171414857366,-0.45787391511695646
Metro,Route_6,Station_34,Station_39,Clear,Unknown / Missing Event,Winter,Wednesday,7.5,82,58,10.2,76,0,0,0,0.0,0,2023,1,4,2,0,1,15,19,15,35,919,935,16,-0.7632324697825289,-0.6461239796429639
Bus,Route_6,Station_45,Station_17,Rain,Unknown / Missing Event,Summer,Thursday,8.9,77,2,4.6,68,0,0,0,0.0,0,2023,1,5,3,0,1,2,32,3,15,152,195,43,0.6156614753256582,0.788010753606722
Bus,Route_4,Station_43,Station_28,Cloudy,Unknown / Missing Event,Summer,Sunday,-3.5,37,51,12.1,47,0,0,10000,9.210440366976517,1,2023,1,8,6,1,1,15,1,15,50,901,950,49,-0.7101853756232851,-0.7040147244559687
Tram,Route_15,Station_23,Station_39,Snow,Unknown / Missing Event,Spring,Sunday,27.8,99,2,0.9,17,1,1,0,0.0,0,2023,1,8,6,1,1,4,18,4,59,258,299,41,0.9025852843498605,0.43051109680829525
Train,Route_7,Station_41,Station_40,Rain,Unknown / Missing Event,Spring,Wednesday,32.5,32,43,17.2,57,0,1,0,0.0,0,2023,1,4,2,0,1,8,46,9,11,526,551,25,0.7489557207890021,-0.6626200482157376
Bus,Route_3,Station_14,Station_39,Fog,Unknown / Missing Event,Summer,Saturday,0.7,34,14,12.8,66,0,0,0,0.0,0,2023,1,7,5,1,1,18,33,19,0,1113,1140,27,-0.9896513868196702,0.14349262199117904
Metro,Route_20,Station_35,Station_11,Snow,Unknown / Missing Event,Summer,Monday,31.3,95,16,13.5,59,0,0,0,0.0,0,2023,1,2,0,0,1,0,0,0,29,0,29,29,0.0,1.0
Train,Route_20,Station_35,Station_12,Rain,Unknown / Missing Event,Autumn,Saturday,10.0,52,4,17.8,81,0,0,0,0.0,0,2023,1,21,5,1,1,19,48,20,10,1188,1210,22,-0.891006524188368,0.45399049973954664
Metro,Route_1,Station_33,Station_23,Cloudy,Sports,Spring,Sunday,22.9,37,34,19.4,64,0,1,0,0.0,0,2023,1,1,6,1,1,18,16,18,55,1096,1135,39,-0.9975640502598243,0.06975647374412522
Tram,Route_13,Station_33,Station_32,Fog,Unknown / Missing Event,Autumn,Wednesday,-3.3,52,54,3.8,38,0,0,0,0.0,0,2023,1,11,2,0,1,14,49,15,30,889,930,41,-0.6723668074346678,-0.7402181274868322
Bus,Route_16,Station_26,Station_26,Rain,Parade,Winter,Monday,8.4,50,52,17.5,82,0,0,500,6.2166061010848646,1,2023,1,16,0,0,1,8,30,9,20,510,560,50,0.7933533402912352,-0.6087614290087207
Tram,Route_10,Station_3,Station_35,Rain,Sports,Autumn,Thursday,11.4,86,3,19.7,22,0,0,50000,10.819798284210286,1,2023,1,19,3,0,1,8,46,9,23,526,563,37,0.7489557207890021,-0.6626200482157376
Tram,Route_14,Station_21,Station_19,Storm,Unknown / Missing Event,Winter,Tuesday,29.0,87,35,11.5,86,0,0,0,0.0,0,2023,1,10,1,0,1,3,49,4,25,229,265,36,0.8410390129643924,0.540974471367994
Metro,Route_6,Station_33,Station_30,Rain,Unknown / Missing Event,Summer,Monday,25.3,62,15,17.3,14,1,1,50000,10.819798284210286,1,2023,1,9,0,0,1,19,17,19,38,1157,1178,21,-0.9440890203927844,0.32969064526278663
Metro,Route_17,Station_35,Station_41,Fog,Sports,Summer,Monday,6.2,58,43,15.1,47,0,0,50000,10.819798284210286,1,2023,1,9,0,0,1,10,1,10,26,601,626,25,0.49621650367520803,-0.8681988144891424
Train,Route_8,Station_44,Station_37,Clear,Unknown / Missing Event,Summer,Saturday,7.5,78,7,10.0,18,1,0,50000,10.819798284210286,1,2023,1,7,5,1,1,16,49,17,14,1009,1034,25,-0.9523957996432783,-0.3048642990280112
Tram,Route_6,Station_24,Station_47,Storm,Unknown / Missing Event,Winter,Friday,7.6,37,5,18.1,0,0,0,500,6.2166061010848646,1,2023,1,6,4,0,1,3,2,3,28,182,208,26,0.7132504491541816,0.7009092642998509
Bus,Route_4,Station_14,Station_44,Clear,Unknown / Missing Event,Winter,Saturday,16.4,80,20,5.4,48,0,1,10000,9.210440366976517,1,2023,1,7,5,1,1,9,0,9,52,540,592,52,0.7071067811865476,-0.7071067811865475
Bus,Route_3,Station_44,Station_16,Fog,Unknown / Missing Event,Spring,Wednesday,32.6,94,21,8.8,49,0,0,0,0.0,0,2023,1,4,2,0,1,5,0,5,41,300,341,41,0.9659258262890683,0.25881904510252074
Bus,Route_5,Station_29,Station_40,Fog,Unknown / Missing Event,Summer,Wednesday,24.0,76,26,0.5,98,0,0,0,0.0,0,2023,1,11,2,0,1,18,32,19,11,1112,1151,39,-0.9902680687415704,0.13917310096006547
Metro,Route_18,Station_23,Station_29,Storm,Unknown / Missing Event,Autumn,Thursday,15.2,52,33,12.2,31,0,0,0,0.0,0,2023,1,5,3,0,1,11,46,12,28,706,748,42,0.06104853953485719,-0.9981347984218669
Metro,Route_3,Station_13,Station_40,Fog,Unknown / Missing Event,Summer,Tuesday,18.0,87,2,4.2,31,0,0,0,0.0,0,2023,1,17,1,0,1,6,33,7,1,393,421,28,0.9896513868196702,-0.14349262199117915
Train,Route_3,Station_43,Station_1,Fog,Unknown / Missing Event,Autumn,Tuesday,32.6,45,26,2.8,50,0,0,0,0.0,0,2023,1,3,1,0,1,18,18,19,6,1098,1146,48,-0.9969173337331281,0.07845909572784432
Bus,Route_5,Station_47,Station_34,Clear,Festival,Spring,Friday,-2.7,75,13,1.6,82,0,0,0,0.0,0,2023,1,6,4,0,1,10,33,10,58,633,658,25,0.3705574375098363,-0.9288095528719242
Metro,Route_8,Station_16,Station_32,Snow,Unknown / Missing Event,Autumn,Monday,15.3,62,58,2.8,28,0,0,50000,10.819798284210286,1,2023,1,2,0,0,1,20,48,21,42,1248,1302,54,-0.7431448254773946,0.6691306063588578
Tram,Route_16,Station_50,Station_48,Rain,Unknown / Missing Event,Autumn,Monday,-0.7,41,51,16.6,14,0,1,0,0.0,0,2023,1,9,0,0,1,18,47,19,8,1127,1148,21,-0.979045472484584,0.203641751140177
Train,Route_13,Station_49,Station_2,Clear,Sports,Summer,Tuesday,6.4,87,27,19.0,75,0,1,0,0.0,0,2023,1,17,1,0,1,22,31,23,4,1351,1384,33,-0.37864861735243305,0.9255405040175664
Metro,Route_7,Station_20,Station_18,Snow,Unknown / Missing Event,Autumn,Sunday,25.7,88,3,0.6,28,1,1,2000,7.601402334583733,1,2023,1,8,6,1,1,10,16,11,12,616,672,56,0.4383711467890773,-0.898794046299167
Train,Route_12,Station_49,Station_18,Storm,Parade,Winter,Monday,8.4,71,24,4.6,11,0,1,0,0.0,0,2023,1,16,0,0,1,7,2,7,42,422,462,40,0.963630453208623,-0.26723837607825685
Bus,Route_10,Station_49,Station_16,Cloudy,Unknown / Missing Event,Summer,Saturday,22.1,80,41,10.5,91,0,1,0,0.0,0,2023,1,14,5,1,1,6,30,7,1,390,421,31,0.9914448613738105,-0.13052619222005138
Train,Route_10,Station_17,Station_27,Snow,Unknown / Missing Event,Summer,Thursday,16.0,35,59,19.1,9,0,0,50000,10.819798284210286,1,2023,1,12,3,0,1,22,4,22,42,1324,1362,38,-0.4848096202463369,0.8746197071393959
Metro,Route_7,Station_36,Station_23,Clear,Unknown / Missing Event,Spring,Thursday,12.8,78,47,6.3,96,0,0,10000,9.210440366976517,1,2023,1,5,3,0,1,3,3,3,35,183,215,32,0.7163019434246541,0.6977904598416802
Train,Route_1,Station_46,Station_19,Fog,Unknown / Missing Event,Spring,Friday,20.5,38,14,8.0,6,0,1,500,6.2166061010848646,1,2023,1,20,4,0,1,20,19,20,53,1219,1253,34,-0.821646937942164,0.5699967625963025
Bus,Route_20,Station_29,Station_17,Storm,Unknown / Missing Event,Summer,Thursday,10.5,80,56,6.0,30,0,1,0,0.0,0,2023,1,5,3,0,1,4,45,5,19,285,319,34,0.9469301294951057,0.3214394653031615
Train,Route_5,Station_17,Station_28,Storm,Unknown / Missing Event,Spring,Sunday,-4.4,41,44,2.4,79,1,1,10000,9.210440366976517,1,2023,1,15,6,1,1,21,47,22,19,1307,1339,32,-0.5482932295199143,0.8362861558477592
Tram,Route_12,Station_12,Station_10,Rain,Festival,Summer,Tuesday,-3.8,46,38,3.8,58,0,1,50000,10.819798284210286,1,2023,1,17,1,0,1,12,17,12,36,737,756,19,-0.07410849019539939,-0.9972501850994856
Train,Route_12,Station_41,Station_1,Rain,Unknown / Missing Event,Winter,Thursday,1.5,67,18,6.1,67,0,1,0,0.0,0,2023,1,5,3,0,1,14,33,15,20,873,920,47,-0.6190939493098341,-0.7853169308807448
Train,Route_19,Station_34,Station_32,Cloudy,Unknown / Missing Event,Winter,Sunday,17.7,63,49,15.0,49,0,0,0,0.0,0,2023,1,1,6,1,1,11,17,12,8,677,728,51,0.18652403600873463,-0.9824503977255098
Bus,Route_17,Station_20,Station_43,Snow,Unknown / Missing Event,Spring,Tuesday,12.9,35,4,16.0,4,0,1,0,0.0,0,2023,1,3,1,0,1,22,2,22,33,1322,1353,31,-0.4924235601034673,0.8703556959398996
Metro,Route_9,Station_30,Station_14,Cloudy,Concert,Summer,Wednesday,22.4,51,44,11.1,95,0,1,0,0.0,0,2023,1,4,2,0,1,17,30,18,25,1050,1105,55,-0.9914448613738104,-0.13052619222005163
Bus,Route_9,Station_26,Station_35,Cloudy,Unknown / Missing Event,Autumn,Sunday,-3.3,62,41,11.3,49,0,1,0,0.0,0,2023,1,15,6,1,1,11,2,11,55,662,715,53,0.25038000405444133,-0.9681476403781077
Metro,Route_11,Station_13,Station_20,Cloudy,Concert,Spring,Thursday,28.2,41,56,19.0,66,0,0,2000,7.601402334583733,1,2023,1,12,3,0,1,12,46,13,43,766,823,57,-0.19936793441719658,-0.9799247046208297
Metro,Route_1,Station_46,Station_26,Snow,Unknown / Missing Event,Winter,Tuesday,26.5,89,45,2.7,18,1,0,0,0.0,0,2023,1,17,1,0,1,20,30,21,27,1230,1287,57,-0.7933533402912352,0.6087614290087205
Tram,Route_4,Station_43,Station_26,Rain,Festival,Spring,Wednesday,1.4,88,5,18.4,27,0,1,0,0.0,0,2023,1,18,2,0,1,13,1,13,35,781,815,34,-0.26303121445797495,-0.9647873238288129
Metro,Route_14,Station_11,Station_34,Cloudy,Festival,Spring,Wednesday,6.2,77,27,3.5,40,0,0,0,0.0,0,2023,1,4,2,0,1,10,31,11,19,631,679,48,0.37864861735243294,-0.9255405040175664
Metro,Route_11,Station_29,Station_9,Clear,Festival,Spring,Tuesday,28.0,39,15,3.9,40,0,0,0,0.0,0,2023,1,3,1,0,1,7,15,8,1,435,481,46,0.9469301294951057,-0.3214394653031616
Metro,Route_16,Station_45,Station_41,Clear,Unknown / Missing Event,Summer,Friday,22.7,63,9,12.0,0,0,1,2000,7.601402334583733,1,2023,1,13,4,0,1,13,3,13,55,783,835,52,-0.27144044986507393,-0.9624552364536474
Metro,Route_18,Station_14,Station_33,Clear,Unknown / Missing Event,Spring,Thursday,6.2,85,55,13.5,23,1,0,0,0.0,0,2023,1,5,3,0,1,8,2,8,33,482,513,31,0.8616291604415257,-0.5075383629607043
Bus,Route_6,Station_1,Station_19,Rain,Unknown / Missing Event,Summer,Friday,30.9,40,20,0.3,33,0,0,500,6.2166061010848646,1,2023,1,6,4,0,1,0,48,1,11,48,71,23,0.20791169081775931,0.9781476007338057
Bus,Route_17,Station_45,Station_25,Clear,Concert,Spring,Friday,24.2,75,58,4.6,26,0,1,0,0.0,0,2023,1,20,4,0,1,19,32,19,58,1172,1198,26,-0.9205048534524405,0.3907311284892735
Bus,Route_15,Station_26,Station_12,Snow,Unknown / Missing Event,Autumn,Thursday,24.5,72,16,2.6,10,0,0,0,0.0,0,2023,1,19,3,0,1,9,45,10,21,585,621,36,0.5555702330196022,-0.8314696123025453
Train,Route_5,Station_17,Station_39,Snow,Unknown / Missing Event,Spring,Tuesday,6.4,76,4,5.5,95,0,0,0,0.0,0,2023,1,10,1,0,1,0,47,1,18,47,78,31,0.2036417511401775,0.9790454724845838
Bus,Route_6,Station_10,Station_15,Cloudy,Unknown / Missing Event,Autumn,Sunday,-1.7,34,21,6.5,15,0,1,500,6.2166061010848646,1,2023,1,15,6,1,1,0,31,1,15,31,75,44,0.134850930273723,0.9908658973868822
Train,Route_2,Station_26,Station_31,Fog,Unknown / Missing Event,Spring,Sunday,25.7,63,43,13.5,77,0,1,0,0.0,0,2023,1,15,6,1,1,13,47,14,20,827,860,33,-0.45009844103743474,-0.8929789434111371
Metro,Route_20,Station_46,Station_16,Clear,Festival,Spring,Wednesday,11.2,38,42,8.0,90,0,0,0,0.0,0,2023,1,4,2,0,1,0,47,1,28,47,88,41,0.2036417511401775,0.9790454724845838
Bus,Route_19,Station_39,Station_42,Storm,Unknown / Missing Event,Autumn,Sunday,25.5,95,34,9.3,83,0,0,0,0.0,0,2023,1,8,6,1,1,2,33,3,19,153,199,46,0.619093949309834,0.785316930880745
Train,Route_8,Station_4,Station_6,Storm,Unknown / Missing Event,Winter,Sunday,21.2,75,48,0.9,65,0,0,10000,9.210440366976517,1,2023,1,1,6,1,1,11,49,12,38,709,758,49,0.04797812852134419,-0.9988483864849507
Metro,Route_13,Station_44,Station_25,Storm,Concert,Spring,Sunday,15.4,46,10,2.8,5,0,1,50000,10.819798284210286,1,2023,1,1,6,1,1,18,45,19,9,1125,1149,24,-0.9807852804032304,0.1950903220161283
Metro,Route_6,Station_43,Station_26,Cloudy,Unknown / Missing Event,Winter,Monday,-3.1,54,10,15.9,69,0,0,10000,9.210440366976517,1,2023,1,9,0,0,1,17,31,18,21,1051,1101,50,-0.992004949679715,-0.12619896913583006
Tram,Route_6,Station_35,Station_27,Snow,Unknown / Missing Event,Autumn,Thursday,-3.6,70,41,6.9,75,0,1,0,0.0,0,2023,1,5,3,0,1,6,30,7,24,390,444,54,0.9914448613738105,-0.13052619222005138
Metro,Route_17,Station_43,Station_29,Storm,Sports,Autumn,Saturday,14.7,66,0,4.4,94,1,0,50000,10.819798284210286,1,2023,1,14,5,1,1,15,3,15,21,903,921,18,-0.7163019434246541,-0.6977904598416802
Bus,Route_5,Station_11,Station_50,Storm,Unknown / Missing Event,Summer,Saturday,3.3,64,43,7.4,5,0,0,0,0.0,0,2023,1,14,5,1,1,21,19,21,58,1279,1318,39,-0.6461239796429639,0.7632324697825288
Tram,Route_6,Station_49,Station_1,Storm,Unknown / Missing Event,Winter,Thursday,18.7,52,50,10.2,19,0,0,500,6.2166061010848646,1,2023,1,19,3,0,1,12,31,13,15,751,795,44,-0.13485093027372247,-0.9908658973868824
Bus,Route_16,Station_17,Station_18,Clear,Parade,Winter,Monday,34.6,43,26,18.3,83,0,0,0,0.0,0,2023,1,2,0,0,1,21,15,21,51,1275,1311,36,-0.6593458151000687,0.7518398074789775
Bus,Route_4,Station_42,Station_21,Fog,Festival,Summer,Friday,13.6,39,43,8.6,12,0,0,10000,9.210440366976517,1,2023,1,13,4,0,1,4,16,5,5,256,305,49,0.898794046299167,0.43837114678907746
Tram,Route_9,Station_41,Station_3,Storm,Unknown / Missing Event,Summer,Sunday,10.0,55,48,1.6,62,0,1,10000,9.210440366976517,1,2023,1,1,6,1,1,8,17,8,44,497,524,27,0.8265897491271886,-0.5628049276950686
Tram,Route_18,Station_24,Station_20,Snow,Unknown / Missing Event,Winter,Sunday,12.1,56,7,1.0,53,0,0,0,0.0,0,2023,1,1,6,1,1,7,30,8,26,450,506,56,0.9238795325112867,-0.3826834323650897
Tram,Route_4,Station_20,Station_50,Rain,Unknown / Missing Event,Spring,Sunday,23.7,91,17,4.3,55,0,0,0,0.0,0,2023,1,15,6,1,1,18,2,18,41,1082,1121,39,-0.9999619230641713,0.008726535498374096
Train,Route_5,Station_13,Station_18,Fog,Unknown / Missing Event,Autumn,Monday,20.1,97,45,11.0,46,0,0,0,0.0,0,2023,1,2,0,0,1,2,31,2,50,151,170,19,0.6122172800344493,0.7906895737438434
Bus,Route_4,Station_4,Station_4,Storm,Sports,Summer,Saturday,-5.0,39,57,2.7,51,0,0,0,0.0,0,2023,1,7,5,1,1,10,0,10,28,600,628,28,0.49999999999999994,-0.8660254037844387
Tram,Route_17,Station_29,Station_20,Snow,Unknown / Missing Event,Winter,Thursday,3.3,73,19,18.6,14,0,1,500,6.2166061010848646,1,2023,1,5,3,0,1,14,45,15,14,885,914,29,-0.6593458151000688,-0.7518398074789774
Metro,Route_20,Station_34,Station_27,Snow,Unknown / Missing Event,Winter,Tuesday,26.6,62,11,2.9,57,1,0,0,0.0,0,2023,1,3,1,0,1,23,46,0,15,1426,15,29,-0.061048539534856866,0.9981347984218669
Tram,Route_13,Station_49,Station_50,Cloudy,Festival,Summer,Saturday,-2.8,99,34,6.3,4,0,0,500,6.2166061010848646,1,2023,1,7,5,1,1,7,46,8,33,466,513,47,0.894934361602025,-0.4461978131098088
Tram,Route_15,Station_12,Station_48,Storm,Unknown / Missing Event,Winter,Friday,30.3,61,14,15.4,64,0,1,10000,9.210440366976517,1,2023,1,13,4,0,1,4,4,4,29,244,269,25,0.8746197071393957,0.4848096202463371
Metro,Route_14,Station_38,Station_33,Clear,Festival,Summer,Tuesday,15.5,84,57,10.6,47,0,0,50000,10.819798284210286,1,2023,1,17,1,0,1,7,3,7,21,423,441,18,0.9624552364536473,-0.2714404498650742
Bus,Route_5,Station_1,Station_50,Rain,Unknown / Missing Event,Summer,Friday,12.1,97,14,4.4,81,0,0,0,0.0,0,2023,1,13,4,0,1,19,31,20,12,1171,1212,41,-0.9222009716704518,0.3867109616368206
Metro,Route_13,Station_42,Station_19,Snow,Festival,Summer,Monday,-3.1,45,50,16.5,32,0,0,10000,9.210440366976517,1,2023,1,2,0,0,1,22,30,22,52,1350,1372,22,-0.38268343236508956,0.9238795325112868
Metro,Route_20,Station_9,Station_45,Clear,Unknown / Missing Event,Winter,Tuesday,14.8,74,8,5.1,70,0,0,0,0.0,0,2023,1,10,1,0,1,22,32,22,57,1352,1377,25,-0.37460659341591235,0.9271838545667873
Bus,Route_16,Station_31,Station_16,Snow,Unknown / Missing Event,Summer,Thursday,17.9,50,3,0.6,36,0,0,0,0.0,0,2023,1,12,3,0,1,18,47,19,13,1127,1153,26,-0.979045472484584,0.203641751140177
Train,Route_17,Station_7,Station_34,Snow,Concert,Summer,Sunday,0.3,31,54,3.6,58,0,0,50000,10.819798284210286,1,2023,1,15,6,1,1,1,33,2,14,93,134,41,0.3947438563842672,0.9187912101488983
Train,Route_11,Station_34,Station_21,Snow,Festival,Winter,Thursday,3.4,45,47,13.2,8,0,0,0,0.0,0,2023,1,19,3,0,1,14,34,15,13,874,913,39,-0.6225146366376194,-0.782608156852414
Train,Route_8,Station_37,Station_42,Cloudy,Festival,Spring,Thursday,-3.4,62,51,13.7,38,0,0,0,0.0,0,2023,1,12,3,0,1,20,46,21,16,1246,1276,30,-0.7489557207890021,0.6626200482157375
Train,Route_4,Station_6,Station_11,Cloudy,Festival,Summer,Tuesday,0.6,32,46,3.8,92,0,1,50000,10.819798284210286,1,2023,1,17,1,0,1,4,0,4,29,240,269,29,0.8660254037844386,0.5000000000000001
Train,Route_2,Station_28,Station_26,Snow,Unknown / Missing Event,Summer,Tuesday,15.3,71,36,10.1,35,0,0,2000,7.601402334583733,1,2023,1,10,1,0,1,6,18,6,56,378,416,38,0.996917333733128,-0.07845909572784487
Tram,Route_6,Station_40,Station_12,Rain,Unknown / Missing Event,Summer,Sunday,28.5,64,48,7.2,25,0,0,0,0.0,0,2023,1,15,6,1,1,7,0,7,23,420,443,23,0.9659258262890683,-0.25881904510252085
Metro,Route_15,Station_9,Station_21,Clear,Protest,Spring,Wednesday,-0.6,46,32,4.8,9,0,0,0,0.0,0,2023,1,11,2,0,1,14,18,14,38,858,878,20,-0.5664062369248329,-0.8241261886220156
Bus,Route_5,Station_26,Station_34,Clear,Unknown / Missing Event,Winter,Thursday,15.1,52,11,9.1,56,0,0,0,0.0,0,2023,1,19,3,0,1,14,4,14,52,844,892,48,-0.5150380749100542,-0.8571673007021123
Train,Route_1,Station_32,Station_10,Rain,Unknown / Missing Event,Spring,Saturday,19.6,84,44,16.4,89,0,1,50000,10.819798284210286,1,2023,1,7,5,1,1,7,0,7,41,420,461,41,0.9659258262890683,-0.25881904510252085
Metro,Route_4,Station_35,Station_39,Rain,Unknown / Missing Event,Winter,Thursday,23.6,46,35,9.1,34,0,0,2000,7.601402334583733,1,2023,1,19,3,0,1,13,0,13,38,780,818,38,-0.25881904510252035,-0.9659258262890684
Bus,Route_2,Station_35,Station_13,Fog,Parade,Spring,Wednesday,22.2,52,39,7.2,3,0,0,0,0.0,0,2023,1,18,2,0,1,17,47,18,8,1067,1088,21,-0.9983916705573488,-0.056692787563377714
Bus,Route_9,Station_33,Station_3,Snow,Unknown / Missing Event,Winter,Tuesday,-0.9,70,9,0.4,28,0,0,50000,10.819798284210286,1,2023,1,3,1,0,1,22,46,23,19,1366,1399,33,-0.31730465640509187,0.9483236552061994
Bus,Route_4,Station_32,Station_50,Snow,Sports,Summer,Tuesday,23.7,39,25,14.2,52,0,1,2000,7.601402334583733,1,2023,1,17,1,0,1,9,47,10,15,587,615,28,0.5482932295199138,-0.8362861558477596
Metro,Route_8,Station_4,Station_31,Storm,Unknown / Missing Event,Spring,Wednesday,20.5,38,39,15.5,65,0,1,2000,7.601402334583733,1,2023,1,4,2,0,1,13,2,13,40,782,820,38,-0.2672383760782568,-0.9636304532086231
Metro,Route_13,Station_9,Station_16,Snow,Unknown / Missing Event,Autumn,Wednesday,9.9,85,33,6.7,49,0,1,0,0.0,0,2023,1,18,2,0,1,5,2,5,40,302,340,38,0.9681476403781077,0.2503800040544415
Tram,Route_5,Station_32,Station_14,Fog,Unknown / Missing Event,Winter,Wednesday,14.9,99,36,9.1,20,0,0,10000,9.210440366976517,1,2023,1,18,2,0,1,14,1,14,35,841,875,34,-0.5037739770455262,-0.8638355052043958
Tram,Route_7,Station_50,Station_12,Fog,Unknown / Missing Event,Winter,Tuesday,0.3,92,39,4.6,82,0,1,0,0.0,0,2023,1,3,1,0,1,23,3,23,26,1383,1406,23,-0.24615329302899291,0.9692309097067544
Train,Route_12,Station_42,Station_27,Storm,Unknown / Missing Event,Summer,Monday,25.4,91,58,15.4,14,0,0,0,0.0,0,2023,1,9,0,0,1,14,2,14,55,842,895,53,-0.5075383629607039,-0.8616291604415259
Metro,Route_14,Station_10,Station_3,Clear,Unknown / Missing Event,Winter,Monday,34.2,78,49,17.0,48,0,0,0,0.0,0,2023,1,9,0,0,1,0,31,0,50,31,50,19,0.134850930273723,0.9908658973868822
Tram,Route_15,Station_22,Station_7,Fog,Unknown / Missing Event,Autumn,Sunday,8.8,63,49,15.8,26,0,0,2000,7.601402334583733,1,2023,1,15,6,1,1,3,3,3,51,183,231,48,0.7163019434246541,0.6977904598416802
Train,Route_15,Station_49,Station_19,Storm,Unknown / Missing Event,Autumn,Thursday,16.7,88,8,1.9,88,0,0,0,0.0,0,2023,1,12,3,0,1,18,4,18,36,1084,1116,32,-0.9998476951563913,0.01745240643728313
Train,Route_16,Station_20,Station_36,Fog,Festival,Winter,Wednesday,11.8,31,32,1.6,42,0,0,0,0.0,0,2023,1,4,2,0,1,18,48,19,16,1128,1156,28,-0.9781476007338058,0.20791169081775857
Train,Route_18,Station_27,Station_7,Rain,Festival,Autumn,Thursday,7.0,38,27,7.4,58,0,1,0,0.0,0,2023,1,5,3,0,1,3,33,4,15,213,255,42,0.8012538126910607,0.5983246005706591
Metro,Route_3,Station_37,Station_2,Fog,Unknown / Missing Event,Winter,Monday,13.8,92,31,19.0,23,0,0,10000,9.210440366976517,1,2023,1,16,0,0,1,3,19,3,59,199,239,40,0.7632324697825289,0.6461239796429639
Train,Route_2,Station_4,Station_7,Cloudy,Unknown / Missing Event,Winter,Monday,22.2,85,16,17.3,15,0,0,0,0.0,0,2023,1,16,0,0,1,9,2,9,39,542,579,37,0.700909264299851,-0.7132504491541815
Bus,Route_5,Station_10,Station_3,Cloudy,Concert,Spring,Monday,0.8,41,1,19.8,65,0,0,0,0.0,0,2023,1,2,0,0,1,16,18,17,5,978,1025,47,-0.9025852843498606,-0.43051109680829514
Metro,Route_13,Station_9,Station_26,Rain,Unknown / Missing Event,Spring,Wednesday,2.5,61,38,9.4,65,0,0,0,0.0,0,2023,1,18,2,0,1,8,49,9,26,529,566,37,0.7402181274868322,-0.6723668074346679
Tram,Route_5,Station_19,Station_48,Clear,Concert,Autumn,Wednesday,17.1,90,13,9.7,10,0,0,50000,10.819798284210286,1,2023,1,11,2,0,1,15,17,15,58,917,958,41,-0.7575649843840494,-0.6527597524627227
Tram,Route_15,Station_8,Station_29,Clear,Unknown / Missing Event,Spring,Sunday,9.6,37,9,7.7,29,0,1,0,0.0,0,2023,1,15,6,1,1,11,30,11,56,690,716,26,0.13052619222005157,-0.9914448613738104
Metro,Route_19,Station_7,Station_22,Fog,Unknown / Missing Event,Spring,Tuesday,6.5,79,59,10.3,19,0,0,0,0.0,0,2023,1,3,1,0,1,0,16,1,14,16,74,58,0.0697564737441253,0.9975640502598242
Bus,Route_15,Station_22,Station_7,Snow,Unknown / Missing Event,Summer,Monday,5.0,73,34,16.1,5,0,0,50000,10.819798284210286,1,2023,1,2,0,0,1,15,18,16,2,918,962,44,-0.7604059656000306,-0.6494480483301841
Metro,Route_15,Station_40,Station_46,Rain,Unknown / Missing Event,Autumn,Thursday,-2.6,95,23,6.2,50,0,1,0,0.0,0,2023,1,5,3,0,1,18,17,18,41,1097,1121,24,-0.9972501850994857,0.07410849019539888
Bus,Route_18,Station_46,Station_37,Snow,Unknown / Missing Event,Spring,Monday,-0.3,39,58,3.0,39,0,1,0,0.0,0,2023,1,2,0,0,1,13,45,14,17,825,857,32,-0.44228869021900147,-0.8968727415326883
Train,Route_15,Station_42,Station_35,Snow,Concert,Summer,Tuesday,19.8,60,11,5.1,27,0,0,0,0.0,0,2023,1,10,1,0,1,0,34,0,53,34,53,19,0.14780941112961063,0.9890158633619168
Metro,Route_4,Station_28,Station_35,Storm,Unknown / Missing Event,Summer,Friday,16.5,50,16,7.7,64,0,1,50000,10.819798284210286,1,2023,1,13,4,0,1,13,31,14,9,811,849,38,-0.38671096163682067,-0.9222009716704518
Tram,Route_9,Station_24,Station_48,Storm,Unknown / Missing Event,Spring,Thursday,29.7,39,55,1.6,90,0,0,50000,10.819798284210286,1,2023,1,19,3,0,1,22,0,22,56,1320,1376,56,-0.5000000000000004,0.8660254037844384
Metro,Route_18,Station_22,Station_16,Storm,Unknown / Missing Event,Summer,Wednesday,25.8,44,11,16.2,74,0,1,0,0.0,0,2023,1,4,2,0,1,20,0,20,44,1200,1244,44,-0.8660254037844386,0.5000000000000001
Bus,Route_6,Station_42,Station_48,Storm,Unknown / Missing Event,Spring,Thursday,22.0,92,39,13.1,73,0,0,0,0.0,0,2023,1,19,3,0,1,2,45,3,9,165,189,24,0.6593458151000688,0.7518398074789774
Bus,Route_20,Station_35,Station_39,Snow,Festival,Autumn,Thursday,34.0,88,34,10.3,62,0,0,50000,10.819798284210286,1,2023,1,5,3,0,1,16,0,16,58,960,1018,58,-0.8660254037844385,-0.5000000000000004
Tram,Route_3,Station_15,Station_37,Cloudy,Unknown / Missing Event,Spring,Tuesday,9.5,80,57,19.4,12,0,1,0,0.0,0,2023,1,10,1,0,1,6,4,6,38,364,398,34,0.9998476951563913,-0.017452406437283477
Bus,Route_11,Station_26,Station_4,Fog,Unknown / Missing Event,Winter,Monday,3.8,49,13,8.9,43,0,0,0,0.0,0,2023,1,9,0,0,1,0,1,0,41,1,41,40,0.004363309284746571,0.9999904807207345
Tram,Route_13,Station_6,Station_21,Snow,Parade,Winter,Thursday,3.1,75,10,7.2,23,0,0,500,6.2166061010848646,1,2023,1,19,3,0,1,22,34,22,59,1354,1379,25,-0.36650122672429725,0.9304175679820246
Train,Route_20,Station_12,Station_42,Cloudy,Festival,Autumn,Sunday,-4.6,99,17,18.1,42,0,0,500,6.2166061010848646,1,2023,1,15,6,1,1,2,46,3,43,166,223,57,0.6626200482157375,0.7489557207890021
Metro,Route_15,Station_6,Station_14,Rain,Unknown / Missing Event,Spring,Saturday,8.5,62,53,13.4,90,0,0,2000,7.601402334583733,1,2023,1,7,5,1,1,0,1,0,29,1,29,28,0.004363309284746571,0.9999904807207345
Tram,Route_12,Station_18,Station_39,Cloudy,Unknown / Missing Event,Autumn,Wednesday,13.4,39,31,11.2,20,0,0,0,0.0,0,2023,1,4,2,0,1,11,16,11,37,676,697,21,0.19080899537654497,-0.981627183447664
Train,Route_8,Station_48,Station_5,Storm,Unknown / Missing Event,Summer,Thursday,21.5,83,56,13.0,17,0,1,0,0.0,0,2023,1,5,3,0,1,22,19,22,57,1339,1377,38,-0.4265687399014579,0.9044551454543682
Bus,Route_14,Station_43,Station_17,Clear,Unknown / Missing Event,Autumn,Sunday,8.8,65,10,7.3,15,0,0,0,0.0,0,2023,1,1,6,1,1,10,18,10,38,618,638,20,0.4305110968082951,-0.9025852843498606
Bus,Route_8,Station_40,Station_19,Rain,Unknown / Missing Event,Autumn,Friday,14.7,47,34,4.3,69,0,1,0,0.0,0,2023,1,6,4,0,1,23,0,23,57,1380,1437,57,-0.2588190451025207,0.9659258262890683
Metro,Route_1,Station_42,Station_10,Clear,Sports,Winter,Wednesday,6.1,76,43,1.8,26,0,1,0,0.0,0,2023,1,4,2,0,1,16,1,16,32,961,992,31,-0.8681988144891424,-0.4962165036752081
Train,Route_14,Station_16,Station_46,Fog,Unknown / Missing Event,Spring,Friday,22.5,88,49,3.4,88,0,0,2000,7.601402334583733,1,2023,1,13,4,0,1,1,17,1,44,77,104,27,0.3296906452627873,0.9440890203927842
Tram,Route_6,Station_23,Station_37,Storm,Concert,Winter,Tuesday,26.6,40,51,10.8,94,0,1,2000,7.601402334583733,1,2023,1,3,1,0,1,5,19,6,11,319,371,52,0.9840406976462909,0.17794354547384178
Tram,Route_10,Station_22,Station_22,Storm,Unknown / Missing Event,Autumn,Wednesday,14.7,87,28,12.6,26,0,0,0,0.0,0,2023,1,4,2,0,1,19,32,20,26,1172,1226,54,-0.9205048534524405,0.3907311284892735
Bus,Route_12,Station_3,Station_43,Fog,Unknown / Missing Event,Summer,Wednesday,7.7,78,1,10.4,91,0,1,50000,10.819798284210286,1,2023,1,11,2,0,1,15,31,16,24,931,984,53,-0.7960020025346223,-0.6052939880428941
Bus,Route_3,Station_17,Station_9,Storm,Protest,Winter,Sunday,32.0,64,31,12.0,66,0,0,10000,9.210440366976517,1,2023,1,1,6,1,1,14,34,15,20,874,920,46,-0.6225146366376194,-0.782608156852414
Train,Route_5,Station_21,Station_14,Fog,Sports,Autumn,Thursday,-1.6,83,28,17.0,82,0,0,0,0.0,0,2023,1,19,3,0,1,21,46,22,22,1306,1342,36,-0.5519369853120577,0.8338858220671685
Train,Route_10,Station_49,Station_29,Rain,Unknown / Missing Event,Winter,Sunday,32.2,83,49,16.9,86,0,1,50000,10.819798284210286,1,2023,1,8,6,1,1,11,18,12,8,678,728,50,0.18223552549214772,-0.9832549075639545
Bus,Route_17,Station_46,Station_35,Snow,Unknown / Missing Event,Summer,Wednesday,33.7,49,6,14.4,22,0,1,0,0.0,0,2023,1,18,2,0,1,1,48,2,32,108,152,44,0.45399049973954675,0.8910065241883679
Tram,Route_5,Station_5,Station_15,Cloudy,Unknown / Missing Event,Summer,Wednesday,13.7,95,16,5.6,85,0,0,0,0.0,0,2023,1,11,2,0,1,21,47,22,23,1307,1343,36,-0.5482932295199143,0.8362861558477592
Train,Route_16,Station_1,Station_7,Clear,Unknown / Missing Event,Summer,Saturday,-2.1,85,30,0.8,54,0,1,0,0.0,0,2023,1,7,5,1,1,5,18,5,51,318,351,33,0.9832549075639546,0.18223552549214744
Train,Route_14,Station_13,Station_16,Storm,Unknown / Missing Event,Winter,Wednesday,30.1,67,44,4.0,97,0,0,500,6.2166061010848646,1,2023,1,4,2,0,1,7,1,7,29,421,449,28,0.964787323828813,-0.2630312144579746
Train,Route_4,Station_45,Station_49,Cloudy,Unknown / Missing Event,Autumn,Tuesday,1.6,74,13,5.4,13,0,0,0,0.0,0,2023,1,10,1,0,1,23,1,23,35,1381,1415,34,-0.2546019482055278,0.9670459389139431
Metro,Route_17,Station_1,Station_28,Fog,Unknown / Missing Event,Spring,Friday,-2.4,44,44,3.7,99,0,0,10000,9.210440366976517,1,2023,1,20,4,0,1,7,2,7,40,422,460,38,0.963630453208623,-0.26723837607825685
Bus,Route_4,Station_48,Station_46,Rain,Festival,Autumn,Tuesday,15.9,31,11,7.4,22,0,0,0,0.0,0,2023,1,17,1,0,1,0,49,1,7,49,67,18,0.21217767215644626,0.9772311064626789
Tram,Route_8,Station_24,Station_10,Snow,Sports,Autumn,Thursday,10.8,63,17,3.6,7,1,0,50000,10.819798284210286,1,2023,1,19,3,0,1,11,15,12,3,675,723,48,0.19509032201612816,-0.9807852804032304
Metro,Route_2,Station_36,Station_10,Rain,Sports,Autumn,Monday,33.6,65,50,4.7,63,0,0,0,0.0,0,2023,1,9,0,0,1,21,45,22,5,1305,1325,20,-0.5555702330196022,0.8314696123025452
Train,Route_14,Station_45,Station_12,Rain,Protest,Autumn,Monday,9.6,95,41,16.8,23,0,0,0,0.0,0,2023,1,2,0,0,1,6,18,7,8,378,428,50,0.996917333733128,-0.07845909572784487
Bus,Route_15,Station_18,Station_28,Storm,Unknown / Missing Event,Spring,Wednesday,24.5,55,53,7.0,25,0,1,0,0.0,0,2023,1,4,2,0,1,2,4,2,52,124,172,48,0.5150380749100542,0.8571673007021123
Metro,Route_10,Station_39,Station_48,Fog,Sports,Summer,Friday,30.4,66,18,13.5,51,0,0,0,0.0,0,2023,1,6,4,0,1,7,30,8,21,450,501,51,0.9238795325112867,-0.3826834323650897
Metro,Route_20,Station_7,Station_30,Snow,Protest,Summer,Sunday,-1.2,40,36,6.1,86,0,0,500,6.2166061010848646,1,2023,1,8,6,1,1,3,49,4,28,229,268,39,0.8410390129643924,0.540974471367994
Metro,Route_20,Station_41,Station_20,Clear,Unknown / Missing Event,Spring,Tuesday,34.5,43,10,4.0,41,0,0,500,6.2166061010848646,1,2023,1,17,1,0,1,13,47,14,12,827,852,25,-0.45009844103743474,-0.8929789434111371
Train,Route_13,Station_46,Station_36,Storm,Festival,Spring,Thursday,6.3,34,1,16.8,88,0,1,10000,9.210440366976517,1,2023,1,19,3,0,1,20,48,21,36,1248,1296,48,-0.7431448254773946,0.6691306063588578
Bus,Route_10,Station_22,Station_48,Storm,Unknown / Missing Event,Autumn,Saturday,3.5,35,34,14.3,91,0,0,50000,10.819798284210286,1,2023,1,7,5,1,1,17,30,18,15,1050,1095,45,-0.9914448613738104,-0.13052619222005163
Bus,Route_14,Station_4,Station_31,Clear,Unknown / Missing Event,Spring,Tuesday,30.3,30,5,12.8,79,0,0,0,0.0,0,2023,1,3,1,0,1,10,0,10,23,600,623,23,0.49999999999999994,-0.8660254037844387
Tram,Route_18,Station_25,Station_28,Fog,Unknown / Missing Event,Summer,Friday,17.4,90,56,5.2,37,0,0,0,0.0,0,2023,1,6,4,0,1,20,1,20,27,1201,1227,26,-0.8638355052043958,0.5037739770455261
Tram,Route_3,Station_26,Station_28,Snow,Parade,Summer,Tuesday,10.7,83,8,13.0,79,0,0,500,6.2166061010848646,1,2023,1,17,1,0,1,21,15,21,46,1275,1306,31,-0.6593458151000687,0.7518398074789775
Tram,Route_11,Station_13,Station_3,Cloudy,Concert,Summer,Wednesday,10.5,68,4,14.5,94,0,0,0,0.0,0,2023,1,18,2,0,1,0,47,1,29,47,89,42,0.2036417511401775,0.9790454724845838
Metro,Route_6,Station_50,Station_14,Clear,Unknown / Missing Event,Spring,Monday,5.6,77,53,9.4,3,0,0,50000,10.819798284210286,1,2023,1,9,0,0,1,9,47,10,37,587,637,50,0.5482932295199138,-0.8362861558477596
Train,Route_4,Station_22,Station_8,Rain,Unknown / Missing Event,Spring,Monday,10.1,45,17,6.7,2,0,0,0,0.0,0,2023,1,9,0,0,1,1,4,1,56,64,116,52,0.27563735581699916,0.9612616959383189
Tram,Route_18,Station_42,Station_30,Fog,Unknown / Missing Event,Winter,Wednesday,14.7,39,54,6.0,11,0,0,0,0.0,0,2023,1,18,2,0,1,12,19,13,5,739,785,46,-0.08280820751220438,-0.9965655024977614
Bus,Route_8,Station_2,Station_39,Snow,Unknown / Missing Event,Spring,Thursday,4.9,63,9,5.6,44,0,0,500,6.2166061010848646,1,2023,1,12,3,0,1,6,16,7,12,376,432,56,0.9975640502598242,-0.06975647374412533
Train,Route_15,Station_11,Station_30,Snow,Parade,Spring,Sunday,35.0,97,5,2.6,7,0,0,0,0.0,0,2023,1,15,6,1,1,11,19,12,4,679,724,45,0.17794354547384186,-0.9840406976462909
Bus,Route_6,Station_33,Station_48,Fog,Sports,Autumn,Monday,12.2,36,22,9.6,56,0,0,0,0.0,0,2023,1,2,0,0,1,5,48,6,22,348,382,34,0.9986295347545738,0.052335956242943966
Train,Route_13,Station_15,Station_19,Storm,Unknown / Missing Event,Autumn,Thursday,34.8,62,7,19.2,80,0,0,0,0.0,0,2023,1,12,3,0,1,13,15,14,10,795,850,55,-0.3214394653031611,-0.9469301294951058
Bus,Route_2,Station_8,Station_37,Fog,Unknown / Missing Event,Summer,Wednesday,27.5,76,6,19.9,51,0,1,2000,7.601402334583733,1,2023,1,4,2,0,1,4,48,5,5,288,305,17,0.9510565162951535,0.30901699437494745
Bus,Route_20,Station_6,Station_13,Fog,Festival,Winter,Tuesday,15.5,80,26,2.0,88,0,0,0,0.0,0,2023,1,10,1,0,1,22,47,23,24,1367,1404,37,-0.31316380648375036,0.9496991262018767
Tram,Route_7,Station_37,Station_48,Storm,Concert,Summer,Wednesday,19.4,45,40,9.4,98,0,0,0,0.0,0,2023,1,4,2,0,1,10,46,11,24,646,684,38,0.31730465640509214,-0.9483236552061993
Tram,Route_6,Station_13,Station_7,Cloudy,Unknown / Missing Event,Summer,Monday,18.7,38,25,0.8,59,0,0,0,0.0,0,2023,1,16,0,0,1,20,4,20,49,1204,1249,45,-0.8571673007021123,0.5150380749100542
Train,Route_16,Station_15,Station_7,Clear,Concert,Winter,Wednesday,12.2,75,45,18.8,10,0,0,50000,10.819798284210286,1,2023,1,18,2,0,1,9,16,9,49,556,589,33,0.6560590289905073,-0.754709580222772
Metro,Route_3,Station_31,Station_15,Clear,Unknown / Missing Event,Spring,Monday,25.2,50,56,5.3,39,0,0,500,6.2166061010848646,1,2023,1,16,0,0,1,9,18,9,51,558,591,33,0.6494480483301838,-0.7604059656000309
Tram,Route_9,Station_47,Station_6,Snow,Sports,Winter,Sunday,9.2,31,57,3.6,23,0,0,0,0.0,0,2023,1,15,6,1,1,19,0,19,45,1140,1185,45,-0.9659258262890682,0.25881904510252113
Tram,Route_4,Station_46,Station_42,Fog,Unknown / Missing Event,Spring,Thursday,32.7,83,1,2.3,40,0,0,50000,10.819798284210286,1,2023,1,19,3,0,1,21,17,22,9,1277,1329,52,-0.6527597524627228,0.7575649843840493
Metro,Route_12,Station_19,Station_26,Storm,Unknown / Missing Event,Winter,Tuesday,17.9,70,47,11.3,66,0,1,0,0.0,0,2023,1,3,1,0,1,15,45,16,19,945,979,34,-0.8314696123025448,-0.555570233019603
Tram,Route_20,Station_37,Station_23,Fog,Unknown / Missing Event,Winter,Monday,28.9,58,31,3.6,87,0,1,2000,7.601402334583733,1,2023,1,16,0,0,1,8,15,8,46,495,526,31,0.8314696123025451,-0.5555702330196023
Tram,Route_15,Station_12,Station_11,Clear,Unknown / Missing Event,Winter,Wednesday,33.1,75,46,2.1,99,0,1,0,0.0,0,2023,1,18,2,0,1,11,15,11,43,675,703,28,0.19509032201612816,-0.9807852804032304
Tram,Route_19,Station_4,Station_15,Snow,Unknown / Missing Event,Spring,Tuesday,3.5,89,52,10.8,50,0,0,0,0.0,0,2023,1,10,1,0,1,15,45,16,11,945,971,26,-0.8314696123025448,-0.555570233019603
Metro,Route_4,Station_4,Station_32,Fog,Unknown / Missing Event,Autumn,Thursday,-3.6,71,59,18.9,41,0,1,0,0.0,0,2023,1,5,3,0,1,10,4,10,58,604,658,54,0.48480962024633717,-0.8746197071393957
Metro,Route_20,Station_23,Station_12,Rain,Unknown / Missing Event,Spring,Monday,23.1,88,37,18.1,56,0,1,50000,10.819798284210286,1,2023,1,16,0,0,1,4,32,5,0,272,300,28,0.9271838545667874,0.37460659341591196
Bus,Route_1,Station_33,Station_9,Cloudy,Unknown / Missing Event,Winter,Tuesday,26.2,60,7,2.2,5,0,0,0,0.0,0,2023,1,17,1,0,1,17,48,18,12,1068,1092,24,-0.9986295347545738,-0.052335956242944306
Bus,Route_2,Station_22,Station_13,Cloudy,Festival,Summer,Monday,16.0,83,19,10.5,76,0,0,50000,10.819798284210286,1,2023,1,16,0,0,1,8,45,9,36,525,576,51,0.7518398074789774,-0.6593458151000688
Tram,Route_13,Station_28,Station_43,Storm,Unknown / Missing Event,Autumn,Thursday,0.2,39,41,6.2,88,1,0,50000,10.819798284210286,1,2023,1,19,3,0,1,2,19,3,12,139,192,53,0.569996762596303,0.8216469379421637
Train,Route_10,Station_21,Station_16,Rain,Parade,Winter,Monday,24.1,96,51,5.3,0,0,0,0,0.0,0,2023,1,9,0,0,1,1,31,2,6,91,126,35,0.3867109616368206,0.9222009716704518
Metro,Route_4,Station_23,Station_1,Rain,Unknown / Missing Event,Winter,Wednesday,22.8,96,33,19.0,0,0,0,10000,9.210440366976517,1,2023,1,4,2,0,1,11,46,12,43,706,763,57,0.06104853953485719,-0.9981347984218669
Train,Route_2,Station_1,Station_35,Storm,Unknown / Missing Event,Spring,Saturday,15.0,83,49,4.7,89,1,0,0,0.0,0,2023,1,7,5,1,1,0,19,1,12,19,72,53,0.08280820751220433,0.9965655024977614
Train,Route_5,Station_9,Station_43,Storm,Unknown / Missing Event,Summer,Monday,8.3,41,41,3.2,33,0,0,0,0.0,0,2023,1,9,0,0,1,6,30,6,58,390,418,28,0.9914448613738105,-0.13052619222005138
Metro,Route_13,Station_12,Station_10,Cloudy,Unknown / Missing Event,Winter,Friday,5.0,76,31,3.4,24,0,0,0,0.0,0,2023,1,20,4,0,1,8,33,8,53,513,533,20,0.7853169308807448,-0.6190939493098341
Metro,Route_14,Station_42,Station_21,Storm,Unknown / Missing Event,Summer,Sunday,4.6,81,43,18.3,34,0,0,500,6.2166061010848646,1,2023,1,15,6,1,1,18,30,18,55,1110,1135,25,-0.9914448613738104,0.13052619222005213
Metro,Route_20,Station_18,Station_47,Fog,Festival,Winter,Monday,-0.9,68,25,13.6,80,0,0,50000,10.819798284210286,1,2023,1,16,0,0,1,22,17,23,3,1337,1383,46,-0.4344452574044177,0.9006982393225875
Tram,Route_20,Station_7,Station_15,Fog,Unknown / Missing Event,Summer,Monday,9.3,40,13,3.9,71,0,0,0,0.0,0,2023,1,2,0,0,1,8,18,8,38,498,518,20,0.8241261886220158,-0.5664062369248326
Tram,Route_15,Station_42,Station_20,Clear,Unknown / Missing Event,Autumn,Friday,21.9,57,7,13.5,96,1,0,2000,7.601402334583733,1,2023,1,20,4,0,1,14,34,15,6,874,906,32,-0.6225146366376194,-0.782608156852414
Train,Route_10,Station_17,Station_47,Clear,Parade,Summer,Friday,3.9,94,53,4.0,48,0,0,0,0.0,0,2023,1,6,4,0,1,22,4,22,23,1324,1343,19,-0.4848096202463369,0.8746197071393959
Train,Route_17,Station_5,Station_50,Snow,Unknown / Missing Event,Spring,Thursday,6.2,45,7,19.7,38,0,0,50000,10.819798284210286,1,2023,1,19,3,0,1,22,19,22,47,1339,1367,28,-0.4265687399014579,0.9044551454543682
Tram,Route_16,Station_26,Station_27,Rain,Sports,Winter,Wednesday,9.2,62,24,3.4,26,0,0,50000,10.819798284210286,1,2023,1,4,2,0,1,12,34,13,12,754,792,38,-0.1478094111296106,-0.9890158633619168
Metro,Route_15,Station_13,Station_45,Clear,Festival,Summer,Monday,21.1,82,17,4.9,2,0,1,0,0.0,0,2023,1,16,0,0,1,7,33,8,27,453,507,54,0.9187912101488983,-0.39474385638426723
Tram,Route_5,Station_28,Station_26,Snow,Unknown / Missing Event,Summer,Friday,32.1,88,4,14.9,98,0,0,50000,10.819798284210286,1,2023,1,20,4,0,1,9,46,10,28,586,628,42,0.5519369853120583,-0.8338858220671681
Tram,Route_7,Station_4,Station_7,Snow,Festival,Winter,Friday,-3.1,33,50,13.6,20,0,0,50000,10.819798284210286,1,2023,1,6,4,0,1,19,16,19,59,1156,1199,43,-0.945518575599317,0.3255681544571563
Tram,Route_17,Station_40,Station_24,Fog,Unknown / Missing Event,Summer,Wednesday,-4.2,41,2,2.1,9,0,0,0,0.0,0,2023,1,11,2,0,1,6,2,6,52,362,412,50,0.9999619230641713,-0.008726535498373775
Train,Route_3,Station_10,Station_38,Rain,Unknown / Missing Event,Summer,Monday,25.3,67,47,15.5,83,1,0,0,0.0,0,2023,1,16,0,0,1,12,47,13,37,767,817,50,-0.20364175114017746,-0.9790454724845838
Bus,Route_17,Station_38,Station_20,Rain,Unknown / Missing Event,Winter,Wednesday,30.8,84,48,7.3,36,0,0,10000,9.210440366976517,1,2023,1,4,2,0,1,1,32,2,11,92,131,39,0.3907311284892737,0.9205048534524404
Tram,Route_18,Station_44,Station_20,Storm,Unknown / Missing Event,Summer,Wednesday,21.3,42,52,18.5,45,0,1,0,0.0,0,2023,1,4,2,0,1,5,48,6,18,348,378,30,0.9986295347545738,0.052335956242943966
Metro,Route_9,Station_49,Station_40,Cloudy,Unknown / Missing Event,Summer,Thursday,29.6,96,1,2.4,98,0,0,2000,7.601402334583733,1,2023,1,5,3,0,1,7,2,7,27,422,447,25,0.963630453208623,-0.26723837607825685
Train,Route_15,Station_47,Station_13,Snow,Concert,Spring,Thursday,0.3,87,45,18.9,13,0,0,2000,7.601402334583733,1,2023,1,12,3,0,1,10,31,10,54,631,654,23,0.37864861735243294,-0.9255405040175664
Tram,Route_13,Station_47,Station_30,Clear,Festival,Winter,Sunday,22.1,54,9,5.1,9,0,1,0,0.0,0,2023,1,8,6,1,1,2,18,3,11,138,191,53,0.5664062369248328,0.8241261886220157
Bus,Route_6,Station_35,Station_23,Cloudy,Unknown / Missing Event,Autumn,Tuesday,13.5,92,1,8.2,35,0,1,10000,9.210440366976517,1,2023,1,10,1,0,1,23,17,23,55,1397,1435,38,-0.18652403600873563,0.9824503977255096
Metro,Route_18,Station_12,Station_47,Cloudy,Unknown / Missing Event,Autumn,Thursday,-3.4,42,2,2.0,61,0,0,0,0.0,0,2023,1,5,3,0,1,16,16,16,40,976,1000,24,-0.8987940462991668,-0.43837114678907774
Bus,Route_10,Station_32,Station_23,Fog,Unknown / Missing Event,Winter,Saturday,18.7,87,40,0.9,47,0,1,10000,9.210440366976517,1,2023,1,14,5,1,1,21,3,21,35,1263,1295,32,-0.6977904598416802,0.7163019434246541
Train,Route_1,Station_11,Station_34,Rain,Concert,Summer,Saturday,30.9,46,16,13.9,61,0,0,0,0.0,0,2023,1,14,5,1,1,20,47,21,37,1247,1297,50,-0.7460573750616997,0.6658816660008341
Tram,Route_14,Station_15,Station_35,Clear,Concert,Summer,Tuesday,24.8,83,16,13.4,62,0,0,10000,9.210440366976517,1,2023,1,10,1,0,1,9,34,9,54,574,594,20,0.5948227867513413,-0.8038568606172173
Bus,Route_2,Station_23,Station_39,Cloudy,Festival,Summer,Friday,2.5,65,48,6.2,30,0,1,0,0.0,0,2023,1,20,4,0,1,0,1,0,53,1,53,52,0.004363309284746571,0.9999904807207345
Metro,Route_17,Station_8,Station_40,Cloudy,Sports,Autumn,Saturday,2.7,78,29,11.8,87,0,0,500,6.2166061010848646,1,2023,1,21,5,1,1,18,17,18,44,1097,1124,27,-0.9972501850994857,0.07410849019539888
Bus,Route_2,Station_22,Station_3,Storm,Protest,Spring,Monday,1.6,70,49,7.0,55,1,0,0,0.0,0,2023,1,16,0,0,1,16,48,17,40,1008,1060,52,-0.9510565162951535,-0.30901699437494756
Train,Route_3,Station_19,Station_23,Storm,Unknown / Missing Event,Summer,Sunday,20.3,73,37,17.6,59,0,1,500,6.2166061010848646,1,2023,1,15,6,1,1,1,3,1,37,63,97,34,0.27144044986507426,0.9624552364536473
Bus,Route_13,Station_11,Station_45,Snow,Sports,Summer,Tuesday,29.2,41,46,3.3,81,0,0,0,0.0,0,2023,1,3,1,0,1,22,34,23,22,1354,1402,48,-0.36650122672429725,0.9304175679820246
Metro,Route_17,Station_39,Station_6,Clear,Unknown / Missing Event,Spring,Monday,4.2,35,53,8.0,88,0,0,10000,9.210440366976517,1,2023,1,16,0,0,1,6,30,7,18,390,438,48,0.9914448613738105,-0.13052619222005138
Train,Route_15,Station_50,Station_6,Storm,Unknown / Missing Event,Winter,Sunday,2.4,66,56,19.6,59,0,0,0,0.0,0,2023,1,15,6,1,1,3,33,4,6,213,246,33,0.8012538126910607,0.5983246005706591
Bus,Route_14,Station_11,Station_40,Storm,Festival,Winter,Tuesday,18.4,89,16,9.2,21,0,1,50000,10.819798284210286,1,2023,1,10,1,0,1,7,19,8,7,439,487,48,0.9411760152563707,-0.3379167180033268
Metro,Route_16,Station_3,Station_17,Cloudy,Unknown / Missing Event,Summer,Thursday,30.7,31,34,16.6,76,0,0,0,0.0,0,2023,1,19,3,0,1,11,45,12,8,705,728,23,0.06540312923014312,-0.9978589232386035
Bus,Route_12,Station_35,Station_15,Clear,Unknown / Missing Event,Winter,Sunday,27.7,32,56,8.8,79,0,0,500,6.2166061010848646,1,2023,1,8,6,1,1,18,19,18,59,1099,1139,40,-0.9965655024977614,0.08280820751220433
Metro,Route_8,Station_49,Station_3,Snow,Concert,Autumn,Thursday,34.1,89,45,1.0,74,0,0,0,0.0,0,2023,1,12,3,0,1,11,46,12,26,706,746,40,0.06104853953485719,-0.9981347984218669
Metro,Route_18,Station_4,Station_12,Fog,Unknown / Missing Event,Spring,Thursday,6.6,97,25,19.3,63,0,0,0,0.0,0,2023,1,19,3,0,1,16,18,16,41,978,1001,23,-0.9025852843498606,-0.43051109680829514
Bus,Route_8,Station_8,Station_45,Fog,Parade,Autumn,Wednesday,24.0,46,50,12.9,62,0,1,0,0.0,0,2023,1,11,2,0,1,13,47,14,37,827,877,50,-0.45009844103743474,-0.8929789434111371
Metro,Route_12,Station_46,Station_20,Rain,Unknown / Missing Event,Spring,Thursday,32.6,39,32,17.1,30,0,0,0,0.0,0,2023,1,5,3,0,1,23,17,0,0,1397,0,43,-0.18652403600873563,0.9824503977255096
Tram,Route_4,Station_45,Station_29,Fog,Unknown / Missing Event,Summer,Tuesday,3.0,49,25,0.8,86,1,0,0,0.0,0,2023,1,17,1,0,1,15,48,16,7,948,967,19,-0.8386705679454242,-0.544639035015027
Metro,Route_6,Station_50,Station_19,Fog,Unknown / Missing Event,Summer,Tuesday,32.3,42,27,2.7,8,0,1,500,6.2166061010848646,1,2023,1,17,1,0,1,19,32,20,10,1172,1210,38,-0.9205048534524405,0.3907311284892735
Metro,Route_10,Station_9,Station_6,Rain,Unknown / Missing Event,Winter,Wednesday,17.1,86,19,2.2,78,0,0,0,0.0,0,2023,1,11,2,0,1,2,45,3,7,165,187,22,0.6593458151000688,0.7518398074789774
Tram,Route_15,Station_29,Station_18,Rain,Parade,Summer,Tuesday,14.4,89,37,0.5,67,0,0,500,6.2166061010848646,1,2023,1,17,1,0,1,13,3,13,32,783,812,29,-0.27144044986507393,-0.9624552364536474
Tram,Route_13,Station_38,Station_40,Storm,Concert,Summer,Tuesday,10.9,48,35,3.8,2,0,0,0,0.0,0,2023,1,10,1,0,1,11,30,11,59,690,719,29,0.13052619222005157,-0.9914448613738104
Tram,Route_9,Station_19,Station_25,Fog,Parade,Summer,Wednesday,34.3,80,15,4.8,73,0,0,0,0.0,0,2023,1,18,2,0,1,4,31,4,53,271,293,22,0.9255405040175664,0.37864861735243305
Train,Route_2,Station_26,Station_18,Clear,Sports,Spring,Saturday,34.9,74,12,8.1,15,0,0,0,0.0,0,2023,1,7,5,1,1,6,4,6,34,364,394,30,0.9998476951563913,-0.017452406437283477
Bus,Route_19,Station_46,Station_44,Cloudy,Unknown / Missing Event,Autumn,Tuesday,28.0,57,53,7.3,50,0,0,0,0.0,0,2023,1,3,1,0,1,20,32,21,19,1232,1279,47,-0.7880107536067218,0.6156614753256585
Train,Route_20,Station_25,Station_42,Cloudy,Unknown / Missing Event,Spring,Thursday,21.8,37,59,18.9,71,0,0,10000,9.210440366976517,1,2023,1,19,3,0,1,8,19,8,40,499,520,21,0.8216469379421637,-0.569996762596303
Metro,Route_6,Station_17,Station_17,Snow,Unknown / Missing Event,Autumn,Monday,16.1,32,32,19.1,8,0,0,500,6.2166061010848646,1,2023,1,9,0,0,1,8,49,9,37,529,577,48,0.7402181274868322,-0.6723668074346679
Metro,Route_7,Station_28,Station_12,Snow,Unknown / Missing Event,Autumn,Wednesday,10.4,68,6,11.5,72,0,0,0,0.0,0,2023,1,18,2,0,1,20,2,20,36,1202,1236,34,-0.8616291604415255,0.5075383629607045
Bus,Route_3,Station_37,Station_8,Fog,Sports,Autumn,Friday,26.3,58,51,11.8,40,0,0,0,0.0,0,2023,1,20,4,0,1,5,0,5,45,300,345,45,0.9659258262890683,0.25881904510252074
Bus,Route_10,Station_2,Station_49,Rain,Sports,Winter,Sunday,1.8,91,26,11.6,93,0,1,0,0.0,0,2023,1,15,6,1,1,9,33,10,24,573,624,51,0.5983246005706592,-0.8012538126910606
Bus,Route_9,Station_36,Station_44,Fog,Parade,Spring,Tuesday,17.2,76,55,8.5,63,0,0,2000,7.601402334583733,1,2023,1,17,1,0,1,17,32,18,9,1052,1089,37,-0.9925461516413221,-0.12186934340514717
Tram,Route_8,Station_47,Station_11,Cloudy,Sports,Spring,Friday,31.2,36,44,17.9,31,0,0,0,0.0,0,2023,1,6,4,0,1,9,2,9,53,542,593,51,0.700909264299851,-0.7132504491541815
Train,Route_20,Station_45,Station_30,Rain,Concert,Summer,Saturday,-3.5,88,55,11.3,18,0,0,0,0.0,0,2023,1,14,5,1,1,4,48,5,35,288,335,47,0.9510565162951535,0.30901699437494745
Train,Route_12,Station_13,Station_43,Fog,Unknown / Missing Event,Summer,Saturday,29.6,73,35,10.1,37,0,0,0,0.0,0,2023,1,7,5,1,1,13,45,14,42,825,882,57,-0.44228869021900147,-0.8968727415326883
Tram,Route_17,Station_37,Station_39,Snow,Unknown / Missing Event,Summer,Thursday,6.7,68,45,6.8,41,0,0,0,0.0,0,2023,1,5,3,0,1,1,3,1,49,63,109,46,0.27144044986507426,0.9624552364536473
Train,Route_4,Station_9,Station_6,Storm,Unknown / Missing Event,Spring,Monday,8.4,34,6,6.7,86,0,1,0,0.0,0,2023,1,2,0,0,1,4,34,5,27,274,327,53,0.9304175679820246,0.3665012267242973
Tram,Route_14,Station_9,Station_30,Clear,Unknown / Missing Event,Summer,Monday,22.1,74,9,11.5,76,0,1,500,6.2166061010848646,1,2023,1,16,0,0,1,20,45,21,33,1245,1293,48,-0.7518398074789777,0.6593458151000684
Metro,Route_2,Station_44,Station_12,Storm,Unknown / Missing Event,Autumn,Monday,16.7,65,6,7.1,91,0,1,0,0.0,0,2023,1,2,0,0,1,9,46,10,33,586,633,47,0.5519369853120583,-0.8338858220671681
Tram,Route_13,Station_22,Station_21,Snow,Unknown / Missing Event,Autumn,Saturday,-1.3,77,23,10.7,63,0,0,0,0.0,0,2023,1,14,5,1,1,8,30,9,7,510,547,37,0.7933533402912352,-0.6087614290087207
Metro,Route_4,Station_7,Station_35,Rain,Protest,Autumn,Thursday,-0.1,86,0,5.5,5,0,0,500,6.2166061010848646,1,2023,1,5,3,0,1,17,46,18,19,1066,1099,33,-0.9981347984218669,-0.06104853953485769
Tram,Route_11,Station_8,Station_50,Clear,Unknown / Missing Event,Autumn,Friday,32.7,54,13,16.5,42,0,1,0,0.0,0,2023,1,20,4,0,1,4,3,4,26,243,266,23,0.8724960070727971,0.48862124149695496
Train,Route_3,Station_50,Station_44,Snow,Parade,Spring,Friday,16.8,34,23,1.1,77,0,0,0,0.0,0,2023,1,20,4,0,1,3,1,3,38,181,218,37,0.7101853756232853,0.7040147244559684
Bus,Route_14,Station_33,Station_23,Clear,Festival,Summer,Saturday,11.6,60,22,2.9,37,0,0,0,0.0,0,2023,1,7,5,1,1,22,46,23,14,1366,1394,28,-0.31730465640509187,0.9483236552061994
Metro,Route_2,Station_42,Station_42,Clear,Sports,Autumn,Saturday,19.2,72,26,13.0,93,0,0,0,0.0,0,2023,1,14,5,1,1,19,33,20,24,1173,1224,51,-0.9187912101488982,0.39474385638426757
Tram,Route_12,Station_50,Station_6,Cloudy,Unknown / Missing Event,Summer,Sunday,28.0,74,46,9.8,91,0,0,2000,7.601402334583733,1,2023,1,1,6,1,1,7,49,8,33,469,513,44,0.8890171414857366,-0.45787391511695646
Train,Route_16,Station_4,Station_15,Cloudy,Concert,Summer,Thursday,14.9,88,31,16.7,83,0,0,10000,9.210440366976517,1,2023,1,19,3,0,1,5,16,5,44,316,344,28,0.981627183447664,0.19080899537654492
Train,Route_10,Station_22,Station_16,Rain,Unknown / Missing Event,Summer,Tuesday,-1.0,92,9,15.9,58,0,0,0,0.0,0,2023,1,3,1,0,1,13,4,13,32,784,812,28,-0.275637355816999,-0.9612616959383189
Metro,Route_19,Station_3,Station_44,Snow,Concert,Spring,Friday,-3.8,55,28,9.8,30,0,0,0,0.0,0,2023,1,20,4,0,1,2,32,3,9,152,189,37,0.6156614753256582,0.788010753606722
Bus,Route_14,Station_35,Station_8,Fog,Concert,Summer,Friday,22.0,97,42,0.0,39,1,0,0,0.0,0,2023,1,20,4,0,1,16,0,16,50,960,1010,50,-0.8660254037844385,-0.5000000000000004
Metro,Route_14,Station_10,Station_14,Rain,Unknown / Missing Event,Spring,Saturday,26.4,94,1,19.2,32,0,0,0,0.0,0,2023,1,14,5,1,1,4,19,5,11,259,311,52,0.9044551454543679,0.4265687399014585
Train,Route_3,Station_41,Station_11,Storm,Unknown / Missing Event,Summer,Tuesday,32.4,36,4,4.6,82,0,0,0,0.0,0,2023,1,3,1,0,1,22,15,23,4,1335,1384,49,-0.4422886902190014,0.8968727415326883
Tram,Route_2,Station_47,Station_36,Storm,Unknown / Missing Event,Summer,Saturday,33.9,98,30,2.9,51,0,0,0,0.0,0,2023,1,21,5,1,1,12,18,13,14,738,794,56,-0.07845909572784482,-0.996917333733128
Train,Route_17,Station_16,Station_16,Fog,Unknown / Missing Event,Spring,Monday,32.2,77,36,1.7,33,0,0,10000,9.210440366976517,1,2023,1,2,0,0,1,4,16,4,53,256,293,37,0.898794046299167,0.43837114678907746
Tram,Route_11,Station_33,Station_44,Rain,Unknown / Missing Event,Summer,Sunday,22.2,80,9,10.0,85,0,1,0,0.0,0,2023,1,8,6,1,1,0,2,0,20,2,20,18,0.008726535498373935,0.9999619230641713
Metro,Route_1,Station_47,Station_30,Snow,Unknown / Missing Event,Summer,Saturday,22.0,65,48,10.0,55,0,0,0,0.0,0,2023,1,7,5,1,1,0,33,1,3,33,63,30,0.14349262199117932,0.9896513868196702
Train,Route_11,Station_31,Station_31,Snow,Unknown / Missing Event,Winter,Saturday,30.8,92,29,0.6,18,0,0,0,0.0,0,2023,1,7,5,1,1,16,17,16,56,977,1016,39,-0.9006982393225876,-0.43444525740441764
Bus,Route_17,Station_1,Station_42,Clear,Sports,Autumn,Wednesday,34.2,51,55,4.4,8,0,0,0,0.0,0,2023,1,11,2,0,1,23,34,0,6,1414,6,32,-0.11320321376790701,0.9935718556765875
Tram,Route_17,Station_34,Station_4,Cloudy,Festival,Summer,Wednesday,8.8,38,45,8.1,68,0,1,50000,10.819798284210286,1,2023,1,11,2,0,1,18,17,19,12,1097,1152,55,-0.9972501850994857,0.07410849019539888
Bus,Route_4,Station_33,Station_11,Clear,Unknown / Missing Event,Autumn,Tuesday,12.9,49,34,12.4,66,0,0,0,0.0,0,2023,1,3,1,0,1,5,0,5,31,300,331,31,0.9659258262890683,0.25881904510252074
Tram,Route_4,Station_47,Station_47,Snow,Sports,Winter,Friday,11.8,46,36,1.5,57,0,1,0,0.0,0,2023,1,20,4,0,1,13,32,14,25,812,865,53,-0.39073112848927355,-0.9205048534524404
Bus,Route_10,Station_35,Station_25,Cloudy,Unknown / Missing Event,Spring,Sunday,19.5,72,21,0.5,42,0,0,0,0.0,0,2023,1,8,6,1,1,13,0,13,36,780,816,36,-0.25881904510252035,-0.9659258262890684
Metro,Route_16,Station_18,Station_45,Cloudy,Concert,Spring,Wednesday,0.8,83,43,14.9,18,0,0,0,0.0,0,2023,1,11,2,0,1,7,30,8,26,450,506,56,0.9238795325112867,-0.3826834323650897
Train,Route_15,Station_20,Station_2,Storm,Parade,Autumn,Monday,-0.2,80,23,0.6,43,0,0,2000,7.601402334583733,1,2023,1,2,0,0,1,20,19,20,45,1219,1245,26,-0.821646937942164,0.5699967625963025
Tram,Route_12,Station_44,Station_35,Snow,Unknown / Missing Event,Summer,Monday,22.2,87,2,9.3,88,0,0,2000,7.601402334583733,1,2023,1,16,0,0,1,14,3,14,34,843,874,31,-0.5112930860770523,-0.8594064115014526
Tram,Route_6,Station_8,Station_46,Storm,Sports,Summer,Wednesday,23.6,42,10,8.1,64,0,0,10000,9.210440366976517,1,2023,1,4,2,0,1,16,15,17,14,975,1034,59,-0.8968727415326883,-0.44228869021900136
Metro,Route_4,Station_38,Station_32,Storm,Unknown / Missing Event,Spring,Sunday,12.3,63,38,17.2,96,0,0,0,0.0,0,2023,1,8,6,1,1,16,17,17,6,977,1026,49,-0.9006982393225876,-0.43444525740441764
Metro,Route_19,Station_5,Station_18,Rain,Unknown / Missing Event,Summer,Sunday,0.2,53,45,15.0,8,0,0,0,0.0,0,2023,1,8,6,1,1,1,34,2,2,94,122,28,0.3987490689252462,0.917060074385124
Bus,Route_4,Station_49,Station_39,Rain,Unknown / Missing Event,Spring,Saturday,-4.1,46,8,0.8,18,1,0,0,0.0,0,2023,1,14,5,1,1,10,2,10,32,602,632,30,0.49242356010346716,-0.8703556959398997
Tram,Route_12,Station_29,Station_7,Fog,Unknown / Missing Event,Summer,Sunday,5.3,63,52,6.2,94,0,0,0,0.0,0,2023,1,8,6,1,1,7,34,8,1,454,481,27,0.9170600743851242,-0.398749068925246
Train,Route_11,Station_1,Station_37,Clear,Concert,Spring,Friday,-3.5,70,36,8.7,72,0,0,0,0.0,0,2023,1,20,4,0,1,14,4,14,45,844,885,41,-0.5150380749100542,-0.8571673007021123
Bus,Route_13,Station_31,Station_34,Clear,Unknown / Missing Event,Summer,Monday,30.4,67,2,2.8,73,0,1,0,0.0,0,2023,1,16,0,0,1,15,15,15,51,915,951,36,-0.7518398074789773,-0.6593458151000691
Bus,Route_14,Station_50,Station_18,Rain,Unknown / Missing Event,Spring,Thursday,3.5,97,26,6.6,15,0,0,0,0.0,0,2023,1,19,3,0,1,15,17,16,3,917,963,46,-0.7575649843840494,-0.6527597524627227
Bus,Route_4,Station_12,Station_8,Clear,Sports,Summer,Thursday,14.4,84,46,12.6,98,0,1,0,0.0,0,2023,1,19,3,0,1,7,3,7,51,423,471,48,0.9624552364536473,-0.2714404498650742
Bus,Route_15,Station_39,Station_16,Cloudy,Concert,Summer,Wednesday,11.9,32,18,5.4,62,0,0,50000,10.819798284210286,1,2023,1,11,2,0,1,20,18,20,50,1218,1250,32,-0.8241261886220158,0.5664062369248325
Metro,Route_18,Station_36,Station_43,Snow,Concert,Summer,Friday,5.6,63,22,8.5,44,0,1,2000,7.601402334583733,1,2023,1,6,4,0,1,21,47,22,7,1307,1327,20,-0.5482932295199143,0.8362861558477592
Train,Route_2,Station_4,Station_33,Clear,Unknown / Missing Event,Summer,Sunday,7.7,39,1,14.7,80,0,0,10000,9.210440366976517,1,2023,1,8,6,1,1,2,46,3,12,166,192,26,0.6626200482157375,0.7489557207890021
Bus,Route_12,Station_11,Station_14,Storm,Festival,Winter,Wednesday,7.5,43,5,11.5,77,0,0,0,0.0,0,2023,1,18,2,0,1,8,0,8,45,480,525,45,0.8660254037844387,-0.4999999999999998
Bus,Route_14,Station_14,Station_48,Cloudy,Parade,Summer,Tuesday,28.3,44,53,13.1,43,0,0,2000,7.601402334583733,1,2023,1,17,1,0,1,5,3,5,27,303,327,24,0.9692309097067544,0.24615329302899316
Metro,Route_3,Station_47,Station_47,Cloudy,Parade,Autumn,Monday,22.8,43,13,10.0,73,0,1,0,0.0,0,2023,1,2,0,0,1,13,19,14,10,799,850,51,-0.33791671800332673,-0.9411760152563707
Bus,Route_9,Station_46,Station_7,Rain,Unknown / Missing Event,Spring,Tuesday,32.3,79,41,15.5,1,0,0,500,6.2166061010848646,1,2023,1,10,1,0,1,19,4,19,23,1144,1163,19,-0.9612616959383188,0.2756373558169994
Tram,Route_4,Station_18,Station_43,Storm,Sports,Autumn,Monday,-0.5,81,46,7.7,25,0,0,0,0.0,0,2023,1,16,0,0,1,17,49,18,19,1069,1099,30,-0.9988483864849507,-0.0479781285213447
Metro,Route_1,Station_43,Station_27,Rain,Concert,Winter,Saturday,24.6,43,51,12.9,99,0,1,0,0.0,0,2023,1,14,5,1,1,3,19,4,2,199,242,43,0.7632324697825289,0.6461239796429639
Train,Route_7,Station_27,Station_38,Snow,Unknown / Missing Event,Summer,Thursday,-1.4,31,21,14.7,57,0,0,50000,10.819798284210286,1,2023,1,12,3,0,1,17,4,17,35,1024,1055,31,-0.9702957262759965,-0.24192189559966779
Metro,Route_2,Station_38,Station_18,Storm,Unknown / Missing Event,Spring,Monday,20.0,83,36,16.4,21,0,0,500,6.2166061010848646,1,2023,1,9,0,0,1,21,16,22,9,1276,1329,53,-0.6560590289905074,0.7547095802227719
Tram,Route_20,Station_11,Station_45,Rain,Unknown / Missing Event,Autumn,Monday,8.4,92,36,1.8,80,0,0,0,0.0,0,2023,1,9,0,0,1,19,31,20,4,1171,1204,33,-0.9222009716704518,0.3867109616368206
Tram,Route_8,Station_34,Station_43,Snow,Unknown / Missing Event,Autumn,Wednesday,27.0,31,3,3.1,39,0,0,0,0.0,0,2023,1,18,2,0,1,8,16,8,36,496,516,20,0.8290375725550417,-0.5591929034707467
Tram,Route_1,Station_6,Station_11,Clear,Unknown / Missing Event,Summer,Tuesday,7.0,88,56,8.7,88,0,1,10000,9.210440366976517,1,2023,1,17,1,0,1,10,45,11,27,645,687,42,0.32143946530316175,-0.9469301294951056
Train,Route_10,Station_29,Station_29,Storm,Unknown / Missing Event,Autumn,Sunday,10.0,42,57,16.7,6,0,1,0,0.0,0,2023,1,8,6,1,1,5,15,6,6,315,366,51,0.9807852804032304,0.19509032201612833
Tram,Route_18,Station_35,Station_41,Snow,Unknown / Missing Event,Spring,Saturday,1.9,33,8,3.9,58,0,0,10000,9.210440366976517,1,2023,1,14,5,1,1,11,31,12,12,691,732,41,0.12619896913583,-0.992004949679715
Train,Route_15,Station_12,Station_30,Clear,Unknown / Missing Event,Winter,Saturday,32.0,94,32,14.7,41,0,0,0,0.0,0,2023,1,7,5,1,1,21,3,21,46,1263,1306,43,-0.6977904598416802,0.7163019434246541
Bus,Route_15,Station_34,Station_6,Cloudy,Unknown / Missing Event,Winter,Sunday,34.7,35,38,8.7,15,0,0,0,0.0,0,2023,1,8,6,1,1,12,33,13,11,753,791,38,-0.1434926219911791,-0.9896513868196702
Train,Route_8,Station_8,Station_48,Clear,Unknown / Missing Event,Summer,Thursday,-3.2,74,23,3.3,58,0,0,10000,9.210440366976517,1,2023,1,5,3,0,1,21,18,21,38,1278,1298,20,-0.6494480483301841,0.7604059656000305
Metro,Route_14,Station_31,Station_34,Cloudy,Unknown / Missing Event,Summer,Friday,22.5,52,1,4.4,36,0,1,50000,10.819798284210286,1,2023,1,20,4,0,1,10,46,11,9,646,669,23,0.31730465640509214,-0.9483236552061993
Bus,Route_18,Station_27,Station_50,Snow,Concert,Autumn,Monday,22.9,94,37,9.4,87,0,0,0,0.0,0,2023,1,9,0,0,1,23,34,0,22,1414,22,48,-0.11320321376790701,0.9935718556765875
Bus,Route_17,Station_6,Station_4,Cloudy,Unknown / Missing Event,Winter,Friday,8.9,99,27,1.0,76,0,1,0,0.0,0,2023,1,20,4,0,1,19,47,20,40,1187,1240,53,-0.892978943411137,0.45009844103743507
Metro,Route_8,Station_10,Station_41,Snow,Unknown / Missing Event,Autumn,Sunday,22.1,37,10,3.8,7,0,0,0,0.0,0,2023,1,1,6,1,1,16,16,17,2,976,1022,46,-0.8987940462991668,-0.43837114678907774
Metro,Route_10,Station_28,Station_4,Fog,Unknown / Missing Event,Winter,Saturday,2.5,42,22,7.9,92,0,0,50000,10.819798284210286,1,2023,1,21,5,1,1,13,15,13,48,795,828,33,-0.3214394653031611,-0.9469301294951058
Bus,Route_14,Station_8,Station_49,Rain,Unknown / Missing Event,Autumn,Saturday,1.9,60,7,10.2,73,0,1,0,0.0,0,2023,1,21,5,1,1,16,2,16,52,962,1012,50,-0.8703556959398996,-0.4924235601034672
Bus,Route_10,Station_30,Station_8,Fog,Unknown / Missing Event,Spring,Wednesday,20.4,71,54,5.8,24,0,1,0,0.0,0,2023,1,18,2,0,1,2,4,2,20,124,140,16,0.5150380749100542,0.8571673007021123
Metro,Route_19,Station_27,Station_24,Cloudy,Unknown / Missing Event,Autumn,Friday,10.8,48,15,6.4,91,0,0,0,0.0,0,2023,1,20,4,0,1,0,34,0,59,34,59,25,0.14780941112961063,0.9890158633619168
Tram,Route_5,Station_47,Station_33,Storm,Unknown / Missing Event,Spring,Wednesday,22.2,99,31,3.2,36,0,0,0,0.0,0,2023,1,11,2,0,1,4,46,5,25,286,325,39,0.9483236552061993,0.3173046564050921
Train,Route_15,Station_2,Station_26,Snow,Protest,Winter,Monday,29.7,88,26,18.3,3,0,0,2000,7.601402334583733,1,2023,1,2,0,0,1,4,0,4,24,240,264,24,0.8660254037844386,0.5000000000000001
Metro,Route_14,Station_17,Station_22,Cloudy,Unknown / Missing Event,Spring,Tuesday,7.5,96,7,13.4,88,0,1,2000,7.601402334583733,1,2023,1,17,1,0,1,3,18,3,42,198,222,24,0.760405965600031,0.6494480483301835
Metro,Route_4,Station_10,Station_4,Rain,Unknown / Missing Event,Autumn,Tuesday,8.9,54,3,10.3,93,0,0,0,0.0,0,2023,1,3,1,0,1,15,17,15,48,917,948,31,-0.7575649843840494,-0.6527597524627227
Bus,Route_7,Station_39,Station_31,Cloudy,Unknown / Missing Event,Autumn,Tuesday,22.6,90,6,18.1,77,0,0,0,0.0,0,2023,1,10,1,0,1,21,19,21,38,1279,1298,19,-0.6461239796429639,0.7632324697825288
Tram,Route_5,Station_11,Station_23,Clear,Unknown / Missing Event,Autumn,Sunday,-4.0,64,18,4.4,21,0,0,0,0.0,0,2023,1,15,6,1,1,23,15,0,2,1395,2,47,-0.19509032201612872,0.9807852804032303
Tram,Route_1,Station_2,Station_29,Storm,Unknown / Missing Event,Winter,Sunday,2.3,65,8,14.8,16,0,1,0,0.0,0,2023,1,8,6,1,1,18,47,19,15,1127,1155,28,-0.979045472484584,0.203641751140177
Tram,Route_18,Station_32,Station_25,Cloudy,Unknown / Missing Event,Summer,Monday,7.9,84,21,12.5,41,0,0,2000,7.601402334583733,1,2023,1,9,0,0,1,7,46,8,27,466,507,41,0.894934361602025,-0.4461978131098088
Bus,Route_18,Station_29,Station_43,Fog,Festival,Winter,Sunday,29.4,96,37,3.1,78,0,1,0,0.0,0,2023,1,8,6,1,1,5,47,6,23,347,383,36,0.9983916705573488,0.05669278756337759
Tram,Route_12,Station_6,Station_46,Snow,Unknown / Missing Event,Winter,Saturday,7.8,30,57,17.0,43,0,0,2000,7.601402334583733,1,2023,1,7,5,1,1,3,0,3,53,180,233,53,0.7071067811865476,0.7071067811865476
Tram,Route_11,Station_32,Station_7,Fog,Concert,Winter,Thursday,30.8,47,22,7.9,25,0,0,500,6.2166061010848646,1,2023,1,12,3,0,1,21,45,22,11,1305,1331,26,-0.5555702330196022,0.8314696123025452
Tram,Route_9,Station_47,Station_50,Clear,Festival,Spring,Tuesday,0.7,43,46,1.9,51,0,1,2000,7.601402334583733,1,2023,1,3,1,0,1,3,47,4,21,227,261,34,0.8362861558477594,0.5482932295199139
Tram,Route_8,Station_36,Station_20,Storm,Festival,Summer,Monday,10.9,45,2,6.4,13,0,0,10000,9.210440366976517,1,2023,1,2,0,0,1,19,15,19,44,1155,1184,29,-0.9469301294951057,0.3214394653031615
Bus,Route_14,Station_2,Station_20,Cloudy,Concert,Summer,Wednesday,32.5,88,32,6.1,7,0,0,10000,9.210440366976517,1,2023,1,18,2,0,1,19,2,19,21,1142,1161,19,-0.9636304532086231,0.26723837607825673
Tram,Route_3,Station_17,Station_13,Rain,Unknown / Missing Event,Autumn,Monday,10.4,72,43,9.8,37,0,0,0,0.0,0,2023,1,2,0,0,1,17,47,18,42,1067,1122,55,-0.9983916705573488,-0.056692787563377714
Tram,Route_3,Station_32,Station_44,Fog,Unknown / Missing Event,Winter,Thursday,30.9,40,10,0.3,56,0,0,0,0.0,0,2023,1,12,3,0,1,9,16,10,11,556,611,55,0.6560590289905073,-0.754709580222772
Bus,Route_16,Station_12,Station_40,Cloudy,Protest,Autumn,Friday,24.0,80,26,7.1,27,0,1,10000,9.210440366976517,1,2023,1,20,4,0,1,12,19,13,9,739,789,50,-0.08280820751220438,-0.9965655024977614
Bus,Route_1,Station_39,Station_48,Cloudy,Unknown / Missing Event,Spring,Friday,16.5,61,40,11.0,34,1,1,0,0.0,0,2023,1,13,4,0,1,15,49,16,44,949,1004,55,-0.8410390129643924,-0.540974471367994
Metro,Route_10,Station_42,Station_19,Rain,Festival,Summer,Wednesday,4.8,50,40,0.1,76,0,0,0,0.0,0,2023,1,11,2,0,1,9,31,10,18,571,618,47,0.6052939880428945,-0.796002002534622
Tram,Route_18,Station_4,Station_38,Cloudy,Unknown / Missing Event,Summer,Tuesday,3.9,34,5,5.3,1,0,0,0,0.0,0,2023,1,10,1,0,1,7,45,8,42,465,522,57,0.8968727415326884,-0.44228869021900113
Metro,Route_3,Station_45,Station_42,Fog,Unknown / Missing Event,Winter,Tuesday,34.2,62,24,3.8,2,0,1,500,6.2166061010848646,1,2023,1,10,1,0,1,18,49,19,19,1129,1159,30,-0.9772311064626789,0.21217767215644612
Metro,Route_10,Station_23,Station_13,Fog,Sports,Summer,Saturday,-1.9,80,4,3.8,42,0,1,50000,10.819798284210286,1,2023,1,14,5,1,1,22,16,22,39,1336,1359,23,-0.438371146789077,0.8987940462991671
Train,Route_3,Station_48,Station_17,Snow,Unknown / Missing Event,Spring,Thursday,33.3,98,17,1.9,48,0,0,0,0.0,0,2023,1,12,3,0,1,21,0,21,23,1260,1283,23,-0.7071067811865477,0.7071067811865474
Metro,Route_7,Station_16,Station_19,Clear,Unknown / Missing Event,Winter,Saturday,10.6,66,49,14.5,3,0,0,50000,10.819798284210286,1,2023,1,7,5,1,1,13,4,13,43,784,823,39,-0.275637355816999,-0.9612616959383189
Tram,Route_17,Station_34,Station_29,Storm,Sports,Autumn,Friday,3.9,63,37,10.1,74,0,0,0,0.0,0,2023,1,20,4,0,1,11,32,12,26,692,746,54,0.12186934340514755,-0.992546151641322
Train,Route_2,Station_28,Station_42,Clear,Unknown / Missing Event,Winter,Friday,5.0,42,51,9.0,86,0,0,2000,7.601402334583733,1,2023,1,20,4,0,1,8,4,8,51,484,531,47,0.8571673007021123,-0.5150380749100543
Bus,Route_14,Station_18,Station_23,Cloudy,Festival,Summer,Thursday,29.9,47,38,12.9,14,0,0,0,0.0,0,2023,1,5,3,0,1,9,47,10,21,587,621,34,0.5482932295199138,-0.8362861558477596
Metro,Route_19,Station_24,Station_47,Clear,Concert,Spring,Tuesday,24.0,77,55,11.0,78,1,0,0,0.0,0,2023,1,10,1,0,1,18,16,19,2,1096,1142,46,-0.9975640502598243,0.06975647374412522
Train,Route_12,Station_38,Station_45,Rain,Unknown / Missing Event,Winter,Monday,3.8,66,20,15.0,25,1,1,0,0.0,0,2023,1,16,0,0,1,1,18,2,7,78,127,49,0.3338068592337709,0.9426414910921784
Metro,Route_11,Station_45,Station_5,Storm,Festival,Spring,Thursday,-3.4,61,34,15.5,24,0,0,0,0.0,0,2023,1,12,3,0,1,13,3,13,46,783,826,43,-0.27144044986507393,-0.9624552364536474
Bus,Route_12,Station_13,Station_6,Cloudy,Unknown / Missing Event,Winter,Friday,22.3,30,25,19.0,60,0,0,0,0.0,0,2023,1,6,4,0,1,11,19,12,8,679,728,49,0.17794354547384186,-0.9840406976462909
Bus,Route_2,Station_46,Station_17,Cloudy,Unknown / Missing Event,Summer,Sunday,33.4,83,32,16.3,25,0,0,0,0.0,0,2023,1,15,6,1,1,23,2,23,54,1382,1434,52,-0.2503800040544419,0.9681476403781076
Bus,Route_12,Station_2,Station_11,Cloudy,Unknown / Missing Event,Summer,Thursday,15.8,79,10,4.5,25,0,0,2000,7.601402334583733,1,2023,1,12,3,0,1,12,32,13,18,752,798,46,-0.13917310096006552,-0.9902680687415703
Tram,Route_1,Station_15,Station_12,Snow,Unknown / Missing Event,Winter,Thursday,-2.3,44,53,7.8,44,1,0,50000,10.819798284210286,1,2023,1,19,3,0,1,12,46,13,44,766,824,58,-0.19936793441719658,-0.9799247046208297
Train,Route_8,Station_50,Station_13,Storm,Unknown / Missing Event,Spring,Thursday,26.4,49,34,6.7,49,0,0,0,0.0,0,2023,1,5,3,0,1,10,31,11,21,631,681,50,0.37864861735243294,-0.9255405040175664
Train,Route_16,Station_48,Station_27,Fog,Unknown / Missing Event,Winter,Wednesday,9.4,59,31,6.7,45,0,0,0,0.0,0,2023,1,4,2,0,1,6,33,7,7,393,427,34,0.9896513868196702,-0.14349262199117915
Train,Route_7,Station_32,Station_5,Clear,Unknown / Missing Event,Summer,Saturday,19.3,31,18,15.2,93,0,0,0,0.0,0,2023,1,14,5,1,1,10,48,11,36,648,696,48,0.3090169943749475,-0.9510565162951535
Bus,Route_7,Station_48,Station_13,Rain,Unknown / Missing Event,Winter,Sunday,1.8,87,11,6.4,99,0,0,0,0.0,0,2023,1,1,6,1,1,13,48,14,20,828,860,32,-0.45399049973954625,-0.8910065241883681
Bus,Route_6,Station_28,Station_22,Rain,Unknown / Missing Event,Spring,Monday,5.9,35,44,17.0,36,1,0,500,6.2166061010848646,1,2023,1,2,0,0,1,20,33,21,3,1233,1263,30,-0.785316930880745,0.619093949309834
Train,Route_18,Station_49,Station_48,Rain,Sports,Winter,Sunday,15.1,39,55,3.4,7,0,1,2000,7.601402334583733,1,2023,1,1,6,1,1,13,16,13,35,796,815,19,-0.32556815445715676,-0.9455185755993167
Bus,Route_14,Station_15,Station_27,Clear,Unknown / Missing Event,Winter,Sunday,14.8,35,59,13.9,26,0,0,0,0.0,0,2023,1,8,6,1,1,4,0,4,25,240,265,25,0.8660254037844386,0.5000000000000001
Train,Route_16,Station_19,Station_12,Storm,Festival,Winter,Sunday,0.7,77,54,3.2,66,1,0,0,0.0,0,2023,1,8,6,1,1,5,0,5,20,300,320,20,0.9659258262890683,0.25881904510252074
Metro,Route_5,Station_47,Station_21,Rain,Concert,Winter,Monday,-2.7,74,8,12.5,44,0,0,10000,9.210440366976517,1,2023,1,2,0,0,1,0,16,1,4,16,64,48,0.0697564737441253,0.9975640502598242
Train,Route_9,Station_31,Station_43,Snow,Sports,Spring,Tuesday,-3.2,77,49,16.1,90,0,0,2000,7.601402334583733,1,2023,1,17,1,0,1,5,15,6,3,315,363,48,0.9807852804032304,0.19509032201612833
Train,Route_20,Station_48,Station_8,Cloudy,Unknown / Missing Event,Autumn,Friday,24.7,84,23,19.4,38,0,0,500,6.2166061010848646,1,2023,1,6,4,0,1,13,33,14,17,813,857,44,-0.3947438563842668,-0.9187912101488985
Train,Route_10,Station_19,Station_2,Snow,Sports,Autumn,Saturday,32.5,65,9,19.0,55,0,0,2000,7.601402334583733,1,2023,1,14,5,1,1,13,2,13,54,782,834,52,-0.2672383760782568,-0.9636304532086231
Metro,Route_20,Station_19,Station_43,Rain,Unknown / Missing Event,Winter,Sunday,31.3,31,43,15.8,58,0,0,0,0.0,0,2023,1,15,6,1,1,22,47,23,39,1367,1419,52,-0.31316380648375036,0.9496991262018767
Bus,Route_10,Station_2,Station_7,Fog,Sports,Autumn,Friday,2.0,85,55,19.9,7,0,1,2000,7.601402334583733,1,2023,1,13,4,0,1,6,16,6,37,376,397,21,0.9975640502598242,-0.06975647374412533
Metro,Route_9,Station_16,Station_39,Rain,Protest,Winter,Friday,7.4,94,31,18.6,31,1,0,0,0.0,0,2023,1,6,4,0,1,14,32,15,8,872,908,36,-0.6156614753256578,-0.7880107536067222
Metro,Route_2,Station_48,Station_38,Clear,Sports,Autumn,Sunday,-4.7,74,26,0.0,29,1,0,2000,7.601402334583733,1,2023,1,8,6,1,1,21,45,22,8,1305,1328,23,-0.5555702330196022,0.8314696123025452
Metro,Route_20,Station_37,Station_25,Storm,Concert,Spring,Sunday,20.7,30,2,1.9,24,0,0,0,0.0,0,2023,1,1,6,1,1,22,1,22,44,1321,1364,43,-0.49621650367520886,0.8681988144891419
Metro,Route_15,Station_41,Station_43,Fog,Sports,Winter,Friday,1.2,57,6,19.0,26,1,1,2000,7.601402334583733,1,2023,1,6,4,0,1,10,49,11,41,649,701,52,0.30486429902801077,-0.9523957996432784
Bus,Route_3,Station_13,Station_26,Cloudy,Unknown / Missing Event,Summer,Friday,29.5,81,41,10.6,17,0,1,0,0.0,0,2023,1,20,4,0,1,18,1,18,33,1081,1113,32,-0.9999904807207345,0.004363309284747004
Metro,Route_15,Station_31,Station_11,Fog,Unknown / Missing Event,Winter,Tuesday,-3.5,77,55,9.4,58,0,1,0,0.0,0,2023,1,3,1,0,1,17,32,18,5,1052,1085,33,-0.9925461516413221,-0.12186934340514717
Train,Route_17,Station_30,Station_25,Clear,Concert,Autumn,Friday,21.1,74,11,5.9,46,0,1,50000,10.819798284210286,1,2023,1,20,4,0,1,10,1,10,21,601,621,20,0.49621650367520803,-0.8681988144891424
Bus,Route_6,Station_6,Station_26,Cloudy,Unknown / Missing Event,Winter,Saturday,0.4,77,21,5.6,58,1,0,0,0.0,0,2023,1,7,5,1,1,22,32,22,56,1352,1376,24,-0.37460659341591235,0.9271838545667873
Train,Route_15,Station_39,Station_10,Clear,Unknown / Missing Event,Spring,Sunday,16.8,91,37,18.6,1,0,1,0,0.0,0,2023,1,1,6,1,1,23,18,23,46,1398,1426,28,-0.18223552549214783,0.9832549075639545
Train,Route_5,Station_16,Station_46,Storm,Protest,Winter,Friday,16.3,58,26,7.3,81,0,1,500,6.2166061010848646,1,2023,1,6,4,0,1,16,4,16,47,964,1007,43,-0.8746197071393959,-0.48480962024633684
Metro,Route_7,Station_28,Station_32,Clear,Unknown / Missing Event,Winter,Sunday,32.9,95,12,0.7,35,0,1,2000,7.601402334583733,1,2023,1,1,6,1,1,9,31,10,10,571,610,39,0.6052939880428945,-0.796002002534622
Metro,Route_4,Station_17,Station_10,Cloudy,Unknown / Missing Event,Spring,Saturday,7.6,39,51,5.4,0,0,0,0,0.0,0,2023,1,21,5,1,1,8,49,9,31,529,571,42,0.7402181274868322,-0.6723668074346679
Tram,Route_2,Station_29,Station_14,Clear,Unknown / Missing Event,Autumn,Sunday,18.0,84,58,14.8,20,0,0,0,0.0,0,2023,1,1,6,1,1,15,16,16,8,916,968,52,-0.7547095802227717,-0.6560590289905077
Bus,Route_13,Station_32,Station_47,Fog,Sports,Autumn,Sunday,30.7,31,45,0.6,39,0,1,50000,10.819798284210286,1,2023,1,8,6,1,1,21,30,22,24,1290,1344,54,-0.608761429008721,0.7933533402912349
Tram,Route_16,Station_50,Station_27,Storm,Sports,Spring,Friday,-1.2,97,12,16.5,31,0,0,0,0.0,0,2023,1,13,4,0,1,9,19,9,45,559,585,26,0.6461239796429638,-0.7632324697825289
Tram,Route_13,Station_27,Station_34,Rain,Sports,Winter,Sunday,26.4,77,10,16.3,79,0,1,50000,10.819798284210286,1,2023,1,8,6,1,1,11,3,11,49,663,709,46,0.24615329302899322,-0.9692309097067543
Train,Route_20,Station_48,Station_13,Rain,Unknown / Missing Event,Autumn,Friday,30.5,55,27,16.0,68,0,0,0,0.0,0,2023,1,20,4,0,1,19,2,19,29,1142,1169,27,-0.9636304532086231,0.26723837607825673
Bus,Route_5,Station_26,Station_25,Cloudy,Sports,Winter,Monday,8.6,98,5,10.1,65,0,0,10000,9.210440366976517,1,2023,1,2,0,0,1,19,30,19,53,1170,1193,23,-0.9238795325112866,0.38268343236509
Train,Route_4,Station_29,Station_12,Storm,Concert,Summer,Saturday,2.2,44,45,10.5,12,0,0,0,0.0,0,2023,1,21,5,1,1,21,34,22,26,1294,1346,52,-0.594822786751341,0.8038568606172175
Bus,Route_7,Station_43,Station_3,Storm,Unknown / Missing Event,Autumn,Wednesday,27.0,32,29,9.0,16,0,0,2000,7.601402334583733,1,2023,1,4,2,0,1,22,33,22,50,1353,1370,17,-0.3705574375098368,0.928809552871924
Train,Route_18,Station_35,Station_6,Storm,Festival,Spring,Thursday,4.2,86,5,4.8,97,0,1,50000,10.819798284210286,1,2023,1,19,3,0,1,1,30,1,58,90,118,28,0.3826834323650898,0.9238795325112867
Bus,Route_12,Station_45,Station_16,Fog,Unknown / Missing Event,Summer,Monday,15.0,34,44,15.0,89,0,1,0,0.0,0,2023,1,9,0,0,1,6,48,7,23,408,443,35,0.9781476007338057,-0.20791169081775912
Train,Route_13,Station_27,Station_26,Rain,Unknown / Missing Event,Winter,Wednesday,31.1,86,41,3.2,91,0,0,0,0.0,0,2023,1,18,2,0,1,11,3,11,55,663,715,52,0.24615329302899322,-0.9692309097067543
Tram,Route_8,Station_20,Station_25,Rain,Parade,Spring,Saturday,29.1,31,28,9.2,8,0,0,500,6.2166061010848646,1,2023,1,7,5,1,1,3,15,3,57,195,237,42,0.7518398074789773,0.659345815100069
Bus,Route_3,Station_45,Station_9,Clear,Unknown / Missing Event,Autumn,Monday,5.9,58,4,11.8,81,0,0,0,0.0,0,2023,1,9,0,0,1,14,49,15,21,889,921,32,-0.6723668074346678,-0.7402181274868322
Metro,Route_19,Station_44,Station_32,Storm,Protest,Winter,Monday,12.0,89,48,17.8,33,0,1,500,6.2166061010848646,1,2023,1,16,0,0,1,23,30,0,15,1410,15,45,-0.13052619222005168,0.9914448613738104
Bus,Route_3,Station_38,Station_44,Rain,Unknown / Missing Event,Spring,Tuesday,19.3,81,28,3.0,31,0,0,0,0.0,0,2023,1,10,1,0,1,10,34,11,20,634,680,46,0.36650122672429714,-0.9304175679820246
Bus,Route_20,Station_40,Station_2,Snow,Protest,Spring,Friday,15.5,85,8,0.6,14,0,0,0,0.0,0,2023,1,20,4,0,1,13,1,13,49,781,829,48,-0.26303121445797495,-0.9647873238288129
Train,Route_5,Station_3,Station_41,Fog,Festival,Autumn,Thursday,4.9,53,35,7.9,49,0,0,500,6.2166061010848646,1,2023,1,19,3,0,1,11,2,11,54,662,714,52,0.25038000405444133,-0.9681476403781077
Train,Route_9,Station_26,Station_37,Fog,Unknown / Missing Event,Spring,Tuesday,-2.7,40,44,2.7,94,0,0,0,0.0,0,2023,1,17,1,0,1,4,46,5,39,286,339,53,0.9483236552061993,0.3173046564050921
Tram,Route_3,Station_38,Station_16,Cloudy,Unknown / Missing Event,Spring,Monday,10.5,39,3,7.0,31,0,0,10000,9.210440366976517,1,2023,1,2,0,0,1,14,34,14,51,874,891,17,-0.6225146366376194,-0.782608156852414
Tram,Route_8,Station_46,Station_46,Storm,Unknown / Missing Event,Summer,Sunday,8.9,33,32,14.5,99,0,1,2000,7.601402334583733,1,2023,1,15,6,1,1,4,31,5,24,271,324,53,0.9255405040175664,0.37864861735243305
Metro,Route_1,Station_37,Station_16,Clear,Unknown / Missing Event,Summer,Monday,33.4,68,42,15.9,11,0,0,0,0.0,0,2023,1,2,0,0,1,3,3,3,32,183,212,29,0.7163019434246541,0.6977904598416802
Tram,Route_2,Station_5,Station_3,Storm,Sports,Spring,Thursday,7.7,37,37,18.4,11,0,0,2000,7.601402334583733,1,2023,1,5,3,0,1,18,33,18,59,1113,1139,26,-0.9896513868196702,0.14349262199117904
Train,Route_5,Station_35,Station_35,Storm,Unknown / Missing Event,Winter,Sunday,31.5,92,15,5.7,23,0,1,0,0.0,0,2023,1,15,6,1,1,17,45,18,33,1065,1113,48,-0.9978589232386035,-0.06540312923014362
Train,Route_5,Station_40,Station_15,Rain,Sports,Winter,Saturday,-3.5,81,32,17.9,93,1,0,0,0.0,0,2023,1,14,5,1,1,0,1,0,41,1,41,40,0.004363309284746571,0.9999904807207345
Bus,Route_2,Station_5,Station_17,Fog,Unknown / Missing Event,Autumn,Thursday,22.3,88,22,12.0,54,0,0,0,0.0,0,2023,1,19,3,0,1,11,32,11,50,692,710,18,0.12186934340514755,-0.992546151641322
Train,Route_12,Station_17,Station_28,Snow,Unknown / Missing Event,Winter,Monday,22.3,37,2,2.1,23,0,0,0,0.0,0,2023,1,9,0,0,1,13,17,13,57,797,837,40,-0.32969064526278713,-0.9440890203927843
Bus,Route_11,Station_21,Station_34,Clear,Unknown / Missing Event,Summer,Friday,18.8,45,45,6.2,70,1,0,0,0.0,0,2023,1,13,4,0,1,2,19,2,47,139,167,28,0.569996762596303,0.8216469379421637
Tram,Route_7,Station_12,Station_25,Clear,Protest,Winter,Wednesday,18.8,41,48,15.2,43,0,0,0,0.0,0,2023,1,11,2,0,1,1,19,1,37,79,97,18,0.33791671800332695,0.9411760152563706
Metro,Route_11,Station_21,Station_27,Snow,Unknown / Missing Event,Spring,Saturday,17.8,46,53,14.3,19,0,1,0,0.0,0,2023,1,14,5,1,1,18,16,18,53,1096,1133,37,-0.9975640502598243,0.06975647374412522
Metro,Route_9,Station_29,Station_4,Clear,Unknown / Missing Event,Autumn,Sunday,13.2,61,56,10.0,46,0,1,0,0.0,0,2023,1,15,6,1,1,4,19,4,41,259,281,22,0.9044551454543679,0.4265687399014585
Metro,Route_14,Station_39,Station_22,Fog,Unknown / Missing Event,Winter,Wednesday,31.1,96,19,10.2,13,1,1,500,6.2166061010848646,1,2023,1,4,2,0,1,18,17,18,54,1097,1134,37,-0.9972501850994857,0.07410849019539888
Bus,Route_4,Station_7,Station_24,Storm,Unknown / Missing Event,Autumn,Tuesday,22.3,75,2,1.2,74,0,1,0,0.0,0,2023,1,3,1,0,1,14,18,14,56,858,896,38,-0.5664062369248329,-0.8241261886220156
Bus,Route_12,Station_28,Station_45,Fog,Concert,Spring,Saturday,21.3,95,42,11.7,82,0,0,0,0.0,0,2023,1,7,5,1,1,23,15,0,4,1395,4,49,-0.19509032201612872,0.9807852804032303
Bus,Route_17,Station_39,Station_44,Cloudy,Unknown / Missing Event,Winter,Tuesday,9.3,92,34,17.4,88,0,0,500,6.2166061010848646,1,2023,1,10,1,0,1,2,1,2,42,121,162,41,0.5037739770455263,0.8638355052043957
Metro,Route_6,Station_40,Station_48,Snow,Unknown / Missing Event,Autumn,Friday,-1.2,84,33,8.5,94,0,0,0,0.0,0,2023,1,13,4,0,1,5,32,5,50,332,350,18,0.992546151641322,0.12186934340514749
Tram,Route_10,Station_10,Station_35,Snow,Concert,Spring,Sunday,16.5,74,19,5.5,39,1,0,10000,9.210440366976517,1,2023,1,8,6,1,1,20,49,21,26,1249,1286,37,-0.740218127486832,0.6723668074346681
Train,Route_17,Station_10,Station_37,Cloudy,Unknown / Missing Event,Autumn,Friday,10.0,73,42,9.4,87,0,0,0,0.0,0,2023,1,6,4,0,1,16,46,17,33,1006,1053,47,-0.9483236552061992,-0.31730465640509264
Metro,Route_18,Station_33,Station_7,Clear,Unknown / Missing Event,Summer,Saturday,9.5,48,16,7.0,4,0,0,10000,9.210440366976517,1,2023,1,7,5,1,1,11,19,11,59,679,719,40,0.17794354547384186,-0.9840406976462909
Metro,Route_14,Station_35,Station_10,Fog,Parade,Winter,Thursday,0.5,82,35,8.8,76,0,0,10000,9.210440366976517,1,2023,1,12,3,0,1,22,15,22,58,1335,1378,43,-0.4422886902190014,0.8968727415326883
Train,Route_16,Station_39,Station_4,Storm,Unknown / Missing Event,Spring,Wednesday,0.3,76,22,13.2,43,0,0,0,0.0,0,2023,1,11,2,0,1,23,18,0,1,1398,1,43,-0.18223552549214783,0.9832549075639545
Train,Route_20,Station_38,Station_48,Fog,Unknown / Missing Event,Winter,Thursday,18.9,54,17,1.6,36,0,0,0,0.0,0,2023,1,19,3,0,1,20,17,20,50,1217,1250,33,-0.8265897491271886,0.5628049276950685
Tram,Route_19,Station_26,Station_18,Clear,Unknown / Missing Event,Winter,Sunday,27.4,55,41,6.4,84,0,0,500,6.2166061010848646,1,2023,1,1,6,1,1,5,49,6,8,349,368,19,0.9988483864849507,0.04797812852134391
Train,Route_15,Station_38,Station_15,Storm,Unknown / Missing Event,Winter,Monday,15.4,35,52,5.6,20,0,0,0,0.0,0,2023,1,16,0,0,1,23,47,0,41,1427,41,54,-0.05669278756337689,0.9983916705573489
Train,Route_19,Station_26,Station_32,Snow,Unknown / Missing Event,Summer,Sunday,-4.6,33,2,0.6,14,0,0,0,0.0,0,2023,1,8,6,1,1,14,47,15,14,887,914,27,-0.6658816660008345,-0.7460573750616993
Train,Route_8,Station_3,Station_45,Snow,Unknown / Missing Event,Spring,Saturday,24.7,46,13,1.8,61,0,1,0,0.0,0,2023,1,21,5,1,1,15,48,16,30,948,990,42,-0.8386705679454242,-0.544639035015027
Metro,Route_17,Station_45,Station_10,Snow,Unknown / Missing Event,Summer,Friday,8.0,38,21,4.8,60,0,0,0,0.0,0,2023,1,20,4,0,1,4,46,5,5,286,305,19,0.9483236552061993,0.3173046564050921
Metro,Route_2,Station_28,Station_19,Storm,Parade,Spring,Wednesday,7.8,99,31,18.2,46,0,0,10000,9.210440366976517,1,2023,1,11,2,0,1,11,31,11,52,691,712,21,0.12619896913583,-0.992004949679715
Bus,Route_7,Station_23,Station_43,Fog,Unknown / Missing Event,Summer,Saturday,19.4,54,25,8.4,12,0,1,0,0.0,0,2023,1,14,5,1,1,23,33,0,19,1413,19,46,-0.11753739745783766,0.9930684569549263
Metro,Route_10,Station_11,Station_28,Snow,Sports,Winter,Sunday,1.4,98,41,8.0,95,0,1,0,0.0,0,2023,1,1,6,1,1,19,3,19,25,1143,1165,22,-0.9624552364536472,0.2714404498650747
Bus,Route_1,Station_49,Station_47,Fog,Unknown / Missing Event,Autumn,Saturday,-4.4,80,13,16.3,41,0,0,0,0.0,0,2023,1,7,5,1,1,4,1,4,57,241,297,56,0.8681988144891423,0.49621650367520814
Metro,Route_8,Station_16,Station_25,Clear,Unknown / Missing Event,Autumn,Sunday,0.6,97,28,12.0,73,0,1,0,0.0,0,2023,1,15,6,1,1,15,48,16,11,948,971,23,-0.8386705679454242,-0.544639035015027
Train,Route_4,Station_25,Station_8,Clear,Sports,Autumn,Thursday,30.4,51,46,8.4,82,0,0,0,0.0,0,2023,1,19,3,0,1,18,47,19,12,1127,1152,25,-0.979045472484584,0.203641751140177
Metro,Route_19,Station_20,Station_19,Snow,Unknown / Missing Event,Spring,Thursday,21.5,35,47,9.2,88,0,0,0,0.0,0,2023,1,5,3,0,1,9,16,10,7,556,607,51,0.6560590289905073,-0.754709580222772
Tram,Route_6,Station_15,Station_31,Fog,Unknown / Missing Event,Summer,Friday,34.1,63,59,14.2,52,0,1,0,0.0,0,2023,1,13,4,0,1,16,17,17,13,977,1033,56,-0.9006982393225876,-0.43444525740441764
Bus,Route_9,Station_28,Station_37,Storm,Unknown / Missing Event,Spring,Thursday,5.3,87,32,7.8,15,0,0,0,0.0,0,2023,1,12,3,0,1,2,47,3,23,167,203,36,0.6658816660008343,0.7460573750616994
Metro,Route_3,Station_6,Station_30,Snow,Concert,Winter,Wednesday,-3.7,45,46,13.6,57,0,0,0,0.0,0,2023,1,4,2,0,1,1,17,1,36,77,96,19,0.3296906452627873,0.9440890203927842
Tram,Route_8,Station_41,Station_26,Cloudy,Unknown / Missing Event,Winter,Friday,22.0,37,14,16.3,32,0,1,0,0.0,0,2023,1,6,4,0,1,22,18,23,11,1338,1391,53,-0.4305110968082952,0.9025852843498606
Train,Route_20,Station_9,Station_26,Storm,Sports,Winter,Monday,33.7,32,47,13.7,69,0,1,0,0.0,0,2023,1,2,0,0,1,7,30,7,53,450,473,23,0.9238795325112867,-0.3826834323650897
Tram,Route_19,Station_28,Station_27,Fog,Unknown / Missing Event,Spring,Sunday,34.8,86,2,0.3,4,0,0,0,0.0,0,2023,1,15,6,1,1,8,17,8,56,497,536,39,0.8265897491271886,-0.5628049276950686
Train,Route_13,Station_2,Station_44,Fog,Unknown / Missing Event,Autumn,Sunday,8.5,56,7,10.4,5,0,0,0,0.0,0,2023,1,8,6,1,1,8,18,8,38,498,518,20,0.8241261886220158,-0.5664062369248326
Tram,Route_17,Station_11,Station_4,Clear,Festival,Winter,Sunday,-3.7,93,28,3.0,57,0,0,0,0.0,0,2023,1,1,6,1,1,9,48,10,5,588,605,17,0.5446390350150269,-0.8386705679454242
Bus,Route_5,Station_8,Station_18,Cloudy,Concert,Autumn,Saturday,28.6,37,47,14.7,43,0,0,10000,9.210440366976517,1,2023,1,14,5,1,1,1,17,2,0,77,120,43,0.3296906452627873,0.9440890203927842
Bus,Route_8,Station_1,Station_30,Fog,Unknown / Missing Event,Autumn,Wednesday,33.8,51,18,6.9,15,1,0,10000,9.210440366976517,1,2023,1,11,2,0,1,16,46,17,35,1006,1055,49,-0.9483236552061992,-0.31730465640509264
Train,Route_15,Station_31,Station_23,Clear,Unknown / Missing Event,Summer,Friday,21.1,92,37,7.3,22,0,1,0,0.0,0,2023,1,6,4,0,1,5,49,6,36,349,396,47,0.9988483864849507,0.04797812852134391
Metro,Route_9,Station_36,Station_45,Storm,Unknown / Missing Event,Autumn,Wednesday,-4.7,36,19,10.7,23,0,0,0,0.0,0,2023,1,4,2,0,1,21,19,21,43,1279,1303,24,-0.6461239796429639,0.7632324697825288
Bus,Route_11,Station_41,Station_43,Rain,Unknown / Missing Event,Winter,Friday,21.2,44,29,1.7,96,0,0,0,0.0,0,2023,1,6,4,0,1,6,1,6,54,361,414,53,0.9999904807207345,-0.00436330928474646
Metro,Route_8,Station_34,Station_47,Storm,Sports,Summer,Thursday,34.1,71,15,19.4,43,0,0,0,0.0,0,2023,1,12,3,0,1,19,0,19,21,1140,1161,21,-0.9659258262890682,0.25881904510252113
Tram,Route_15,Station_8,Station_48,Clear,Parade,Summer,Sunday,25.6,64,33,9.4,10,0,0,0,0.0,0,2023,1,1,6,1,1,8,4,8,37,484,517,33,0.8571673007021123,-0.5150380749100543
Tram,Route_9,Station_17,Station_45,Cloudy,Festival,Winter,Monday,7.4,91,44,19.6,72,0,0,50000,10.819798284210286,1,2023,1,2,0,0,1,15,34,16,2,934,962,28,-0.8038568606172171,-0.5948227867513417
Train,Route_11,Station_23,Station_13,Storm,Concert,Spring,Monday,10.9,68,24,14.9,32,0,0,2000,7.601402334583733,1,2023,1,2,0,0,1,6,33,7,15,393,435,42,0.9896513868196702,-0.14349262199117915
Train,Route_20,Station_17,Station_16,Cloudy,Unknown / Missing Event,Autumn,Wednesday,7.0,31,34,2.8,22,0,0,10000,9.210440366976517,1,2023,1,11,2,0,1,8,46,9,6,526,546,20,0.7489557207890021,-0.6626200482157376
Train,Route_6,Station_20,Station_14,Rain,Concert,Summer,Friday,2.3,33,24,3.7,78,1,0,50000,10.819798284210286,1,2023,1,13,4,0,1,17,48,18,35,1068,1115,47,-0.9986295347545738,-0.052335956242944306
Tram,Route_11,Station_22,Station_37,Rain,Sports,Summer,Sunday,29.4,38,56,11.4,72,0,0,0,0.0,0,2023,1,8,6,1,1,1,15,2,0,75,120,45,0.3214394653031616,0.9469301294951057
Metro,Route_5,Station_25,Station_12,Rain,Concert,Winter,Thursday,14.8,48,2,1.6,3,0,1,0,0.0,0,2023,1,19,3,0,1,21,32,22,22,1292,1342,50,-0.6018150231520483,0.7986355100472928
Metro,Route_6,Station_19,Station_34,Snow,Unknown / Missing Event,Spring,Thursday,20.9,72,47,10.8,46,0,0,2000,7.601402334583733,1,2023,1,19,3,0,1,10,48,11,23,648,683,35,0.3090169943749475,-0.9510565162951535
Tram,Route_16,Station_37,Station_3,Storm,Unknown / Missing Event,Winter,Tuesday,5.8,43,45,19.6,78,0,0,0,0.0,0,2023,1,17,1,0,1,22,18,23,0,1338,1380,42,-0.4305110968082952,0.9025852843498606
Train,Route_8,Station_47,Station_49,Clear,Parade,Autumn,Tuesday,28.8,73,27,0.9,29,0,0,2000,7.601402334583733,1,2023,1,17,1,0,1,21,32,21,56,1292,1316,24,-0.6018150231520483,0.7986355100472928
Train,Route_18,Station_46,Station_35,Fog,Unknown / Missing Event,Summer,Wednesday,21.9,67,33,13.1,81,0,0,0,0.0,0,2023,1,11,2,0,1,4,30,4,56,270,296,26,0.9238795325112867,0.38268343236508984
Bus,Route_1,Station_7,Station_41,Storm,Unknown / Missing Event,Autumn,Monday,6.3,71,49,6.7,10,0,0,0,0.0,0,2023,1,9,0,0,1,4,31,5,6,271,306,35,0.9255405040175664,0.37864861735243305
Metro,Route_3,Station_3,Station_9,Storm,Unknown / Missing Event,Winter,Thursday,5.0,64,21,11.5,6,0,1,0,0.0,0,2023,1,19,3,0,1,18,15,19,0,1095,1140,45,-0.9978589232386036,0.06540312923014237
Metro,Route_11,Station_44,Station_27,Snow,Protest,Summer,Friday,4.2,97,33,15.5,10,0,1,0,0.0,0,2023,1,20,4,0,1,8,18,8,39,498,519,21,0.8241261886220158,-0.5664062369248326
Train,Route_5,Station_30,Station_33,Cloudy,Unknown / Missing Event,Winter,Wednesday,17.2,76,28,5.3,66,0,0,0,0.0,0,2023,1,4,2,0,1,3,33,3,54,213,234,21,0.8012538126910607,0.5983246005706591
Train,Route_17,Station_18,Station_44,Cloudy,Concert,Winter,Tuesday,18.4,59,43,9.6,82,0,0,10000,9.210440366976517,1,2023,1,17,1,0,1,23,47,0,5,1427,5,18,-0.05669278756337689,0.9983916705573489
Metro,Route_14,Station_36,Station_7,Cloudy,Concert,Autumn,Friday,18.2,48,1,2.7,80,0,0,0,0.0,0,2023,1,6,4,0,1,14,0,14,32,840,872,32,-0.5000000000000001,-0.8660254037844386
Metro,Route_1,Station_36,Station_23,Rain,Parade,Summer,Monday,13.9,62,24,9.6,28,0,0,0,0.0,0,2023,1,16,0,0,1,8,0,8,26,480,506,26,0.8660254037844387,-0.4999999999999998
Bus,Route_10,Station_28,Station_25,Fog,Sports,Summer,Thursday,0.9,54,1,10.1,76,0,1,10000,9.210440366976517,1,2023,1,12,3,0,1,18,30,19,25,1110,1165,55,-0.9914448613738104,0.13052619222005213
Metro,Route_5,Station_47,Station_11,Clear,Festival,Spring,Wednesday,27.1,45,11,19.0,73,0,0,0,0.0,0,2023,1,11,2,0,1,3,18,4,7,198,247,49,0.760405965600031,0.6494480483301835
Tram,Route_18,Station_17,Station_3,Fog,Festival,Spring,Saturday,29.9,39,23,16.1,91,0,0,500,6.2166061010848646,1,2023,1,7,5,1,1,1,19,1,39,79,99,20,0.33791671800332695,0.9411760152563706
Tram,Route_20,Station_22,Station_14,Snow,Festival,Spring,Friday,11.2,93,7,6.3,85,0,0,500,6.2166061010848646,1,2023,1,6,4,0,1,8,45,9,25,525,565,40,0.7518398074789774,-0.6593458151000688
Bus,Route_4,Station_26,Station_4,Clear,Sports,Autumn,Sunday,6.9,50,3,18.3,30,0,0,0,0.0,0,2023,1,8,6,1,1,10,0,10,39,600,639,39,0.49999999999999994,-0.8660254037844387
Bus,Route_12,Station_33,Station_34,Cloudy,Unknown / Missing Event,Summer,Monday,15.9,41,55,0.9,44,0,1,0,0.0,0,2023,1,9,0,0,1,16,46,17,25,1006,1045,39,-0.9483236552061992,-0.31730465640509264
Train,Route_2,Station_11,Station_18,Snow,Sports,Summer,Saturday,22.2,66,38,19.5,9,0,0,500,6.2166061010848646,1,2023,1,14,5,1,1,22,30,23,26,1350,1406,56,-0.38268343236508956,0.9238795325112868
Train,Route_12,Station_21,Station_41,Cloudy,Sports,Winter,Friday,-4.1,67,37,4.1,28,0,0,500,6.2166061010848646,1,2023,1,6,4,0,1,20,17,21,9,1217,1269,52,-0.8265897491271886,0.5628049276950685
Train,Route_20,Station_44,Station_8,Snow,Unknown / Missing Event,Winter,Friday,16.4,93,51,6.3,1,0,0,500,6.2166061010848646,1,2023,1,13,4,0,1,7,32,8,4,452,484,32,0.9205048534524404,-0.3907311284892736
Tram,Route_8,Station_1,Station_50,Fog,Unknown / Missing Event,Spring,Saturday,31.7,91,55,0.9,37,0,0,10000,9.210440366976517,1,2023,1,21,5,1,1,9,49,10,28,589,628,39,0.540974471367994,-0.8410390129643924
Bus,Route_2,Station_31,Station_11,Fog,Unknown / Missing Event,Summer,Friday,7.8,49,57,17.9,78,1,0,0,0.0,0,2023,1,13,4,0,1,1,46,2,41,106,161,55,0.44619781310980877,0.8949343616020251
Metro,Route_9,Station_10,Station_44,Snow,Sports,Spring,Sunday,32.5,30,38,3.5,9,0,0,0,0.0,0,2023,1,8,6,1,1,12,15,12,43,735,763,28,-0.06540312923014287,-0.9978589232386035
Metro,Route_14,Station_24,Station_29,Rain,Unknown / Missing Event,Autumn,Monday,2.5,44,29,16.7,47,0,1,0,0.0,0,2023,1,16,0,0,1,13,34,14,18,814,858,44,-0.3987490689252463,-0.917060074385124
Tram,Route_20,Station_19,Station_27,Clear,Sports,Summer,Tuesday,2.3,81,23,7.0,24,0,0,0,0.0,0,2023,1,17,1,0,1,0,2,0,46,2,46,44,0.008726535498373935,0.9999619230641713
Train,Route_13,Station_9,Station_16,Clear,Unknown / Missing Event,Autumn,Wednesday,17.2,30,15,17.9,12,0,1,0,0.0,0,2023,1,18,2,0,1,6,45,7,27,405,447,42,0.9807852804032305,-0.19509032201612797
Metro,Route_3,Station_39,Station_32,Storm,Festival,Summer,Tuesday,20.0,35,6,13.2,77,0,0,0,0.0,0,2023,1,17,1,0,1,22,2,22,20,1322,1340,18,-0.4924235601034673,0.8703556959398996
Metro,Route_13,Station_28,Station_23,Clear,Parade,Spring,Tuesday,0.3,92,0,5.4,97,0,1,0,0.0,0,2023,1,10,1,0,1,13,15,14,2,795,842,47,-0.3214394653031611,-0.9469301294951058
Train,Route_12,Station_17,Station_35,Storm,Festival,Spring,Sunday,7.0,84,51,5.5,72,0,1,0,0.0,0,2023,1,1,6,1,1,22,34,22,58,1354,1378,24,-0.36650122672429725,0.9304175679820246
Metro,Route_13,Station_1,Station_40,Fog,Concert,Autumn,Thursday,11.2,33,29,2.0,98,0,0,0,0.0,0,2023,1,5,3,0,1,10,19,10,57,619,657,38,0.42656873990145816,-0.9044551454543681
Train,Route_8,Station_32,Station_36,Cloudy,Concert,Winter,Tuesday,22.4,55,33,12.2,6,1,0,0,0.0,0,2023,1,3,1,0,1,0,47,1,34,47,94,47,0.2036417511401775,0.9790454724845838
Metro,Route_2,Station_36,Station_10,Storm,Unknown / Missing Event,Winter,Monday,5.2,40,27,3.9,20,0,0,2000,7.601402334583733,1,2023,1,9,0,0,1,6,18,6,41,378,401,23,0.996917333733128,-0.07845909572784487
Train,Route_7,Station_39,Station_20,Clear,Unknown / Missing Event,Spring,Tuesday,19.2,58,20,1.3,34,0,0,2000,7.601402334583733,1,2023,1,10,1,0,1,23,30,0,15,1410,15,45,-0.13052619222005168,0.9914448613738104
Train,Route_2,Station_6,Station_2,Clear,Concert,Spring,Wednesday,33.1,57,41,10.2,49,0,0,10000,9.210440366976517,1,2023,1,4,2,0,1,12,46,13,27,766,807,41,-0.19936793441719658,-0.9799247046208297
Bus,Route_12,Station_50,Station_46,Cloudy,Unknown / Missing Event,Spring,Monday,3.0,51,36,12.8,48,0,0,0,0.0,0,2023,1,9,0,0,1,9,16,9,50,556,590,34,0.6560590289905073,-0.754709580222772
Metro,Route_15,Station_6,Station_36,Snow,Unknown / Missing Event,Autumn,Saturday,25.2,66,25,14.8,36,1,0,2000,7.601402334583733,1,2023,1,7,5,1,1,13,18,14,1,798,841,43,-0.3338068592337705,-0.9426414910921785
Metro,Route_11,Station_9,Station_10,Rain,Unknown / Missing Event,Autumn,Thursday,32.2,92,40,5.3,96,0,0,0,0.0,0,2023,1,19,3,0,1,9,33,10,20,573,620,47,0.5983246005706592,-0.8012538126910606
Tram,Route_11,Station_14,Station_2,Fog,Festival,Summer,Thursday,33.9,63,31,17.7,28,0,0,0,0.0,0,2023,1,12,3,0,1,5,17,5,52,317,352,35,0.9824503977255098,0.18652403600873457
Bus,Route_4,Station_19,Station_37,Fog,Concert,Summer,Monday,25.1,99,14,15.0,13,0,0,0,0.0,0,2023,1,9,0,0,1,5,30,6,19,330,379,49,0.9914448613738104,0.1305261922200517
Train,Route_15,Station_48,Station_24,Cloudy,Unknown / Missing Event,Autumn,Sunday,20.5,83,29,0.2,0,0,1,0,0.0,0,2023,1,8,6,1,1,0,33,1,22,33,82,49,0.14349262199117932,0.9896513868196702
Train,Route_18,Station_2,Station_5,Cloudy,Festival,Winter,Wednesday,19.7,71,47,7.9,7,0,0,0,0.0,0,2023,1,4,2,0,1,23,46,0,9,1426,9,23,-0.061048539534856866,0.9981347984218669
Tram,Route_17,Station_22,Station_6,Snow,Festival,Autumn,Wednesday,11.1,81,35,7.3,86,0,0,0,0.0,0,2023,1,18,2,0,1,22,34,23,7,1354,1387,33,-0.36650122672429725,0.9304175679820246
Tram,Route_18,Station_47,Station_47,Rain,Concert,Autumn,Friday,30.4,42,9,5.7,1,0,1,0,0.0,0,2023,1,6,4,0,1,13,49,14,28,829,868,39,-0.4578739151169568,-0.8890171414857364
Bus,Route_15,Station_7,Station_41,Fog,Protest,Spring,Thursday,15.1,85,22,19.6,74,0,0,0,0.0,0,2023,1,5,3,0,1,5,4,5,38,304,338,34,0.9702957262759965,0.2419218955996679
Metro,Route_17,Station_18,Station_22,Rain,Unknown / Missing Event,Summer,Monday,17.5,74,21,5.3,57,0,0,10000,9.210440366976517,1,2023,1,2,0,0,1,0,46,1,10,46,70,24,0.19936793441719716,0.9799247046208296
Train,Route_16,Station_17,Station_36,Snow,Concert,Summer,Friday,21.9,32,22,4.7,36,0,0,0,0.0,0,2023,1,20,4,0,1,18,16,18,45,1096,1125,29,-0.9975640502598243,0.06975647374412522
Bus,Route_9,Station_34,Station_9,Storm,Protest,Spring,Wednesday,-5.0,49,52,18.0,90,0,0,0,0.0,0,2023,1,11,2,0,1,10,45,11,8,645,668,23,0.32143946530316175,-0.9469301294951056
Tram,Route_13,Station_7,Station_22,Cloudy,Protest,Spring,Sunday,-2.9,32,46,14.2,46,0,0,10000,9.210440366976517,1,2023,1,8,6,1,1,11,46,12,28,706,748,42,0.06104853953485719,-0.9981347984218669
Train,Route_2,Station_16,Station_13,Storm,Unknown / Missing Event,Spring,Monday,10.2,47,15,16.5,19,0,0,0,0.0,0,2023,1,9,0,0,1,19,45,20,21,1185,1221,36,-0.8968727415326884,0.442288690219001
Metro,Route_12,Station_47,Station_9,Cloudy,Unknown / Missing Event,Autumn,Sunday,9.1,83,45,12.2,56,0,0,0,0.0,0,2023,1,1,6,1,1,16,31,17,21,991,1041,50,-0.9255405040175664,-0.378648617352433
Bus,Route_10,Station_7,Station_19,Clear,Unknown / Missing Event,Autumn,Friday,20.5,49,46,3.7,33,0,0,500,6.2166061010848646,1,2023,1,6,4,0,1,7,17,8,7,437,487,50,0.9440890203927843,-0.3296906452627872
Train,Route_12,Station_17,Station_43,Rain,Unknown / Missing Event,Autumn,Wednesday,14.8,53,3,14.9,69,0,0,2000,7.601402334583733,1,2023,1,4,2,0,1,6,19,6,52,379,412,33,0.9965655024977614,-0.08280820751220423
Bus,Route_16,Station_20,Station_5,Clear,Festival,Spring,Thursday,2.7,67,28,14.0,67,1,0,500,6.2166061010848646,1,2023,1,5,3,0,1,6,1,6,46,361,406,45,0.9999904807207345,-0.00436330928474646
Metro,Route_19,Station_29,Station_24,Rain,Sports,Spring,Wednesday,6.0,82,12,16.0,6,0,0,0,0.0,0,2023,1,18,2,0,1,14,15,15,3,855,903,48,-0.5555702330196023,-0.8314696123025452
Metro,Route_3,Station_36,Station_9,Storm,Sports,Spring,Saturday,31.2,45,19,2.1,90,0,0,0,0.0,0,2023,1,21,5,1,1,7,0,7,45,420,465,45,0.9659258262890683,-0.25881904510252085
Metro,Route_6,Station_21,Station_2,Clear,Unknown / Missing Event,Spring,Thursday,-0.4,37,56,5.9,76,0,0,0,0.0,0,2023,1,19,3,0,1,18,33,19,5,1113,1145,32,-0.9896513868196702,0.14349262199117904
Bus,Route_13,Station_39,Station_32,Snow,Unknown / Missing Event,Spring,Monday,1.4,51,7,0.6,88,1,0,10000,9.210440366976517,1,2023,1,9,0,0,1,15,18,16,0,918,960,42,-0.7604059656000306,-0.6494480483301841
Bus,Route_13,Station_10,Station_29,Rain,Parade,Winter,Friday,12.2,54,4,10.9,44,0,1,500,6.2166061010848646,1,2023,1,13,4,0,1,7,19,8,9,439,489,50,0.9411760152563707,-0.3379167180033268
Bus,Route_9,Station_11,Station_22,Clear,Parade,Autumn,Monday,12.6,81,43,16.2,63,0,0,0,0.0,0,2023,1,16,0,0,1,5,4,5,34,304,334,30,0.9702957262759965,0.2419218955996679
Tram,Route_4,Station_5,Station_50,Clear,Unknown / Missing Event,Winter,Tuesday,21.7,47,35,13.4,67,0,0,2000,7.601402334583733,1,2023,1,3,1,0,1,21,46,22,27,1306,1347,41,-0.5519369853120577,0.8338858220671685
Tram,Route_4,Station_31,Station_2,Rain,Festival,Autumn,Saturday,12.6,33,10,11.3,40,0,0,50000,10.819798284210286,1,2023,1,14,5,1,1,3,31,3,57,211,237,26,0.796002002534622,0.6052939880428944
Tram,Route_12,Station_25,Station_9,Clear,Festival,Summer,Saturday,-4.5,55,11,0.6,57,0,1,0,0.0,0,2023,1,14,5,1,1,13,17,13,44,797,824,27,-0.32969064526278713,-0.9440890203927843
Bus,Route_7,Station_24,Station_26,Cloudy,Protest,Autumn,Monday,31.5,93,24,1.9,41,0,1,0,0.0,0,2023,1,16,0,0,1,10,0,10,20,600,620,20,0.49999999999999994,-0.8660254037844387
Train,Route_6,Station_48,Station_15,Rain,Protest,Winter,Saturday,-2.8,96,18,12.1,62,0,1,500,6.2166061010848646,1,2023,1,21,5,1,1,11,45,12,25,705,745,40,0.06540312923014312,-0.9978589232386035
Train,Route_15,Station_25,Station_18,Cloudy,Unknown / Missing Event,Summer,Tuesday,-4.2,61,54,0.5,6,0,1,0,0.0,0,2023,1,10,1,0,1,17,47,18,37,1067,1117,50,-0.9983916705573488,-0.056692787563377714
Bus,Route_11,Station_49,Station_4,Storm,Unknown / Missing Event,Winter,Wednesday,7.1,30,7,1.6,80,0,0,0,0.0,0,2023,1,11,2,0,1,19,47,20,37,1187,1237,50,-0.892978943411137,0.45009844103743507
Bus,Route_18,Station_24,Station_25,Fog,Unknown / Missing Event,Winter,Friday,-0.8,38,5,14.9,3,0,1,2000,7.601402334583733,1,2023,1,6,4,0,1,22,31,23,4,1351,1384,33,-0.37864861735243305,0.9255405040175664
Metro,Route_6,Station_28,Station_36,Clear,Unknown / Missing Event,Spring,Monday,29.8,92,12,16.1,33,0,0,50000,10.819798284210286,1,2023,1,2,0,0,1,21,49,22,39,1309,1359,50,-0.5409744713679948,0.8410390129643919
Bus,Route_20,Station_14,Station_8,Clear,Unknown / Missing Event,Spring,Tuesday,10.8,45,59,0.3,54,0,0,0,0.0,0,2023,1,10,1,0,1,10,19,10,50,619,650,31,0.42656873990145816,-0.9044551454543681
Metro,Route_3,Station_3,Station_6,Storm,Unknown / Missing Event,Summer,Thursday,-2.4,73,36,4.0,14,0,0,500,6.2166061010848646,1,2023,1,5,3,0,1,1,47,2,6,107,126,19,0.45009844103743496,0.892978943411137
Bus,Route_17,Station_10,Station_1,Rain,Concert,Autumn,Monday,28.3,43,43,16.7,84,0,1,0,0.0,0,2023,1,9,0,0,1,6,4,6,38,364,398,34,0.9998476951563913,-0.017452406437283477
Bus,Route_19,Station_1,Station_30,Fog,Unknown / Missing Event,Winter,Sunday,17.3,98,57,3.2,95,0,0,50000,10.819798284210286,1,2023,1,15,6,1,1,1,15,2,7,75,127,52,0.3214394653031616,0.9469301294951057
Metro,Route_11,Station_12,Station_7,Storm,Festival,Spring,Saturday,0.4,47,12,4.3,12,0,0,0,0.0,0,2023,1,7,5,1,1,22,4,22,51,1324,1371,47,-0.4848096202463369,0.8746197071393959
Tram,Route_3,Station_17,Station_40,Clear,Unknown / Missing Event,Spring,Wednesday,0.3,53,5,18.0,12,0,1,500,6.2166061010848646,1,2023,1,18,2,0,1,20,17,20,56,1217,1256,39,-0.8265897491271886,0.5628049276950685
Bus,Route_17,Station_16,Station_28,Cloudy,Unknown / Missing Event,Winter,Saturday,30.6,57,27,17.8,45,0,0,0,0.0,0,2023,1,7,5,1,1,15,4,15,45,904,945,41,-0.7193398003386509,-0.6946583704589975
Bus,Route_14,Station_44,Station_8,Clear,Unknown / Missing Event,Autumn,Wednesday,6.0,51,12,14.3,31,0,1,500,6.2166061010848646,1,2023,1,18,2,0,1,5,30,5,51,330,351,21,0.9914448613738104,0.1305261922200517
Metro,Route_9,Station_25,Station_40,Clear,Unknown / Missing Event,Summer,Tuesday,27.0,94,5,8.1,48,0,1,10000,9.210440366976517,1,2023,1,10,1,0,1,18,30,18,57,1110,1137,27,-0.9914448613738104,0.13052619222005213
Train,Route_7,Station_6,Station_38,Clear,Festival,Winter,Sunday,-0.7,77,25,13.2,38,0,1,50000,10.819798284210286,1,2023,1,8,6,1,1,8,33,9,6,513,546,33,0.7853169308807448,-0.6190939493098341
Metro,Route_8,Station_27,Station_26,Snow,Unknown / Missing Event,Spring,Tuesday,7.2,84,49,4.6,43,0,0,0,0.0,0,2023,1,17,1,0,1,19,47,20,7,1187,1207,20,-0.892978943411137,0.45009844103743507
Train,Route_1,Station_13,Station_37,Fog,Unknown / Missing Event,Spring,Saturday,16.9,90,20,1.7,94,0,0,10000,9.210440366976517,1,2023,1,21,5,1,1,3,48,4,13,228,253,25,0.8386705679454239,0.5446390350150272
Tram,Route_14,Station_13,Station_9,Cloudy,Unknown / Missing Event,Winter,Wednesday,20.7,52,19,19.8,92,0,0,500,6.2166061010848646,1,2023,1,11,2,0,1,19,15,19,54,1155,1194,39,-0.9469301294951057,0.3214394653031615
Tram,Route_16,Station_36,Station_20,Storm,Unknown / Missing Event,Autumn,Tuesday,11.7,54,37,0.8,15,0,0,10000,9.210440366976517,1,2023,1,3,1,0,1,2,48,3,7,168,187,19,0.6691306063588582,0.7431448254773942
Train,Route_15,Station_19,Station_41,Clear,Festival,Spring,Thursday,26.7,86,51,19.5,89,0,0,10000,9.210440366976517,1,2023,1,12,3,0,1,14,46,15,7,886,907,21,-0.6626200482157372,-0.7489557207890024
Bus,Route_14,Station_27,Station_43,Rain,Unknown / Missing Event,Summer,Friday,19.8,38,37,15.3,4,0,1,0,0.0,0,2023,1,6,4,0,1,1,47,2,34,107,154,47,0.45009844103743496,0.892978943411137
Train,Route_13,Station_7,Station_24,Snow,Concert,Summer,Thursday,11.4,91,17,9.3,38,0,1,0,0.0,0,2023,1,12,3,0,1,23,31,23,58,1411,1438,27,-0.12619896913583012,0.992004949679715
Bus,Route_6,Station_47,Station_42,Rain,Concert,Autumn,Tuesday,-2.8,62,31,7.1,86,0,1,2000,7.601402334583733,1,2023,1,3,1,0,1,19,45,20,18,1185,1218,33,-0.8968727415326884,0.442288690219001
Bus,Route_1,Station_8,Station_16,Storm,Concert,Summer,Thursday,11.2,88,39,7.3,23,0,0,10000,9.210440366976517,1,2023,1,12,3,0,1,20,19,20,35,1219,1235,16,-0.821646937942164,0.5699967625963025
Metro,Route_8,Station_17,Station_10,Fog,Unknown / Missing Event,Summer,Thursday,13.4,87,17,2.5,89,0,1,0,0.0,0,2023,1,12,3,0,1,0,4,0,35,4,35,31,0.01745240643728351,0.9998476951563913
Bus,Route_4,Station_39,Station_27,Clear,Unknown / Missing Event,Winter,Thursday,30.5,48,47,6.1,57,0,0,2000,7.601402334583733,1,2023,1,5,3,0,1,22,32,23,29,1352,1409,57,-0.37460659341591235,0.9271838545667873
Tram,Route_12,Station_43,Station_12,Clear,Unknown / Missing Event,Summer,Wednesday,3.2,84,58,6.9,88,0,1,50000,10.819798284210286,1,2023,1,4,2,0,1,18,4,18,55,1084,1135,51,-0.9998476951563913,0.01745240643728313
Train,Route_10,Station_6,Station_11,Clear,Festival,Summer,Sunday,9.5,97,6,0.1,69,0,0,0,0.0,0,2023,1,1,6,1,1,13,30,13,54,810,834,24,-0.3826834323650892,-0.923879532511287
Metro,Route_7,Station_37,Station_34,Snow,Unknown / Missing Event,Spring,Thursday,17.6,61,2,14.4,57,0,0,0,0.0,0,2023,1,12,3,0,1,22,32,22,54,1352,1374,22,-0.37460659341591235,0.9271838545667873
Train,Route_15,Station_38,Station_3,Cloudy,Unknown / Missing Event,Autumn,Tuesday,22.0,54,57,0.5,5,0,0,0,0.0,0,2023,1,3,1,0,1,23,16,23,49,1396,1429,33,-0.19080899537654467,0.981627183447664
Train,Route_11,Station_13,Station_20,Storm,Sports,Winter,Wednesday,-2.1,60,55,13.4,30,0,0,0,0.0,0,2023,1,11,2,0,1,21,32,22,22,1292,1342,50,-0.6018150231520483,0.7986355100472928
Metro,Route_17,Station_18,Station_11,Cloudy,Festival,Winter,Saturday,29.5,32,12,18.1,40,0,0,0,0.0,0,2023,1,21,5,1,1,2,30,3,1,150,181,31,0.6087614290087207,0.7933533402912352
Metro,Route_1,Station_30,Station_21,Storm,Unknown / Missing Event,Spring,Sunday,22.1,53,18,18.2,40,0,1,0,0.0,0,2023,1,15,6,1,1,20,17,21,2,1217,1262,45,-0.8265897491271886,0.5628049276950685
Metro,Route_5,Station_11,Station_47,Rain,Concert,Spring,Monday,10.8,74,13,18.2,91,0,0,0,0.0,0,2023,1,2,0,0,1,5,19,5,54,319,354,35,0.9840406976462909,0.17794354547384178
Tram,Route_13,Station_41,Station_42,Rain,Parade,Winter,Thursday,9.2,45,38,15.0,19,0,1,50000,10.819798284210286,1,2023,1,19,3,0,1,13,34,13,50,814,830,16,-0.3987490689252463,-0.917060074385124
Tram,Route_16,Station_8,Station_45,Storm,Unknown / Missing Event,Winter,Tuesday,2.7,36,14,18.3,36,0,1,500,6.2166061010848646,1,2023,1,17,1,0,1,6,4,6,41,364,401,37,0.9998476951563913,-0.017452406437283477
Bus,Route_13,Station_21,Station_14,Clear,Festival,Summer,Sunday,-1.7,70,17,6.2,85,0,0,0,0.0,0,2023,1,1,6,1,1,20,47,21,6,1247,1266,19,-0.7460573750616997,0.6658816660008341
Tram,Route_2,Station_16,Station_1,Storm,Parade,Winter,Saturday,-4.6,75,49,19.3,81,0,1,0,0.0,0,2023,1,21,5,1,1,13,4,13,24,784,804,20,-0.275637355816999,-0.9612616959383189
Train,Route_10,Station_27,Station_40,Snow,Unknown / Missing Event,Winter,Thursday,16.7,79,56,6.5,5,0,0,0,0.0,0,2023,1,5,3,0,1,0,33,1,12,33,72,39,0.14349262199117932,0.9896513868196702
Tram,Route_12,Station_21,Station_43,Cloudy,Concert,Winter,Tuesday,21.4,62,58,14.6,88,0,0,0,0.0,0,2023,1,10,1,0,1,13,31,14,8,811,848,37,-0.38671096163682067,-0.9222009716704518
Metro,Route_8,Station_50,Station_32,Cloudy,Unknown / Missing Event,Winter,Monday,-3.1,78,58,2.5,52,0,1,50000,10.819798284210286,1,2023,1,9,0,0,1,14,15,14,37,855,877,22,-0.5555702330196023,-0.8314696123025452
Tram,Route_20,Station_19,Station_2,Storm,Unknown / Missing Event,Spring,Wednesday,17.6,48,24,2.5,25,0,1,2000,7.601402334583733,1,2023,1,4,2,0,1,11,32,11,58,692,718,26,0.12186934340514755,-0.992546151641322
Train,Route_9,Station_41,Station_46,Cloudy,Unknown / Missing Event,Winter,Tuesday,12.3,44,51,14.6,64,0,0,50000,10.819798284210286,1,2023,1,3,1,0,1,13,16,13,47,796,827,31,-0.32556815445715676,-0.9455185755993167
Bus,Route_17,Station_18,Station_23,Storm,Unknown / Missing Event,Autumn,Friday,18.4,97,16,8.5,37,0,0,0,0.0,0,2023,1,20,4,0,1,0,47,1,24,47,84,37,0.2036417511401775,0.9790454724845838
Tram,Route_19,Station_47,Station_24,Storm,Protest,Summer,Wednesday,3.2,32,51,0.8,48,0,1,0,0.0,0,2023,1,4,2,0,1,17,16,17,58,1036,1078,42,-0.9816271834476639,-0.19080899537654547
Train,Route_15,Station_9,Station_29,Cloudy,Concert,Autumn,Saturday,17.3,70,35,3.0,93,0,0,0,0.0,0,2023,1,7,5,1,1,2,19,3,5,139,185,46,0.569996762596303,0.8216469379421637
Bus,Route_2,Station_6,Station_1,Fog,Parade,Autumn,Saturday,12.9,42,46,1.8,37,0,1,0,0.0,0,2023,1,7,5,1,1,11,1,11,33,661,693,32,0.2546019482055277,-0.9670459389139431
Tram,Route_14,Station_17,Station_1,Fog,Unknown / Missing Event,Autumn,Sunday,8.5,41,56,3.4,69,0,0,0,0.0,0,2023,1,15,6,1,1,4,2,4,58,242,298,56,0.8703556959398997,0.4924235601034671
Tram,Route_11,Station_6,Station_40,Fog,Sports,Autumn,Monday,4.3,74,57,15.9,23,0,0,2000,7.601402334583733,1,2023,1,2,0,0,1,9,31,9,55,571,595,24,0.6052939880428945,-0.796002002534622
Tram,Route_2,Station_50,Station_50,Rain,Sports,Summer,Sunday,-3.3,72,11,12.7,62,0,1,500,6.2166061010848646,1,2023,1,15,6,1,1,5,2,5,31,302,331,29,0.9681476403781077,0.2503800040544415
Tram,Route_11,Station_5,Station_8,Clear,Parade,Summer,Saturday,27.4,86,54,4.9,17,0,1,0,0.0,0,2023,1,7,5,1,1,12,31,12,56,751,776,25,-0.13485093027372247,-0.9908658973868824
Train,Route_11,Station_13,Station_1,Snow,Unknown / Missing Event,Autumn,Sunday,15.1,93,37,19.5,2,0,0,0,0.0,0,2023,1,15,6,1,1,9,2,9,54,542,594,52,0.700909264299851,-0.7132504491541815
Bus,Route_17,Station_19,Station_10,Storm,Unknown / Missing Event,Spring,Sunday,29.0,92,6,2.4,69,0,1,2000,7.601402334583733,1,2023,1,8,6,1,1,17,48,18,8,1068,1088,20,-0.9986295347545738,-0.052335956242944306
Tram,Route_6,Station_30,Station_16,Clear,Unknown / Missing Event,Autumn,Saturday,22.9,37,3,13.9,10,0,0,0,0.0,0,2023,1,14,5,1,1,7,49,8,37,469,517,48,0.8890171414857366,-0.45787391511695646
Train,Route_11,Station_43,Station_41,Cloudy,Unknown / Missing Event,Autumn,Saturday,20.8,44,10,0.9,8,0,0,0,0.0,0,2023,1,21,5,1,1,9,15,10,13,555,613,58,0.6593458151000686,-0.7518398074789776
Bus,Route_8,Station_17,Station_47,Snow,Unknown / Missing Event,Autumn,Friday,5.0,46,8,14.4,24,1,0,10000,9.210440366976517,1,2023,1,20,4,0,1,18,45,19,33,1125,1173,48,-0.9807852804032304,0.1950903220161283
Metro,Route_9,Station_31,Station_35,Snow,Unknown / Missing Event,Autumn,Monday,17.9,87,33,19.9,93,0,0,0,0.0,0,2023,1,2,0,0,1,3,49,4,14,229,254,25,0.8410390129643924,0.540974471367994
Tram,Route_18,Station_20,Station_11,Snow,Unknown / Missing Event,Winter,Thursday,3.0,53,15,9.7,68,0,0,2000,7.601402334583733,1,2023,1,19,3,0,1,19,0,19,43,1140,1183,43,-0.9659258262890682,0.25881904510252113
Metro,Route_14,Station_3,Station_46,Cloudy,Unknown / Missing Event,Autumn,Tuesday,21.0,37,2,14.5,22,0,1,0,0.0,0,2023,1,10,1,0,1,10,1,10,50,601,650,49,0.49621650367520803,-0.8681988144891424
Bus,Route_19,Station_48,Station_44,Storm,Concert,Autumn,Thursday,-2.0,77,3,11.7,52,0,0,0,0.0,0,2023,1,19,3,0,1,23,15,23,51,1395,1431,36,-0.19509032201612872,0.9807852804032303
Tram,Route_17,Station_43,Station_5,Snow,Unknown / Missing Event,Summer,Monday,-1.9,65,16,5.3,39,0,0,0,0.0,0,2023,1,2,0,0,1,11,48,12,30,708,750,42,0.05233595624294381,-0.9986295347545738
Train,Route_20,Station_46,Station_14,Rain,Parade,Autumn,Monday,8.9,61,20,15.7,8,0,0,10000,9.210440366976517,1,2023,1,16,0,0,1,13,16,13,47,796,827,31,-0.32556815445715676,-0.9455185755993167
Bus,Route_19,Station_18,Station_31,Clear,Unknown / Missing Event,Spring,Thursday,22.0,37,58,2.2,77,0,0,0,0.0,0,2023,1,12,3,0,1,8,31,9,5,511,545,34,0.7906895737438435,-0.6122172800344491
Train,Route_5,Station_44,Station_12,Snow,Unknown / Missing Event,Autumn,Saturday,21.8,99,57,8.5,5,0,0,0,0.0,0,2023,1,21,5,1,1,4,17,4,39,257,279,22,0.9006982393225879,0.43444525740441714
Train,Route_14,Station_48,Station_50,Snow,Festival,Winter,Thursday,10.5,44,39,3.9,29,0,1,0,0.0,0,2023,1,12,3,0,1,8,48,9,16,528,556,28,0.7431448254773942,-0.6691306063588582
Tram,Route_2,Station_13,Station_25,Snow,Unknown / Missing Event,Summer,Tuesday,8.0,57,0,11.8,14,0,0,50000,10.819798284210286,1,2023,1,17,1,0,1,4,34,5,18,274,318,44,0.9304175679820246,0.3665012267242973
Tram,Route_6,Station_6,Station_42,Rain,Concert,Summer,Wednesday,27.2,48,57,17.6,22,0,1,2000,7.601402334583733,1,2023,1,4,2,0,1,4,18,4,50,258,290,32,0.9025852843498605,0.43051109680829525
Metro,Route_12,Station_3,Station_39,Cloudy,Unknown / Missing Event,Autumn,Monday,16.0,78,22,9.0,65,0,0,2000,7.601402334583733,1,2023,1,9,0,0,1,19,4,19,47,1144,1187,43,-0.9612616959383188,0.2756373558169994
Bus,Route_8,Station_16,Station_21,Clear,Sports,Summer,Sunday,3.0,37,51,8.1,23,0,1,0,0.0,0,2023,1,8,6,1,1,13,15,13,59,795,839,44,-0.3214394653031611,-0.9469301294951058
Train,Route_4,Station_37,Station_33,Snow,Concert,Spring,Tuesday,22.2,89,39,2.8,76,0,1,10000,9.210440366976517,1,2023,1,17,1,0,1,3,49,4,24,229,264,35,0.8410390129643924,0.540974471367994
Bus,Route_17,Station_43,Station_18,Storm,Unknown / Missing Event,Autumn,Monday,24.0,88,28,17.1,65,0,0,0,0.0,0,2023,1,9,0,0,1,13,34,13,54,814,834,20,-0.3987490689252463,-0.917060074385124
Train,Route_4,Station_45,Station_48,Rain,Unknown / Missing Event,Spring,Friday,19.5,82,20,10.2,29,0,0,0,0.0,0,2023,1,6,4,0,1,5,17,6,5,317,365,48,0.9824503977255098,0.18652403600873457
Tram,Route_3,Station_3,Station_13,Snow,Sports,Summer,Wednesday,29.3,71,57,1.3,2,0,1,0,0.0,0,2023,1,4,2,0,1,3,46,4,29,226,269,43,0.8338858220671681,0.5519369853120583
Train,Route_15,Station_12,Station_32,Fog,Unknown / Missing Event,Autumn,Wednesday,11.4,58,45,8.5,75,0,0,50000,10.819798284210286,1,2023,1,4,2,0,1,10,17,10,46,617,646,29,0.4344452574044172,-0.9006982393225879
Bus,Route_2,Station_26,Station_13,Rain,Festival,Spring,Saturday,2.9,70,44,2.9,83,0,0,0,0.0,0,2023,1,21,5,1,1,0,30,1,10,30,70,40,0.13052619222005157,0.9914448613738104
Train,Route_7,Station_13,Station_49,Rain,Festival,Summer,Tuesday,29.3,33,2,1.1,45,0,1,10000,9.210440366976517,1,2023,1,17,1,0,1,15,32,16,12,932,972,40,-0.7986355100472928,-0.6018150231520483
Metro,Route_10,Station_27,Station_9,Snow,Unknown / Missing Event,Autumn,Sunday,10.6,46,32,11.5,15,0,0,0,0.0,0,2023,1,8,6,1,1,15,32,16,1,932,961,29,-0.7986355100472928,-0.6018150231520483
Bus,Route_7,Station_29,Station_45,Rain,Sports,Spring,Wednesday,28.3,57,37,2.3,95,0,0,2000,7.601402334583733,1,2023,1,11,2,0,1,3,2,3,53,182,233,51,0.7132504491541816,0.7009092642998509
Train,Route_11,Station_15,Station_18,Clear,Unknown / Missing Event,Summer,Wednesday,33.8,51,31,18.5,22,0,0,0,0.0,0,2023,1,11,2,0,1,13,4,13,36,784,816,32,-0.275637355816999,-0.9612616959383189
Tram,Route_18,Station_19,Station_22,Clear,Unknown / Missing Event,Spring,Saturday,8.4,47,9,7.7,17,0,1,10000,9.210440366976517,1,2023,1,14,5,1,1,14,1,14,26,841,866,25,-0.5037739770455262,-0.8638355052043958
Train,Route_5,Station_38,Station_43,Fog,Unknown / Missing Event,Summer,Monday,11.9,54,3,16.1,2,0,1,0,0.0,0,2023,1,2,0,0,1,5,2,5,39,302,339,37,0.9681476403781077,0.2503800040544415
Tram,Route_6,Station_37,Station_23,Clear,Sports,Summer,Friday,32.4,61,1,10.5,76,0,1,10000,9.210440366976517,1,2023,1,6,4,0,1,20,30,21,16,1230,1276,46,-0.7933533402912352,0.6087614290087205
Bus,Route_5,Station_44,Station_43,Fog,Unknown / Missing Event,Autumn,Tuesday,24.3,81,13,18.4,36,0,0,10000,9.210440366976517,1,2023,1,3,1,0,1,14,2,14,29,842,869,27,-0.5075383629607039,-0.8616291604415259
Metro,Route_1,Station_47,Station_20,Fog,Festival,Autumn,Wednesday,-0.7,75,27,11.2,53,0,0,0,0.0,0,2023,1,18,2,0,1,7,3,7,53,423,473,50,0.9624552364536473,-0.2714404498650742
Tram,Route_3,Station_37,Station_28,Storm,Concert,Autumn,Friday,-1.0,99,18,16.9,44,0,0,0,0.0,0,2023,1,6,4,0,1,6,33,7,21,393,441,48,0.9896513868196702,-0.14349262199117915
Metro,Route_17,Station_22,Station_10,Storm,Concert,Winter,Thursday,11.5,93,11,5.0,1,0,0,50000,10.819798284210286,1,2023,1,19,3,0,1,19,31,20,18,1171,1218,47,-0.9222009716704518,0.3867109616368206
Metro,Route_19,Station_42,Station_2,Fog,Protest,Spring,Thursday,34.4,32,10,5.2,28,1,0,0,0.0,0,2023,1,5,3,0,1,19,48,20,41,1188,1241,53,-0.891006524188368,0.45399049973954664
Metro,Route_18,Station_13,Station_48,Fog,Unknown / Missing Event,Winter,Friday,4.3,37,26,12.9,23,0,0,0,0.0,0,2023,1,13,4,0,1,14,15,14,39,855,879,24,-0.5555702330196023,-0.8314696123025452
Train,Route_8,Station_18,Station_50,Clear,Parade,Spring,Tuesday,-4.6,84,57,0.6,24,0,0,50000,10.819798284210286,1,2023,1,17,1,0,1,1,1,1,26,61,86,25,0.2630312144579748,0.964787323828813
Metro,Route_1,Station_30,Station_36,Rain,Concert,Summer,Sunday,6.3,75,33,5.4,69,0,1,0,0.0,0,2023,1,15,6,1,1,22,16,23,11,1336,1391,55,-0.438371146789077,0.8987940462991671
Train,Route_9,Station_1,Station_37,Rain,Sports,Summer,Thursday,8.7,90,16,4.2,77,0,1,0,0.0,0,2023,1,19,3,0,1,2,33,2,54,153,174,21,0.619093949309834,0.785316930880745
Metro,Route_17,Station_33,Station_26,Storm,Unknown / Missing Event,Winter,Tuesday,2.1,35,48,4.2,81,0,0,10000,9.210440366976517,1,2023,1,10,1,0,1,21,47,22,30,1307,1350,43,-0.5482932295199143,0.8362861558477592
Train,Route_1,Station_12,Station_38,Snow,Concert,Winter,Saturday,3.4,39,57,13.2,64,0,0,0,0.0,0,2023,1,7,5,1,1,4,19,5,10,259,310,51,0.9044551454543679,0.4265687399014585
Tram,Route_14,Station_18,Station_33,Cloudy,Unknown / Missing Event,Summer,Saturday,9.1,57,38,18.0,6,0,0,2000,7.601402334583733,1,2023,1,21,5,1,1,20,46,21,20,1246,1280,34,-0.7489557207890021,0.6626200482157375
Train,Route_1,Station_42,Station_34,Storm,Concert,Autumn,Friday,12.4,77,39,5.0,71,1,0,0,0.0,0,2023,1,20,4,0,1,14,18,15,14,858,914,56,-0.5664062369248329,-0.8241261886220156
Metro,Route_19,Station_5,Station_24,Clear,Unknown / Missing Event,Spring,Friday,31.9,51,45,17.0,58,0,0,0,0.0,0,2023,1,20,4,0,1,4,34,5,4,274,304,30,0.9304175679820246,0.3665012267242973
Tram,Route_16,Station_11,Station_24,Rain,Parade,Summer,Tuesday,22.2,83,9,13.8,3,0,0,0,0.0,0,2023,1,3,1,0,1,12,4,12,47,724,767,43,-0.017452406437283192,-0.9998476951563913
Metro,Route_6,Station_33,Station_29,Rain,Parade,Summer,Saturday,-0.1,76,30,13.7,92,0,1,0,0.0,0,2023,1,14,5,1,1,1,48,2,20,108,140,32,0.45399049973954675,0.8910065241883679
Tram,Route_6,Station_8,Station_30,Snow,Unknown / Missing Event,Winter,Friday,0.8,92,32,7.0,26,0,0,2000,7.601402334583733,1,2023,1,20,4,0,1,21,1,21,28,1261,1288,27,-0.7040147244559687,0.7101853756232851
Metro,Route_6,Station_2,Station_18,Snow,Unknown / Missing Event,Summer,Tuesday,23.1,31,57,17.9,54,0,0,50000,10.819798284210286,1,2023,1,10,1,0,1,4,2,4,45,242,285,43,0.8703556959398997,0.4924235601034671
Metro,Route_11,Station_8,Station_18,Clear,Unknown / Missing Event,Autumn,Sunday,16.2,67,31,8.8,99,1,0,0,0.0,0,2023,1,8,6,1,1,7,4,7,55,424,475,51,0.9612616959383189,-0.27563735581699905
Bus,Route_15,Station_23,Station_14,Storm,Unknown / Missing Event,Spring,Sunday,19.2,98,1,14.0,28,0,0,50000,10.819798284210286,1,2023,1,22,6,1,1,0,46,1,35,46,95,49,0.19936793441719716,0.9799247046208296
Bus,Route_18,Station_29,Station_31,Storm,Parade,Spring,Tuesday,-2.5,87,9,2.1,51,0,1,0,0.0,0,2023,1,3,1,0,1,7,47,8,42,467,522,55,0.8929789434111371,-0.4500984410374348
Metro,Route_16,Station_15,Station_48,Storm,Unknown / Missing Event,Summer,Saturday,30.1,77,40,10.3,37,0,0,500,6.2166061010848646,1,2023,1,21,5,1,1,12,1,12,55,721,775,54,-0.004363309284746176,-0.9999904807207345
Bus,Route_7,Station_42,Station_45,Rain,Unknown / Missing Event,Autumn,Wednesday,5.1,65,9,8.3,67,0,1,500,6.2166061010848646,1,2023,1,4,2,0,1,23,15,23,42,1395,1422,27,-0.19509032201612872,0.9807852804032303
Train,Route_10,Station_7,Station_16,Storm,Unknown / Missing Event,Autumn,Saturday,27.1,85,4,17.7,28,0,0,2000,7.601402334583733,1,2023,1,21,5,1,1,18,30,19,6,1110,1146,36,-0.9914448613738104,0.13052619222005213
Bus,Route_10,Station_2,Station_34,Rain,Festival,Spring,Saturday,9.8,32,6,15.1,89,0,1,0,0.0,0,2023,1,14,5,1,1,1,2,1,28,62,88,26,0.26723837607825685,0.963630453208623
Bus,Route_12,Station_40,Station_25,Storm,Unknown / Missing Event,Autumn,Thursday,23.0,98,19,18.3,76,0,0,0,0.0,0,2023,1,12,3,0,1,8,15,9,3,495,543,48,0.8314696123025451,-0.5555702330196023
Metro,Route_17,Station_1,Station_34,Snow,Concert,Autumn,Wednesday,17.4,56,33,2.7,88,0,1,0,0.0,0,2023,1,4,2,0,1,17,47,18,14,1067,1094,27,-0.9983916705573488,-0.056692787563377714
Metro,Route_3,Station_42,Station_28,Clear,Unknown / Missing Event,Winter,Wednesday,2.6,84,20,7.4,10,0,0,50000,10.819798284210286,1,2023,1,11,2,0,1,0,30,1,1,30,61,31,0.13052619222005157,0.9914448613738104
Bus,Route_13,Station_1,Station_44,Cloudy,Unknown / Missing Event,Winter,Monday,31.5,36,25,11.6,93,0,0,0,0.0,0,2023,1,9,0,0,1,5,45,6,17,345,377,32,0.9978589232386035,0.06540312923014305
Train,Route_15,Station_5,Station_9,Cloudy,Unknown / Missing Event,Summer,Saturday,6.1,87,38,2.1,71,0,0,0,0.0,0,2023,1,21,5,1,1,21,18,21,40,1278,1300,22,-0.6494480483301841,0.7604059656000305
Bus,Route_8,Station_15,Station_42,Clear,Sports,Winter,Thursday,31.7,94,55,12.9,37,0,1,0,0.0,0,2023,1,12,3,0,1,11,15,12,9,675,729,54,0.19509032201612816,-0.9807852804032304
Metro,Route_14,Station_26,Station_10,Snow,Sports,Winter,Wednesday,24.2,80,29,19.9,54,0,0,50000,10.819798284210286,1,2023,1,4,2,0,1,10,3,10,56,603,656,53,0.48862124149695485,-0.8724960070727972
Train,Route_16,Station_11,Station_49,Clear,Festival,Summer,Saturday,23.8,70,13,11.0,38,0,0,0,0.0,0,2023,1,14,5,1,1,7,2,7,55,422,475,53,0.963630453208623,-0.26723837607825685
Tram,Route_8,Station_16,Station_12,Cloudy,Unknown / Missing Event,Winter,Thursday,4.0,67,7,3.1,95,0,1,0,0.0,0,2023,1,12,3,0,1,4,4,4,59,244,299,55,0.8746197071393957,0.4848096202463371
Metro,Route_4,Station_24,Station_27,Storm,Unknown / Missing Event,Summer,Monday,1.1,50,14,2.8,48,0,0,10000,9.210440366976517,1,2023,1,2,0,0,1,7,48,8,10,468,490,22,0.8910065241883679,-0.45399049973954675
Train,Route_11,Station_5,Station_8,Snow,Festival,Winter,Friday,7.6,58,46,7.1,17,0,1,0,0.0,0,2023,1,20,4,0,1,23,1,23,58,1381,1438,57,-0.2546019482055278,0.9670459389139431
Metro,Route_14,Station_10,Station_37,Storm,Unknown / Missing Event,Autumn,Saturday,-1.9,95,37,5.5,86,0,0,0,0.0,0,2023,1,21,5,1,1,20,17,20,58,1217,1258,41,-0.8265897491271886,0.5628049276950685
Train,Route_12,Station_11,Station_36,Cloudy,Sports,Summer,Saturday,17.3,32,50,11.0,72,1,1,0,0.0,0,2023,1,7,5,1,1,21,17,21,48,1277,1308,31,-0.6527597524627228,0.7575649843840493
Bus,Route_3,Station_8,Station_11,Snow,Unknown / Missing Event,Winter,Tuesday,29.9,66,48,1.6,89,1,0,500,6.2166061010848646,1,2023,1,10,1,0,1,0,3,0,48,3,48,45,0.01308959557134444,0.999914327574007
Tram,Route_3,Station_50,Station_2,Storm,Unknown / Missing Event,Summer,Tuesday,0.6,51,30,8.7,79,0,0,0,0.0,0,2023,1,3,1,0,1,11,48,12,43,708,763,55,0.05233595624294381,-0.9986295347545738
Metro,Route_20,Station_20,Station_47,Snow,Unknown / Missing Event,Summer,Monday,9.9,49,42,18.1,84,0,0,0,0.0,0,2023,1,9,0,0,1,14,31,15,13,871,913,42,-0.6122172800344491,-0.7906895737438435
Bus,Route_9,Station_45,Station_38,Snow,Unknown / Missing Event,Autumn,Monday,1.4,46,12,3.0,79,0,1,50000,10.819798284210286,1,2023,1,9,0,0,1,4,4,4,27,244,267,23,0.8746197071393957,0.4848096202463371
Bus,Route_17,Station_36,Station_32,Storm,Unknown / Missing Event,Spring,Thursday,19.7,67,26,9.8,27,1,1,2000,7.601402334583733,1,2023,1,19,3,0,1,0,46,1,30,46,90,44,0.19936793441719716,0.9799247046208296
Bus,Route_8,Station_16,Station_37,Fog,Protest,Winter,Thursday,25.1,51,53,2.3,95,0,0,0,0.0,0,2023,1,19,3,0,1,4,48,5,14,288,314,26,0.9510565162951535,0.30901699437494745
Train,Route_13,Station_50,Station_4,Rain,Concert,Spring,Tuesday,3.4,94,40,12.9,51,0,1,0,0.0,0,2023,1,17,1,0,1,16,19,16,54,979,1014,35,-0.9044551454543679,-0.4265687399014586
Bus,Route_7,Station_36,Station_49,Clear,Unknown / Missing Event,Summer,Monday,27.6,77,59,15.6,0,0,1,50000,10.819798284210286,1,2023,1,9,0,0,1,5,16,5,37,316,337,21,0.981627183447664,0.19080899537654492
Train,Route_19,Station_35,Station_41,Cloudy,Unknown / Missing Event,Summer,Wednesday,1.0,32,39,16.7,41,0,0,0,0.0,0,2023,1,18,2,0,1,7,48,8,37,468,517,49,0.8910065241883679,-0.45399049973954675
Bus,Route_9,Station_39,Station_36,Rain,Unknown / Missing Event,Summer,Tuesday,28.5,93,35,10.9,77,0,0,10000,9.210440366976517,1,2023,1,17,1,0,1,1,33,2,2,93,122,29,0.3947438563842672,0.9187912101488983
Metro,Route_5,Station_28,Station_32,Cloudy,Protest,Autumn,Tuesday,25.1,35,2,7.4,94,1,0,0,0.0,0,2023,1,17,1,0,1,8,16,8,38,496,518,22,0.8290375725550417,-0.5591929034707467
Metro,Route_17,Station_48,Station_15,Fog,Festival,Autumn,Monday,5.5,79,33,9.2,88,0,1,2000,7.601402334583733,1,2023,1,16,0,0,1,14,17,14,50,857,890,33,-0.5628049276950682,-0.8265897491271889
Bus,Route_3,Station_20,Station_39,Fog,Unknown / Missing Event,Spring,Sunday,7.5,76,44,15.3,30,0,1,0,0.0,0,2023,1,8,6,1,1,18,3,18,46,1083,1126,43,-0.999914327574007,0.01308959557134433
Train,Route_17,Station_22,Station_46,Storm,Unknown / Missing Event,Winter,Friday,0.3,48,30,7.2,40,0,0,0,0.0,0,2023,1,20,4,0,1,15,33,16,20,933,980,47,-0.8012538126910606,-0.5983246005706593
Train,Route_18,Station_32,Station_25,Clear,Unknown / Missing Event,Winter,Saturday,-3.4,55,17,7.3,68,1,0,50000,10.819798284210286,1,2023,1,14,5,1,1,10,18,10,41,618,641,23,0.4305110968082951,-0.9025852843498606
Tram,Route_13,Station_11,Station_20,Storm,Concert,Autumn,Tuesday,9.1,48,6,16.7,8,0,1,0,0.0,0,2023,1,3,1,0,1,4,30,5,19,270,319,49,0.9238795325112867,0.38268343236508984
Metro,Route_12,Station_20,Station_20,Rain,Unknown / Missing Event,Winter,Tuesday,-1.7,68,22,1.9,52,0,0,500,6.2166061010848646,1,2023,1,17,1,0,1,16,46,17,33,1006,1053,47,-0.9483236552061992,-0.31730465640509264
Tram,Route_10,Station_3,Station_42,Clear,Parade,Spring,Tuesday,32.8,84,43,6.1,92,1,0,0,0.0,0,2023,1,3,1,0,1,7,3,7,23,423,443,20,0.9624552364536473,-0.2714404498650742
Bus,Route_18,Station_33,Station_13,Fog,Unknown / Missing Event,Autumn,Wednesday,25.5,84,49,3.3,94,0,0,0,0.0,0,2023,1,18,2,0,1,13,49,14,17,829,857,28,-0.4578739151169568,-0.8890171414857364
Tram,Route_14,Station_23,Station_34,Snow,Concert,Spring,Saturday,29.7,72,26,4.2,37,0,0,10000,9.210440366976517,1,2023,1,21,5,1,1,22,49,23,42,1369,1422,53,-0.30486429902801043,0.9523957996432785
Metro,Route_4,Station_49,Station_9,Clear,Unknown / Missing Event,Winter,Tuesday,33.1,52,43,4.4,23,0,1,0,0.0,0,2023,1,10,1,0,1,20,46,21,30,1246,1290,44,-0.7489557207890021,0.6626200482157375
Metro,Route_6,Station_49,Station_22,Clear,Concert,Summer,Monday,15.4,53,12,15.2,71,0,0,0,0.0,0,2023,1,9,0,0,1,4,46,5,43,286,343,57,0.9483236552061993,0.3173046564050921
Bus,Route_6,Station_1,Station_33,Rain,Unknown / Missing Event,Summer,Friday,11.7,68,34,13.9,66,0,0,2000,7.601402334583733,1,2023,1,20,4,0,1,13,46,14,37,826,877,51,-0.44619781310980877,-0.8949343616020251
Bus,Route_12,Station_37,Station_7,Snow,Unknown / Missing Event,Winter,Monday,24.1,34,17,0.1,46,0,0,50000,10.819798284210286,1,2023,1,16,0,0,1,2,30,3,18,150,198,48,0.6087614290087207,0.7933533402912352
Bus,Route_12,Station_22,Station_13,Snow,Festival,Autumn,Thursday,17.4,79,54,17.2,43,0,0,50000,10.819798284210286,1,2023,1,12,3,0,1,3,49,4,9,229,249,20,0.8410390129643924,0.540974471367994
Train,Route_4,Station_27,Station_29,Fog,Unknown / Missing Event,Winter,Saturday,14.7,36,53,15.0,31,0,0,0,0.0,0,2023,1,14,5,1,1,5,3,5,51,303,351,48,0.9692309097067544,0.24615329302899316
Train,Route_2,Station_25,Station_23,Rain,Concert,Winter,Monday,0.6,39,6,14.9,46,0,1,0,0.0,0,2023,1,9,0,0,1,10,34,11,3,634,663,29,0.36650122672429714,-0.9304175679820246
Train,Route_10,Station_28,Station_46,Storm,Unknown / Missing Event,Winter,Monday,15.0,59,46,14.7,5,0,0,0,0.0,0,2023,1,2,0,0,1,9,19,9,53,559,593,34,0.6461239796429638,-0.7632324697825289
Metro,Route_13,Station_45,Station_4,Snow,Festival,Spring,Monday,27.9,47,0,1.2,2,0,1,0,0.0,0,2023,1,2,0,0,1,6,47,7,34,407,454,47,0.9790454724845838,-0.20364175114017755
Tram,Route_17,Station_26,Station_19,Clear,Unknown / Missing Event,Winter,Tuesday,4.4,50,32,19.3,41,0,0,0,0.0,0,2023,1,3,1,0,1,10,18,10,46,618,646,28,0.4305110968082951,-0.9025852843498606
Bus,Route_4,Station_36,Station_37,Fog,Festival,Summer,Monday,29.0,38,9,7.8,25,0,0,0,0.0,0,2023,1,2,0,0,1,15,47,16,39,947,999,52,-0.8362861558477592,-0.5482932295199142
Tram,Route_2,Station_10,Station_14,Rain,Festival,Summer,Monday,31.4,40,47,16.0,2,0,0,10000,9.210440366976517,1,2023,1,16,0,0,1,1,45,2,27,105,147,42,0.4422886902190013,0.8968727415326883
Bus,Route_9,Station_35,Station_33,Cloudy,Unknown / Missing Event,Winter,Saturday,22.9,64,0,11.0,98,0,0,50000,10.819798284210286,1,2023,1,7,5,1,1,8,34,9,7,514,547,33,0.782608156852414,-0.6225146366376194
Bus,Route_10,Station_20,Station_41,Storm,Unknown / Missing Event,Autumn,Sunday,29.1,72,10,7.2,72,0,1,10000,9.210440366976517,1,2023,1,15,6,1,1,12,47,13,6,767,786,19,-0.20364175114017746,-0.9790454724845838
Train,Route_17,Station_42,Station_14,Snow,Parade,Spring,Sunday,23.1,46,58,5.0,49,0,0,2000,7.601402334583733,1,2023,1,1,6,1,1,22,15,22,37,1335,1357,22,-0.4422886902190014,0.8968727415326883
Tram,Route_13,Station_23,Station_2,Cloudy,Unknown / Missing Event,Autumn,Wednesday,32.4,71,22,16.3,78,0,0,0,0.0,0,2023,1,11,2,0,1,3,46,4,13,226,253,27,0.8338858220671681,0.5519369853120583
Metro,Route_10,Station_39,Station_14,Clear,Unknown / Missing Event,Summer,Thursday,18.2,95,59,0.6,62,0,1,0,0.0,0,2023,1,5,3,0,1,7,17,8,2,437,482,45,0.9440890203927843,-0.3296906452627872
Metro,Route_20,Station_8,Station_42,Rain,Sports,Autumn,Sunday,20.0,50,47,9.9,51,0,0,0,0.0,0,2023,1,15,6,1,1,13,2,13,32,782,812,30,-0.2672383760782568,-0.9636304532086231
Metro,Route_9,Station_19,Station_38,Fog,Unknown / Missing Event,Winter,Saturday,30.4,78,21,18.1,28,0,0,0,0.0,0,2023,1,7,5,1,1,8,0,8,28,480,508,28,0.8660254037844387,-0.4999999999999998
Tram,Route_13,Station_12,Station_38,Fog,Unknown / Missing Event,Autumn,Tuesday,12.3,91,52,14.6,71,0,1,50000,10.819798284210286,1,2023,1,3,1,0,1,1,49,2,32,109,152,43,0.4578739151169567,0.8890171414857364
Bus,Route_7,Station_34,Station_24,Rain,Festival,Spring,Saturday,6.5,88,20,12.5,61,1,1,50000,10.819798284210286,1,2023,1,14,5,1,1,17,16,17,56,1036,1076,40,-0.9816271834476639,-0.19080899537654547
Bus,Route_15,Station_19,Station_37,Clear,Sports,Winter,Saturday,25.8,38,52,17.0,8,0,0,0,0.0,0,2023,1,21,5,1,1,4,48,5,5,288,305,17,0.9510565162951535,0.30901699437494745
Bus,Route_6,Station_24,Station_14,Fog,Unknown / Missing Event,Autumn,Monday,6.1,55,14,15.4,66,0,1,0,0.0,0,2023,1,2,0,0,1,14,46,15,20,886,920,34,-0.6626200482157372,-0.7489557207890024
Tram,Route_11,Station_10,Station_11,Storm,Unknown / Missing Event,Summer,Friday,26.6,83,12,6.0,78,1,1,10000,9.210440366976517,1,2023,1,6,4,0,1,18,34,19,20,1114,1160,46,-0.9890158633619168,0.14780941112961096
Metro,Route_7,Station_28,Station_16,Rain,Unknown / Missing Event,Autumn,Tuesday,4.1,80,40,16.4,26,0,0,0,0.0,0,2023,1,3,1,0,1,12,47,13,23,767,803,36,-0.20364175114017746,-0.9790454724845838
Tram,Route_9,Station_7,Station_48,Storm,Concert,Summer,Saturday,-0.9,94,10,5.9,24,0,0,2000,7.601402334583733,1,2023,1,7,5,1,1,18,18,18,43,1098,1123,25,-0.9969173337331281,0.07845909572784432
Train,Route_4,Station_26,Station_30,Fog,Unknown / Missing Event,Spring,Thursday,-0.3,68,23,16.1,92,0,1,50000,10.819798284210286,1,2023,1,12,3,0,1,2,1,2,37,121,157,36,0.5037739770455263,0.8638355052043957
Bus,Route_13,Station_28,Station_23,Storm,Unknown / Missing Event,Winter,Saturday,25.6,87,7,19.6,65,0,0,0,0.0,0,2023,1,21,5,1,1,14,31,15,6,871,906,35,-0.6122172800344491,-0.7906895737438435
